Entity,Code,Year,"GDP, PPP (constant 2021 international $)"
Afghanistan,AFG,2000,32567375969
Afghanistan,AFG,2001,29495629513
Afghanistan,AFG,2002,37931379899
Afghanistan,AFG,2003,41281584746
Afghanistan,AFG,2004,41865355064
Afghanistan,AFG,2005,46566715049
Afghanistan,AFG,2006,49061481753
Afghanistan,AFG,2007,55844878995
Afghanistan,AFG,2008,58036781460
Afghanistan,AFG,2009,70451155676
Afghanistan,AFG,2010,80569661676
Afghanistan,AFG,2011,80913174277
Afghanistan,AFG,2012,91231454557
Afghanistan,AFG,2013,96341095375
Afghanistan,AFG,2014,98965950294
Afghanistan,AFG,2015,100402257640
Afghanistan,AFG,2016,102671664129
Afghanistan,AFG,2017,105389386367
Afghanistan,AFG,2018,106642706595
Afghanistan,AFG,2019,110814146350
Afghanistan,AFG,2020,108208794210
Afghanistan,AFG,2021,85767546197
Afghanistan,AFG,2022,80415503801
Afghanistan,AFG,2023,82238478027
Albania,ALB,1990,18274942062
Albania,ALB,1991,13157566898
Albania,ALB,1992,12211917972
Albania,ALB,1993,13379305484
Albania,ALB,1994,14490171370
Albania,ALB,1995,16420600300
Albania,ALB,1996,17625269553
Albania,ALB,1997,15561073193
Albania,ALB,1998,16854202298
Albania,ALB,1999,18918964811
Albania,ALB,2000,20330860426
Albania,ALB,2001,22132933135
Albania,ALB,2002,23157332899
Albania,ALB,2003,24392374658
Albania,ALB,2004,25676940952
Albania,ALB,2005,26994379069
Albania,ALB,2006,28619165681
Albania,ALB,2007,30479437955
Albania,ALB,2008,32584671726
Albania,ALB,2009,33461444277
Albania,ALB,2010,34456304689
Albania,ALB,2011,35305141557
Albania,ALB,2012,35652590004
Albania,ALB,2013,36261261117
Albania,ALB,2014,37073595662
Albania,ALB,2015,37899485663
Albania,ALB,2016,39380952118
Albania,ALB,2017,40673898060
Albania,ALB,2018,42167207396
Albania,ALB,2019,43036938897
Albania,ALB,2020,41610799594
Albania,ALB,2021,45343111967
Albania,ALB,2022,47531686192
Albania,ALB,2023,49402826580
Albania,ALB,2024,51360027803
Algeria,DZA,1990,297621347987
Algeria,DZA,1991,294049890066
Algeria,DZA,1992,299342794857
Algeria,DZA,1993,293056593899
Algeria,DZA,1994,290419094656
Algeria,DZA,1995,301455005124
Algeria,DZA,1996,313814655727
Algeria,DZA,1997,317266616742
Algeria,DZA,1998,333447225652
Algeria,DZA,1999,344117542052
Algeria,DZA,2000,357194008656
Algeria,DZA,2001,367909828911
Algeria,DZA,2002,387776959672
Algeria,DZA,2003,412982462053
Algeria,DZA,2004,431566672844
Algeria,DZA,2005,454871273177
Algeria,DZA,2006,468062540094
Algeria,DZA,2007,482572478843
Algeria,DZA,2008,494636790811
Algeria,DZA,2009,500572432299
Algeria,DZA,2010,524599909054
Algeria,DZA,2011,540337906323
Algeria,DZA,2012,553306016077
Algeria,DZA,2013,567691972498
Algeria,DZA,2014,590967343363
Algeria,DZA,2015,609878298356
Algeria,DZA,2016,633663551993
Algeria,DZA,2017,643168505266
Algeria,DZA,2018,652172864345
Algeria,DZA,2019,658042420119
Algeria,DZA,2020,625140299119
Algeria,DZA,2021,648895630480
Algeria,DZA,2022,672255873183
Algeria,DZA,2023,699818363984
Algeria,DZA,2024,722912369991
Andorra,AND,1990,2631759311
Andorra,AND,1991,2698763996
Andorra,AND,1992,2723841290
Andorra,AND,1993,2695745293
Andorra,AND,1994,2759989816
Andorra,AND,1995,2836096580
Andorra,AND,1996,2967967659
Andorra,AND,1997,3237093233
Andorra,AND,1998,3340511674
Andorra,AND,1999,3477441884
Andorra,AND,2000,3600138634
Andorra,AND,2001,3892446768
Andorra,AND,2002,4069411497
Andorra,AND,2003,4423214423
Andorra,AND,2004,4783072832
Andorra,AND,2005,5041253346
Andorra,AND,2006,5283671526
Andorra,AND,2007,5365736885
Andorra,AND,2008,5067445572
Andorra,AND,2009,4798726709
Andorra,AND,2010,4703953872
Andorra,AND,2011,4703574275
Andorra,AND,2012,4469597620
Andorra,AND,2013,4311034330
Andorra,AND,2014,4419002699
Andorra,AND,2015,4482377402
Andorra,AND,2016,4648659173
Andorra,AND,2017,4664746876
Andorra,AND,2018,4738858764
Andorra,AND,2019,4834372720
Andorra,AND,2020,4293699379
Andorra,AND,2021,4649508748
Andorra,AND,2022,5094216232
Andorra,AND,2023,5225828100
Andorra,AND,2024,5402033635
Angola,AGO,1990,85939173894
Angola,AGO,1991,86791139889
Angola,AGO,1992,81724029491
Angola,AGO,1993,62123814347
Angola,AGO,1994,62955878002
Angola,AGO,1995,72399259721
Angola,AGO,1996,82205283157
Angola,AGO,1997,88185123454
Angola,AGO,1998,92322016743
Angola,AGO,1999,94336012046
Angola,AGO,2000,97217622732
Angola,AGO,2001,101306594541
Angola,AGO,2002,115150838445
Angola,AGO,2003,118593848514
Angola,AGO,2004,131579874934
Angola,AGO,2005,151356330124
Angola,AGO,2006,168837986250
Angola,AGO,2007,192492188138
Angola,AGO,2008,213993565542
Angola,AGO,2009,215833910210
Angola,AGO,2010,225327096983
Angola,AGO,2011,233150573548
Angola,AGO,2012,253066545188
Angola,AGO,2013,265605013213
Angola,AGO,2014,278413972399
Angola,AGO,2015,281041007465
Angola,AGO,2016,273790009952
Angola,AGO,2017,273386955626
Angola,AGO,2018,269788194480
Angola,AGO,2019,267893544947
Angola,AGO,2020,252789131669
Angola,AGO,2021,255820605533
Angola,AGO,2022,263609643364
Angola,AGO,2023,266451617663
Angola,AGO,2024,278239182845
Antigua and Barbuda,ATG,1990,1329089237
Antigua and Barbuda,ATG,1991,1358021545
Antigua and Barbuda,ATG,1992,1373754914
Antigua and Barbuda,ATG,1993,1446287619
Antigua and Barbuda,ATG,1994,1542847660
Antigua and Barbuda,ATG,1995,1475582825
Antigua and Barbuda,ATG,1996,1573044257
Antigua and Barbuda,ATG,1997,1659109532
Antigua and Barbuda,ATG,1998,1737606636
Antigua and Barbuda,ATG,1999,1802032675
Antigua and Barbuda,ATG,2000,1913822712
Antigua and Barbuda,ATG,2001,1826779954
Antigua and Barbuda,ATG,2002,1845545274
Antigua and Barbuda,ATG,2003,1957692355
Antigua and Barbuda,ATG,2004,2070594497
Antigua and Barbuda,ATG,2005,2204638354
Antigua and Barbuda,ATG,2006,2484807048
Antigua and Barbuda,ATG,2007,2716271365
Antigua and Barbuda,ATG,2008,2715890908
Antigua and Barbuda,ATG,2009,2390992152
Antigua and Barbuda,ATG,2010,2203526249
Antigua and Barbuda,ATG,2011,2160364841
Antigua and Barbuda,ATG,2012,2233237030
Antigua and Barbuda,ATG,2013,2219815671
Antigua and Barbuda,ATG,2014,2268613698
Antigua and Barbuda,ATG,2015,2300864764
Antigua and Barbuda,ATG,2016,2395668849
Antigua and Barbuda,ATG,2017,2460656794
Antigua and Barbuda,ATG,2018,2625816198
Antigua and Barbuda,ATG,2019,2709112916
Antigua and Barbuda,ATG,2020,2197936454
Antigua and Barbuda,ATG,2021,2377570792
Antigua and Barbuda,ATG,2022,2594115333
Antigua and Barbuda,ATG,2023,2657083928
Antigua and Barbuda,ATG,2024,2772069805
Argentina,ARG,1990,557088925124
Argentina,ARG,1991,607968472614
Argentina,ARG,1992,656224702857
Argentina,ARG,1993,710080926887
Argentina,ARG,1994,751522674939
Argentina,ARG,1995,730140279566
Argentina,ARG,1996,770492868120
Argentina,ARG,1997,832987905019
Argentina,ARG,1998,865059429174
Argentina,ARG,1999,835773213823
Argentina,ARG,2000,829178972033
Argentina,ARG,2001,792621800475
Argentina,ARG,2002,706269738674
Argentina,ARG,2003,768683083609
Argentina,ARG,2004,838091886093
Argentina,ARG,2005,912276929668
Argentina,ARG,2006,985689236302
Argentina,ARG,2007,1074476681421
Argentina,ARG,2008,1118070705029
Argentina,ARG,2009,1051897409980
Argentina,ARG,2010,1158406210935
Argentina,ARG,2011,1227956360246
Argentina,ARG,2012,1215352364993
Argentina,ARG,2013,1244585524448
Argentina,ARG,2014,1213313877880
Argentina,ARG,2015,1246451419104
Argentina,ARG,2016,1220521143173
Argentina,ARG,2017,1254921567938
Argentina,ARG,2018,1222075295207
Argentina,ARG,2019,1197623267200
Argentina,ARG,2020,1079052757506
Argentina,ARG,2021,1191725417699
Argentina,ARG,2022,1254527913254
Argentina,ARG,2023,1234317448237
Argentina,ARG,2024,1213098233451
Armenia,ARM,1990,21801542439
Armenia,ARM,1991,19250762304
Armenia,ARM,1992,11203943132
Armenia,ARM,1993,10217996272
Armenia,ARM,1994,10769768354
Armenia,ARM,1995,11512882201
Armenia,ARM,1996,12188158880
Armenia,ARM,1997,12592937350
Armenia,ARM,1998,13512221775
Armenia,ARM,1999,13958125094
Armenia,ARM,2000,14781654475
Armenia,ARM,2001,16200693304
Armenia,ARM,2002,18339184820
Armenia,ARM,2003,20906670695
Armenia,ARM,2004,23101871118
Armenia,ARM,2005,26313031204
Armenia,ARM,2006,29786351322
Armenia,ARM,2007,33867081454
Armenia,ARM,2008,36203910075
Armenia,ARM,2009,31099158754
Armenia,ARM,2010,31783340246
Armenia,ARM,2011,33277157238
Armenia,ARM,2012,35673112559
Armenia,ARM,2013,36850325274
Armenia,ARM,2014,38176936984
Armenia,ARM,2015,39398598967
Armenia,ARM,2016,39477396165
Armenia,ARM,2017,42438200878
Armenia,ARM,2018,44644987323
Armenia,ARM,2019,48038006359
Armenia,ARM,2020,44579269902
Armenia,ARM,2021,47164867556
Armenia,ARM,2022,53107640868
Armenia,ARM,2023,57515575060
Armenia,ARM,2024,60908993989
Aruba,ABW,1990,2169949832
Aruba,ABW,1991,2342740154
Aruba,ABW,1992,2480548422
Aruba,ABW,1993,2661819292
Aruba,ABW,1994,2880192319
Aruba,ABW,1995,2953554956
Aruba,ABW,1996,2988577871
Aruba,ABW,1997,3199179218
Aruba,ABW,1998,3262906371
Aruba,ABW,1999,3303302517
Aruba,ABW,2000,3555110646
Aruba,ABW,2001,3703785432
Aruba,ABW,2002,3668786382
Aruba,ABW,2003,3709528424
Aruba,ABW,2004,3980091340
Aruba,ABW,2005,3964842110
Aruba,ABW,2006,4009542195
Aruba,ABW,2007,4133418781
Aruba,ABW,2008,4209298230
Aruba,ABW,2009,3717747269
Aruba,ABW,2010,3616124254
Aruba,ABW,2011,3737960057
Aruba,ABW,2012,3699055373
Aruba,ABW,2013,3936959476
Aruba,ABW,2014,3874496655
Aruba,ABW,2015,3850334291
Aruba,ABW,2016,3916545601
Aruba,ABW,2017,4192604625
Aruba,ABW,2018,4293104972
Aruba,ABW,2019,4197263892
Aruba,ABW,2020,3097084627
Aruba,ABW,2021,3844492519
Aruba,ABW,2022,4171963243
Aruba,ABW,2023,4349844050
Australia,AUS,1990,617847648621
Australia,AUS,1991,615485862957
Australia,AUS,1992,618121924554
Australia,AUS,1993,643135638571
Australia,AUS,1994,668734934843
Australia,AUS,1995,694721481116
Australia,AUS,1996,721564747408
Australia,AUS,1997,749801360543
Australia,AUS,1998,784766207088
Australia,AUS,1999,824221772852
Australia,AUS,2000,856543653829
Australia,AUS,2001,873889566768
Australia,AUS,2002,908666750833
Australia,AUS,2003,936751476610
Australia,AUS,2004,976322526977
Australia,AUS,2005,1007117375129
Australia,AUS,2006,1034866944503
Australia,AUS,2007,1073915803621
Australia,AUS,2008,1112429291182
Australia,AUS,2009,1133482636467
Australia,AUS,2010,1158645727308
Australia,AUS,2011,1186535259000
Australia,AUS,2012,1233008397315
Australia,AUS,2013,1265093660382
Australia,AUS,2014,1297926435201
Australia,AUS,2015,1326353221353
Australia,AUS,2016,1362952426087
Australia,AUS,2017,1394022177805
Australia,AUS,2018,1434148684009
Australia,AUS,2019,1465291868872
Australia,AUS,2020,1463539515544
Australia,AUS,2021,1494437295625
Australia,AUS,2022,1557837087559
Australia,AUS,2023,1611457718603
Australia,AUS,2024,1634519491771
Austria,AUT,1990,332534700946
Austria,AUT,1991,343979306621
Austria,AUT,1992,351180597427
Austria,AUT,1993,353030651123
Austria,AUT,1994,361510865466
Austria,AUT,1995,371155917113
Austria,AUT,1996,379379867929
Austria,AUT,1997,387520734127
Austria,AUT,1998,401056368460
Austria,AUT,1999,416143805650
Austria,AUT,2000,429416807753
Austria,AUT,2001,435072173415
Austria,AUT,2002,441530248911
Austria,AUT,2003,446570603897
Austria,AUT,2004,458026280164
Austria,AUT,2005,468654162313
Austria,AUT,2006,483976041628
Austria,AUT,2007,502247224632
Austria,AUT,2008,509546411781
Austria,AUT,2009,491272728555
Austria,AUT,2010,500159765900
Austria,AUT,2011,514801783004
Austria,AUT,2012,518036005847
Austria,AUT,2013,516737152698
Austria,AUT,2014,520642646157
Austria,AUT,2015,527429344454
Austria,AUT,2016,538596182148
Austria,AUT,2017,550834433468
Austria,AUT,2018,564518378915
Austria,AUT,2019,574425542090
Austria,AUT,2020,538131871027
Austria,AUT,2021,563937063927
Austria,AUT,2022,593701067125
Austria,AUT,2023,588031444397
Austria,AUT,2024,581130657036
Azerbaijan,AZE,1990,77320440961
Azerbaijan,AZE,1991,76779197739
Azerbaijan,AZE,1992,59427098799
Azerbaijan,AZE,1993,45699439738
Azerbaijan,AZE,1994,36696649543
Azerbaijan,AZE,1995,32366445224
Azerbaijan,AZE,1996,32787208819
Azerbaijan,AZE,1997,34688866979
Azerbaijan,AZE,1998,38157753542
Azerbaijan,AZE,1999,40981427800
Azerbaijan,AZE,2000,45530365935
Azerbaijan,AZE,2001,50037872022
Azerbaijan,AZE,2002,54760904902
Azerbaijan,AZE,2003,60351062363
Azerbaijan,AZE,2004,65935829772
Azerbaijan,AZE,2005,84372501915
Azerbaijan,AZE,2006,113452505071
Azerbaijan,AZE,2007,142341161388
Azerbaijan,AZE,2008,157417136241
Azerbaijan,AZE,2009,172166339204
Azerbaijan,AZE,2010,180411097171
Azerbaijan,AZE,2011,177573234904
Azerbaijan,AZE,2012,181485064990
Azerbaijan,AZE,2013,192089991884
Azerbaijan,AZE,2014,197463873517
Azerbaijan,AZE,2015,199536348430
Azerbaijan,AZE,2016,193423355945
Azerbaijan,AZE,2017,193720482550
Azerbaijan,AZE,2018,196627067977
Azerbaijan,AZE,2019,201503043576
Azerbaijan,AZE,2020,193042009781
Azerbaijan,AZE,2021,203884098954
Azerbaijan,AZE,2022,213496582562
Azerbaijan,AZE,2023,216388345347
Azerbaijan,AZE,2024,225198384995
Bahamas,BHS,1990,9126074162
Bahamas,BHS,1991,8744441360
Bahamas,BHS,1992,8409915559
Bahamas,BHS,1993,8435801834
Bahamas,BHS,1994,8701438145
Bahamas,BHS,1995,9082452545
Bahamas,BHS,1996,9466052686
Bahamas,BHS,1997,9587952083
Bahamas,BHS,1998,10040196468
Bahamas,BHS,1999,10757478536
Bahamas,BHS,2000,11203743853
Bahamas,BHS,2001,11497955268
Bahamas,BHS,2002,11808969927
Bahamas,BHS,2003,11659596297
Bahamas,BHS,2004,11762477514
Bahamas,BHS,2005,12161941155
Bahamas,BHS,2006,12468007619
Bahamas,BHS,2007,12648307466
Bahamas,BHS,2008,12354405314
Bahamas,BHS,2009,11838556008
Bahamas,BHS,2010,12020711429
Bahamas,BHS,2011,12094418913
Bahamas,BHS,2012,12641101658
Bahamas,BHS,2013,12279151518
Bahamas,BHS,2014,12505985014
Bahamas,BHS,2015,12630638288
Bahamas,BHS,2016,12484594380
Bahamas,BHS,2017,12905479581
Bahamas,BHS,2018,13215020091
Bahamas,BHS,2019,13104139293
Bahamas,BHS,2020,10471575966
Bahamas,BHS,2021,12313201284
Bahamas,BHS,2022,13652564214
Bahamas,BHS,2023,14068800174
Bahamas,BHS,2024,14544115517
Bahrain,BHR,1990,21547623542
Bahrain,BHR,1991,23967421295
Bahrain,BHR,1992,25570841331
Bahrain,BHR,1993,28861810335
Bahrain,BHR,1994,28789655410
Bahrain,BHR,1995,29921086678
Bahrain,BHR,1996,31150845231
Bahrain,BHR,1997,32114340635
Bahrain,BHR,1998,33652618705
Bahrain,BHR,1999,35099680719
Bahrain,BHR,2000,36959988157
Bahrain,BHR,2001,37880642522
Bahrain,BHR,2002,39149095031
Bahrain,BHR,2003,41614094816
Bahrain,BHR,2004,44519158861
Bahrain,BHR,2005,47532659557
Bahrain,BHR,2006,50606596422
Bahrain,BHR,2007,54803887940
Bahrain,BHR,2008,58226396743
Bahrain,BHR,2009,59705280668
Bahrain,BHR,2010,62293086037
Bahrain,BHR,2011,63494195104
Bahrain,BHR,2012,65908897751
Bahrain,BHR,2013,69397206737
Bahrain,BHR,2014,72387433086
Bahrain,BHR,2015,74202817290
Bahrain,BHR,2016,77033649779
Bahrain,BHR,2017,80849769947
Bahrain,BHR,2018,82509283148
Bahrain,BHR,2019,84203097859
Bahrain,BHR,2020,79225547127
Bahrain,BHR,2021,82671890844
Bahrain,BHR,2022,87781147010
Bahrain,BHR,2023,91185401848
Bahrain,BHR,2024,93936691918
Bangladesh,BGD,1990,231057491642
Bangladesh,BGD,1991,239110371611
Bangladesh,BGD,1992,252124397255
Bangladesh,BGD,1993,264003393854
Bangladesh,BGD,1994,274273459684
Bangladesh,BGD,1995,288319765753
Bangladesh,BGD,1996,301360235844
Bangladesh,BGD,1997,314890998518
Bangladesh,BGD,1998,331192990133
Bangladesh,BGD,1999,346660220655
Bangladesh,BGD,2000,365009967807
Bangladesh,BGD,2001,383542574281
Bangladesh,BGD,2002,398244236516
Bangladesh,BGD,2003,417119290521
Bangladesh,BGD,2004,438974393023
Bangladesh,BGD,2005,467665517646
Bangladesh,BGD,2006,498867716635
Bangladesh,BGD,2007,534080790061
Bangladesh,BGD,2008,566199285910
Bangladesh,BGD,2009,594764746496
Bangladesh,BGD,2010,627903778372
Bangladesh,BGD,2011,668493859146
Bangladesh,BGD,2012,712089410611
Bangladesh,BGD,2013,754911659700
Bangladesh,BGD,2014,800667303501
Bangladesh,BGD,2015,853132148522
Bangladesh,BGD,2016,913819518032
Bangladesh,BGD,2017,974042508801
Bangladesh,BGD,2018,1045336699213
Bangladesh,BGD,2019,1127729250889
Bangladesh,BGD,2020,1166613553390
Bangladesh,BGD,2021,1247561124482
Bangladesh,BGD,2022,1336135828193
Bangladesh,BGD,2023,1413299173688
Bangladesh,BGD,2024,1472986459828
Barbados,BRB,1990,4389884980
Barbados,BRB,1991,4218683552
Barbados,BRB,1992,3978534106
Barbados,BRB,1993,4010086597
Barbados,BRB,1994,4090720719
Barbados,BRB,1995,4173107759
Barbados,BRB,1996,4339050404
Barbados,BRB,1997,4544725876
Barbados,BRB,1998,4714174358
Barbados,BRB,1999,4729950628
Barbados,BRB,2000,4940300502
Barbados,BRB,2001,4823439439
Barbados,BRB,2002,4861419299
Barbados,BRB,2003,4967178543
Barbados,BRB,2004,5037295151
Barbados,BRB,2005,5236543205
Barbados,BRB,2006,5554429980
Barbados,BRB,2007,5669916792
Barbados,BRB,2008,5705833481
Barbados,BRB,2009,5419556102
Barbados,BRB,2010,5299366018
Barbados,BRB,2011,5260604624
Barbados,BRB,2012,5244122563
Barbados,BRB,2013,5191136900
Barbados,BRB,2014,5195414681
Barbados,BRB,2015,5151456355
Barbados,BRB,2016,5243766864
Barbados,BRB,2017,5250502273
Barbados,BRB,2018,5188857958
Barbados,BRB,2019,5222719689
Barbados,BRB,2020,4436472511
Barbados,BRB,2021,4425161020
Barbados,BRB,2022,5214293923
Barbados,BRB,2023,5427757736
Barbados,BRB,2024,5634012547
Belarus,BLR,1990,125855114625
Belarus,BLR,1991,124344858655
Belarus,BLR,1992,112407750782
Belarus,BLR,1993,103864759443
Belarus,BLR,1994,91712578582
Belarus,BLR,1995,82174470041
Belarus,BLR,1996,84475358964
Belarus,BLR,1997,94105554456
Belarus,BLR,1998,102010413023
Belarus,BLR,1999,105478766250
Belarus,BLR,2000,111596538139
Belarus,BLR,2001,116869816097
Belarus,BLR,2002,122766211005
Belarus,BLR,2003,131412871570
Belarus,BLR,2004,146459307804
Belarus,BLR,2005,160226484973
Belarus,BLR,2006,176249125007
Belarus,BLR,2007,191406561392
Belarus,BLR,2008,210930029736
Belarus,BLR,2009,211351879702
Belarus,BLR,2010,227731686449
Belarus,BLR,2011,240370737483
Belarus,BLR,2012,244475915301
Belarus,BLR,2013,246917543398
Belarus,BLR,2014,250994459910
Belarus,BLR,2015,241382449970
Belarus,BLR,2016,235284051667
Belarus,BLR,2017,241241875602
Belarus,BLR,2018,248839058943
Belarus,BLR,2019,252438405140
Belarus,BLR,2020,250740143565
Belarus,BLR,2021,256855349956
Belarus,BLR,2022,244890010824
Belarus,BLR,2023,254995495252
Belarus,BLR,2024,265220428356
Belgium,BEL,1990,415225353062
Belgium,BEL,1991,422836742767
Belgium,BEL,1992,429308913461
Belgium,BEL,1993,425179506605
Belgium,BEL,1994,438899927913
Belgium,BEL,1995,449366625758
Belgium,BEL,1996,455304700797
Belgium,BEL,1997,472577466177
Belgium,BEL,1998,481848644045
Belgium,BEL,1999,498919182634
Belgium,BEL,2000,517462537373
Belgium,BEL,2001,523152574188
Belgium,BEL,2002,532082235675
Belgium,BEL,2003,537605010811
Belgium,BEL,2004,556803997081
Belgium,BEL,2005,569731526672
Belgium,BEL,2006,584273017295
Belgium,BEL,2007,605756295746
Belgium,BEL,2008,608463451711
Belgium,BEL,2009,596863454662
Belgium,BEL,2010,613040313529
Belgium,BEL,2011,624879072343
Belgium,BEL,2012,626227583952
Belgium,BEL,2013,628140675086
Belgium,BEL,2014,639230752358
Belgium,BEL,2015,648654064142
Belgium,BEL,2016,656395768106
Belgium,BEL,2017,666074111137
Belgium,BEL,2018,678582772956
Belgium,BEL,2019,695159803963
Belgium,BEL,2020,661840906422
Belgium,BEL,2021,702925341289
Belgium,BEL,2022,732865467283
Belgium,BEL,2023,741672251377
Belgium,BEL,2024,749229139749
Belize,BLZ,1990,1509229599
Belize,BLZ,1991,1687027060
Belize,BLZ,1992,1901803195
Belize,BLZ,1993,2018535873
Belize,BLZ,1994,2018136103
Belize,BLZ,1995,2032927573
Belize,BLZ,1996,2055414604
Belize,BLZ,1997,2142464401
Belize,BLZ,1998,2225816330
Belize,BLZ,1999,2435595347
Belize,BLZ,2000,2733723411
Belize,BLZ,2001,2870244677
Belize,BLZ,2002,3025155337
Belize,BLZ,2003,3317586686
Belize,BLZ,2004,3476195214
Belize,BLZ,2005,3553350717
Belize,BLZ,2006,3713658264
Belize,BLZ,2007,3838186447
Belize,BLZ,2008,3773623681
Belize,BLZ,2009,3758932154
Belize,BLZ,2010,3800808004
Belize,BLZ,2011,3791513364
Belize,BLZ,2012,3933231632
Belize,BLZ,2013,4108430592
Belize,BLZ,2014,4274035085
Belize,BLZ,2015,4396964189
Belize,BLZ,2016,4399362806
Belize,BLZ,2017,4319608802
Belize,BLZ,2018,4367581135
Belize,BLZ,2019,4553973639
Belize,BLZ,2020,3920838780
Belize,BLZ,2021,4616637500
Belize,BLZ,2022,5062280489
Belize,BLZ,2023,5120446944
Belize,BLZ,2024,5537855017
Benin,BEN,1990,11656583104
Benin,BEN,1991,12149166926
Benin,BEN,1992,12508504151
Benin,BEN,1993,13238521979
Benin,BEN,1994,13505993136
Benin,BEN,1995,14322457251
Benin,BEN,1996,14941800983
Benin,BEN,1997,15798666707
Benin,BEN,1998,16424453813
Benin,BEN,1999,17301757698
Benin,BEN,2000,18315245216
Benin,BEN,2001,19292022099
Benin,BEN,2002,20187756640
Benin,BEN,2003,20882937540
Benin,BEN,2004,21807985798
Benin,BEN,2005,22181592483
Benin,BEN,2006,23056376559
Benin,BEN,2007,24436611800
Benin,BEN,2008,25633169334
Benin,BEN,2009,26227677415
Benin,BEN,2010,26782147492
Benin,BEN,2011,27575904170
Benin,BEN,2012,28902642501
Benin,BEN,2013,30981156880
Benin,BEN,2014,32950839416
Benin,BEN,2015,33536755116
Benin,BEN,2016,34656773215
Benin,BEN,2017,36622353578
Benin,BEN,2018,39075045480
Benin,BEN,2019,41757815652
Benin,BEN,2020,43364987288
Benin,BEN,2021,46467947984
Benin,BEN,2022,49373564169
Benin,BEN,2023,52510156788
Benin,BEN,2024,56423799507
Bermuda,BMU,1990,4590185345
Bermuda,BMU,1991,4427950656
Bermuda,BMU,1992,4425305477
Bermuda,BMU,1993,4558443763
Bermuda,BMU,1994,4585776801
Bermuda,BMU,1995,4787511925
Bermuda,BMU,1996,4912009996
Bermuda,BMU,1997,5137962497
Bermuda,BMU,1998,5338343039
Bermuda,BMU,1999,5518920341
Bermuda,BMU,2000,6033126782
Bermuda,BMU,2001,6468865474
Bermuda,BMU,2002,6373269189
Bermuda,BMU,2003,6590642706
Bermuda,BMU,2004,6743629135
Bermuda,BMU,2005,6856531387
Bermuda,BMU,2006,7236648325
Bermuda,BMU,2007,7478724322
Bermuda,BMU,2008,7339174630
Bermuda,BMU,2009,6926221459
Bermuda,BMU,2010,6752866566
Bermuda,BMU,2011,6500124036
Bermuda,BMU,2012,6155273013
Bermuda,BMU,2013,6138056189
Bermuda,BMU,2014,5910882580
Bermuda,BMU,2015,5956723230
Bermuda,BMU,2016,5917575270
Bermuda,BMU,2017,6131283757
Bermuda,BMU,2018,6104747481
Bermuda,BMU,2019,6123495555
Bermuda,BMU,2020,5705409424
Bermuda,BMU,2021,5968282122
Bermuda,BMU,2022,6354801543
Bermuda,BMU,2023,6667280834
Bermuda,BMU,2024,6807651686
Bhutan,BTN,1990,2010284101
Bhutan,BTN,1991,2002084640
Bhutan,BTN,1992,2094198377
Bhutan,BTN,1993,2135796834
Bhutan,BTN,1994,2241550894
Bhutan,BTN,1995,2400120837
Bhutan,BTN,1996,2533691711
Bhutan,BTN,1997,2669848212
Bhutan,BTN,1998,2827743862
Bhutan,BTN,1999,3053510134
Bhutan,BTN,2000,3155957487
Bhutan,BTN,2001,3387237866
Bhutan,BTN,2002,3740993528
Bhutan,BTN,2003,4032288249
Bhutan,BTN,2004,4240243731
Bhutan,BTN,2005,4534307664
Bhutan,BTN,2006,4790079125
Bhutan,BTN,2007,5561511005
Bhutan,BTN,2008,5813416797
Bhutan,BTN,2009,6259160087
Bhutan,BTN,2010,7005995172
Bhutan,BTN,2011,7600752212
Bhutan,BTN,2012,7993317392
Bhutan,BTN,2013,8132108591
Bhutan,BTN,2014,8610364850
Bhutan,BTN,2015,9183884143
Bhutan,BTN,2016,9962304965
Bhutan,BTN,2017,10170202850
Bhutan,BTN,2018,10526350322
Bhutan,BTN,2019,11132157416
Bhutan,BTN,2020,9994629330
Bhutan,BTN,2021,10436528611
Bhutan,BTN,2022,10980675420
Bhutan,BTN,2023,11516817215
Bolivia,BOL,1990,36538326982
Bolivia,BOL,1991,38462627717
Bolivia,BOL,1992,39095914183
Bolivia,BOL,1993,40765034529
Bolivia,BOL,1994,42667646760
Bolivia,BOL,1995,44663757293
Bolivia,BOL,1996,46611696477
Bolivia,BOL,1997,48920937219
Bolivia,BOL,1998,51381344702
Bolivia,BOL,1999,51600684172
Bolivia,BOL,2000,52894731707
Bolivia,BOL,2001,53785372738
Bolivia,BOL,2002,55122243535
Bolivia,BOL,2003,56616794883
Bolivia,BOL,2004,58979581087
Bolivia,BOL,2005,61587323823
Bolivia,BOL,2006,64541673181
Bolivia,BOL,2007,67487603159
Bolivia,BOL,2008,71637077004
Bolivia,BOL,2009,74041933375
Bolivia,BOL,2010,77097438566
Bolivia,BOL,2011,81109660540
Bolivia,BOL,2012,85264320876
Bolivia,BOL,2013,91058893867
Bolivia,BOL,2014,96031228058
Bolivia,BOL,2015,100695644556
Bolivia,BOL,2016,104989227153
Bolivia,BOL,2017,109393741860
Bolivia,BOL,2018,114014121816
Bolivia,BOL,2019,116541479284
Bolivia,BOL,2020,106358219596
Bolivia,BOL,2021,112858166789
Bolivia,BOL,2022,116927471619
Bolivia,BOL,2023,120531135615
Bolivia,BOL,2024,122200109507
Bosnia and Herzegovina,BIH,1990,10735205687
Bosnia and Herzegovina,BIH,1991,9731675976
Bosnia and Herzegovina,BIH,1992,9105256974
Bosnia and Herzegovina,BIH,1993,8906639589
Bosnia and Herzegovina,BIH,1994,9898123634
Bosnia and Herzegovina,BIH,1995,11478685805
Bosnia and Herzegovina,BIH,1996,17700053180
Bosnia and Herzegovina,BIH,1997,24185552404
Bosnia and Herzegovina,BIH,1998,28204314366
Bosnia and Herzegovina,BIH,1999,30889807954
Bosnia and Herzegovina,BIH,2000,32562279753
Bosnia and Herzegovina,BIH,2001,33351365768
Bosnia and Herzegovina,BIH,2002,35028087074
Bosnia and Herzegovina,BIH,2003,36382671818
Bosnia and Herzegovina,BIH,2004,38683972650
Bosnia and Herzegovina,BIH,2005,40191555918
Bosnia and Herzegovina,BIH,2006,42367528191
Bosnia and Herzegovina,BIH,2007,44849047845
Bosnia and Herzegovina,BIH,2008,47290554230
Bosnia and Herzegovina,BIH,2009,45869730369
Bosnia and Herzegovina,BIH,2010,46266810525
Bosnia and Herzegovina,BIH,2011,46710745775
Bosnia and Herzegovina,BIH,2012,46326859829
Bosnia and Herzegovina,BIH,2013,47415474632
Bosnia and Herzegovina,BIH,2014,47962578604
Bosnia and Herzegovina,BIH,2015,50032044257
Bosnia and Herzegovina,BIH,2016,51654210819
Bosnia and Herzegovina,BIH,2017,53329925568
Bosnia and Herzegovina,BIH,2018,55371128045
Bosnia and Herzegovina,BIH,2019,56969882626
Bosnia and Herzegovina,BIH,2020,55252186459
Bosnia and Herzegovina,BIH,2021,59335302230
Bosnia and Herzegovina,BIH,2022,61843293319
Bosnia and Herzegovina,BIH,2023,63076692994
Bosnia and Herzegovina,BIH,2024,64641024679
Botswana,BWA,1990,13737121067
Botswana,BWA,1991,14761732982
Botswana,BWA,1992,15192343094
Botswana,BWA,1993,15483444652
Botswana,BWA,1994,16045171041
Botswana,BWA,1995,17173212390
Botswana,BWA,1996,18174376329
Botswana,BWA,1997,19687555070
Botswana,BWA,1998,19774901583
Botswana,BWA,1999,21686588918
Botswana,BWA,2000,22117652343
Botswana,BWA,2001,22173073418
Botswana,BWA,2002,23518874955
Botswana,BWA,2003,24606833357
Botswana,BWA,2004,25272650395
Botswana,BWA,2005,26424235521
Botswana,BWA,2006,28634324517
Botswana,BWA,2007,30292983736
Botswana,BWA,2008,31278133668
Botswana,BWA,2009,26854081059
Botswana,BWA,2010,29571639765
Botswana,BWA,2011,31593869884
Botswana,BWA,2012,31539889509
Botswana,BWA,2013,35041734070
Botswana,BWA,2014,37038112197
Botswana,BWA,2015,35241272984
Botswana,BWA,2016,37780203980
Botswana,BWA,2017,39334624593
Botswana,BWA,2018,40982231020
Botswana,BWA,2019,42224719386
Botswana,BWA,2020,38538973283
Botswana,BWA,2021,43131382324
Botswana,BWA,2022,45497577319
Botswana,BWA,2023,46957170593
Botswana,BWA,2024,45553212803
Brazil,BRA,1990,1884169357425
Brazil,BRA,1991,1903617557305
Brazil,BRA,1992,1893260506241
Brazil,BRA,1993,1986497717136
Brazil,BRA,1994,2102764853268
Brazil,BRA,1995,2191581301268
Brazil,BRA,1996,2239990352767
Brazil,BRA,1997,2316034575352
Brazil,BRA,1998,2323865039642
Brazil,BRA,1999,2334739277157
Brazil,BRA,2000,2437186456368
Brazil,BRA,2001,2471060823210
Brazil,BRA,2002,2546513722962
Brazil,BRA,2003,2575565089958
Brazil,BRA,2004,2723916728335
Brazil,BRA,2005,2811140139216
Brazil,BRA,2006,2922517194189
Brazil,BRA,2007,3099910206337
Brazil,BRA,2008,3257825690916
Brazil,BRA,2009,3253726955188
Brazil,BRA,2010,3498674867880
Brazil,BRA,2011,3637727009304
Brazil,BRA,2012,3707614147035
Brazil,BRA,2013,3819021377420
Brazil,BRA,2014,3838267554873
Brazil,BRA,2015,3702171668999
Brazil,BRA,2016,3580891601337
Brazil,BRA,2017,3628262108190
Brazil,BRA,2018,3692978213439
Brazil,BRA,2019,3738061272499
Brazil,BRA,2020,3615574020935
Brazil,BRA,2021,3787769507585
Brazil,BRA,2022,3902034936461
Brazil,BRA,2023,4028525459920
Brazil,BRA,2024,4165328804627
Brunei,BRN,1990,30166243010
Brunei,BRN,1991,31044278635
Brunei,BRN,1992,30075505033
Brunei,BRN,1993,29884931646
Brunei,BRN,1994,30181609718
Brunei,BRN,1995,30588244682
Brunei,BRN,1996,30579889426
Brunei,BRN,1997,32519860855
Brunei,BRN,1998,30354961859
Brunei,BRN,1999,31648302533
Brunei,BRN,2000,32747978585
Brunei,BRN,2001,33228083767
Brunei,BRN,2002,34544394076
Brunei,BRN,2003,35782267885
Brunei,BRN,2004,35819674110
Brunei,BRN,2005,35818268120
Brunei,BRN,2006,37286248538
Brunei,BRN,2007,35882934534
Brunei,BRN,2008,34483245024
Brunei,BRN,2009,33827975829
Brunei,BRN,2010,34755323894
Brunei,BRN,2011,36056704461
Brunei,BRN,2012,36385950967
Brunei,BRN,2013,35612828398
Brunei,BRN,2014,34719698828
Brunei,BRN,2015,34583464462
Brunei,BRN,2016,33726514652
Brunei,BRN,2017,34174647795
Brunei,BRN,2018,34192545418
Brunei,BRN,2019,35515401716
Brunei,BRN,2020,35917994865
Brunei,BRN,2021,35346624879
Brunei,BRN,2022,34771064638
Brunei,BRN,2023,35163158528
Brunei,BRN,2024,36640142252
Bulgaria,BGR,1990,130375179741
Bulgaria,BGR,1991,119364532713
Bulgaria,BGR,1992,110683880772
Bulgaria,BGR,1993,109045521510
Bulgaria,BGR,1994,111027981433
Bulgaria,BGR,1995,114205623512
Bulgaria,BGR,1996,120150474216
Bulgaria,BGR,1997,103190777616
Bulgaria,BGR,1998,107100800207
Bulgaria,BGR,1999,98108519307
Bulgaria,BGR,2000,102608978332
Bulgaria,BGR,2001,106532442325
Bulgaria,BGR,2002,112787954033
Bulgaria,BGR,2003,118694832467
Bulgaria,BGR,2004,126422370721
Bulgaria,BGR,2005,135343174681
Bulgaria,BGR,2006,144550014577
Bulgaria,BGR,2007,154168932894
Bulgaria,BGR,2008,163618808285
Bulgaria,BGR,2009,158142255469
Bulgaria,BGR,2010,160601936276
Bulgaria,BGR,2011,163958798231
Bulgaria,BGR,2012,165186546137
Bulgaria,BGR,2013,164289993510
Bulgaria,BGR,2014,165849843186
Bulgaria,BGR,2015,171484679937
Bulgaria,BGR,2016,176674884873
Bulgaria,BGR,2017,181526247262
Bulgaria,BGR,2018,186154194217
Bulgaria,BGR,2019,193207298084
Bulgaria,BGR,2020,186994258673
Bulgaria,BGR,2021,201543561665
Bulgaria,BGR,2022,209683457854
Bulgaria,BGR,2023,213639796452
Bulgaria,BGR,2024,219644843139
Burkina Faso,BFA,1990,10147246626
Burkina Faso,BFA,1991,11067600318
Burkina Faso,BFA,1992,11093355815
Burkina Faso,BFA,1993,11477339562
Burkina Faso,BFA,1994,11628267412
Burkina Faso,BFA,1995,12292982651
Burkina Faso,BFA,1996,13647023204
Burkina Faso,BFA,1997,14509083107
Burkina Faso,BFA,1998,15569366222
Burkina Faso,BFA,1999,16720757878
Burkina Faso,BFA,2000,17036525024
Burkina Faso,BFA,2001,18163219549
Burkina Faso,BFA,2002,18953857927
Burkina Faso,BFA,2003,20432731533
Burkina Faso,BFA,2004,21347801635
Burkina Faso,BFA,2005,23196921150
Burkina Faso,BFA,2006,24647462832
Burkina Faso,BFA,2007,25660813447
Burkina Faso,BFA,2008,27149138508
Burkina Faso,BFA,2009,27953282649
Burkina Faso,BFA,2010,30314295612
Burkina Faso,BFA,2011,32321878819
Burkina Faso,BFA,2012,34407503766
Burkina Faso,BFA,2013,36400587615
Burkina Faso,BFA,2014,37975584844
Burkina Faso,BFA,2015,39464694412
Burkina Faso,BFA,2016,41815991712
Burkina Faso,BFA,2017,44410042330
Burkina Faso,BFA,2018,47343134249
Burkina Faso,BFA,2019,50131268465
Burkina Faso,BFA,2020,51139294287
Burkina Faso,BFA,2021,54689652540
Burkina Faso,BFA,2022,55508487752
Burkina Faso,BFA,2023,57151639723
Burkina Faso,BFA,2024,60000707833
Burundi,BDI,1990,7799958297
Burundi,BDI,1991,8189709456
Burundi,BDI,1992,8272425388
Burundi,BDI,1993,7756226044
Burundi,BDI,1994,7459162587
Burundi,BDI,1995,6868396909
Burundi,BDI,1996,6318925157
Burundi,BDI,1997,6218454247
Burundi,BDI,1998,6513830823
Burundi,BDI,1999,6448041132
Burundi,BDI,2000,6392790185
Burundi,BDI,2001,6524213620
Burundi,BDI,2002,6814314046
Burundi,BDI,2003,6730925379
Burundi,BDI,2004,7056275277
Burundi,BDI,2005,7119781754
Burundi,BDI,2006,7505233008
Burundi,BDI,2007,7764309791
Burundi,BDI,2008,8141788511
Burundi,BDI,2009,8452214175
Burundi,BDI,2010,8885319152
Burundi,BDI,2011,9243628531
Burundi,BDI,2012,9654665547
Burundi,BDI,2013,10130079612
Burundi,BDI,2014,10559660855
Burundi,BDI,2015,10147834073
Burundi,BDI,2016,10086946976
Burundi,BDI,2017,10137381839
Burundi,BDI,2018,10300587140
Burundi,BDI,2019,10487292010
Burundi,BDI,2020,10521601909
Burundi,BDI,2021,10847771568
Burundi,BDI,2022,11048346804
Burundi,BDI,2023,11342844863
Burundi,BDI,2024,11738623007
Cambodia,KHM,1990,19514316431
Cambodia,KHM,1991,20995706332
Cambodia,KHM,1992,22469088082
Cambodia,KHM,1993,23389954628
Cambodia,KHM,1994,15248229812
Cambodia,KHM,1995,16758333509
Cambodia,KHM,1996,17746657168
Cambodia,KHM,1997,18457698475
Cambodia,KHM,1998,19321820012
Cambodia,KHM,1999,21776730888
Cambodia,KHM,2000,23953005981
Cambodia,KHM,2001,25723063815
Cambodia,KHM,2002,27334632491
Cambodia,KHM,2003,30145638982
Cambodia,KHM,2004,32996721516
Cambodia,KHM,2005,37386385535
Cambodia,KHM,2006,41477712320
Cambodia,KHM,2007,45790754857
Cambodia,KHM,2008,49214239315
Cambodia,KHM,2009,51219610560
Cambodia,KHM,2010,53819988410
Cambodia,KHM,2011,57741666976
Cambodia,KHM,2012,62159052652
Cambodia,KHM,2013,67043200062
Cambodia,KHM,2014,72406871106
Cambodia,KHM,2015,77625259450
Cambodia,KHM,2016,83761925237
Cambodia,KHM,2017,90525733498
Cambodia,KHM,2018,98470474432
Cambodia,KHM,2019,106286026886
Cambodia,KHM,2020,102506791315
Cambodia,KHM,2021,105674090069
Cambodia,KHM,2022,111095066386
Cambodia,KHM,2023,116657963460
Cambodia,KHM,2024,123675890227
Cameroon,CMR,1990,51192848469
Cameroon,CMR,1991,49243117963
Cameroon,CMR,1992,47716579725
Cameroon,CMR,1993,43931668854
Cameroon,CMR,1994,44756182468
Cameroon,CMR,1995,46051427006
Cameroon,CMR,1996,47992527880
Cameroon,CMR,1997,50165300201
Cameroon,CMR,1998,52535878944
Cameroon,CMR,1999,54905932268
Cameroon,CMR,2000,57010156987
Cameroon,CMR,2001,59475425081
Cameroon,CMR,2002,62138155821
Cameroon,CMR,2003,65526644958
Cameroon,CMR,2004,70145528271
Cameroon,CMR,2005,71708560180
Cameroon,CMR,2006,74440357496
Cameroon,CMR,2007,77661830226
Cameroon,CMR,2008,79873388993
Cameroon,CMR,2009,81933524799
Cameroon,CMR,2010,84308797938
Cameroon,CMR,2011,87157770352
Cameroon,CMR,2012,91189670263
Cameroon,CMR,2013,95745076833
Cameroon,CMR,2014,101221521111
Cameroon,CMR,2015,106957697125
Cameroon,CMR,2016,111809078187
Cameroon,CMR,2017,115768435044
Cameroon,CMR,2018,120347671976
Cameroon,CMR,2019,124529825764
Cameroon,CMR,2020,124853519772
Cameroon,CMR,2021,129022200845
Cameroon,CMR,2022,133843481810
Cameroon,CMR,2023,138191179830
Cameroon,CMR,2024,143263822679
Canada,CAN,1990,1120801922796
Canada,CAN,1991,1097365337052
Canada,CAN,1992,1107137004254
Canada,CAN,1993,1136561460981
Canada,CAN,1994,1187639093309
Canada,CAN,1995,1219495471948
Canada,CAN,1996,1240092277610
Canada,CAN,1997,1293170296014
Canada,CAN,1998,1343511948452
Canada,CAN,1999,1412581945244
Canada,CAN,2000,1485168021955
Canada,CAN,2001,1513016379420
Canada,CAN,2002,1558395604128
Canada,CAN,2003,1586546230479
Canada,CAN,2004,1635608012462
Canada,CAN,2005,1688118461712
Canada,CAN,2006,1732650077166
Canada,CAN,2007,1768167751446
Canada,CAN,2008,1785768204658
Canada,CAN,2009,1733711521883
Canada,CAN,2010,1787297187601
Canada,CAN,2011,1843368175269
Canada,CAN,2012,1875731476781
Canada,CAN,2013,1919357493594
Canada,CAN,2014,1974509593521
Canada,CAN,2015,1987343333305
Canada,CAN,2016,2007982905874
Canada,CAN,2017,2068901792299
Canada,CAN,2018,2125651012259
Canada,CAN,2019,2166217615236
Canada,CAN,2020,2057078515077
Canada,CAN,2021,2179485548675
Canada,CAN,2022,2270784989049
Canada,CAN,2023,2305499512574
Canada,CAN,2024,2340729415083
Cape Verde,CPV,1990,694075763
Cape Verde,CPV,1991,703821607
Cape Verde,CPV,1992,780803130
Cape Verde,CPV,1993,848797899
Cape Verde,CPV,1994,1011619758
Cape Verde,CPV,1995,1155387478
Cape Verde,CPV,1996,1286483805
Cape Verde,CPV,1997,1429520555
Cape Verde,CPV,1998,1608457729
Cape Verde,CPV,1999,1788969285
Cape Verde,CPV,2000,2044521201
Cape Verde,CPV,2001,2090147852
Cape Verde,CPV,2002,2199899241
Cape Verde,CPV,2003,2291772738
Cape Verde,CPV,2004,2525466468
Cape Verde,CPV,2005,2700038276
Cape Verde,CPV,2006,2915602594
Cape Verde,CPV,2007,3357919567
Cape Verde,CPV,2008,3594283904
Cape Verde,CPV,2009,3540240729
Cape Verde,CPV,2010,3605254387
Cape Verde,CPV,2011,3746750463
Cape Verde,CPV,2012,3787352067
Cape Verde,CPV,2013,3811293311
Cape Verde,CPV,2014,3837845328
Cape Verde,CPV,2015,3873768577
Cape Verde,CPV,2016,4039593563
Cape Verde,CPV,2017,4223448183
Cape Verde,CPV,2018,4380009912
Cape Verde,CPV,2019,4684325394
Cape Verde,CPV,2020,3709738572
Cape Verde,CPV,2021,3970664151
Cape Verde,CPV,2022,4599763302
Cape Verde,CPV,2023,4847743178
Cape Verde,CPV,2024,5200265315
Cayman Islands,CYM,2006,4445537886
Cayman Islands,CYM,2007,4586133589
Cayman Islands,CYM,2008,4569742692
Cayman Islands,CYM,2009,4240699172
Cayman Islands,CYM,2010,4125537250
Cayman Islands,CYM,2011,4173767346
Cayman Islands,CYM,2012,4225094403
Cayman Islands,CYM,2013,4279147346
Cayman Islands,CYM,2014,4392738510
Cayman Islands,CYM,2015,4517190161
Cayman Islands,CYM,2016,4663545963
Cayman Islands,CYM,2017,4812035408
Cayman Islands,CYM,2018,5017377829
Cayman Islands,CYM,2019,5213840048
Cayman Islands,CYM,2020,4955504368
Cayman Islands,CYM,2021,5198568359
Cayman Islands,CYM,2022,5466623675
Cayman Islands,CYM,2023,5704950753
Central African Republic,CAF,1990,4254024013
Central African Republic,CAF,1991,4230518701
Central African Republic,CAF,1992,3958746871
Central African Republic,CAF,1993,3972019587
Central African Republic,CAF,1994,4166646537
Central African Republic,CAF,1995,4466646986
Central African Republic,CAF,1996,4287976954
Central African Republic,CAF,1997,4515236990
Central African Republic,CAF,1998,4727459557
Central African Republic,CAF,1999,4897646915
Central African Republic,CAF,2000,4775723303
Central African Republic,CAF,2001,4988946886
Central African Republic,CAF,2002,5169374255
Central African Republic,CAF,2003,4890358043
Central African Republic,CAF,2004,5183529346
Central African Republic,CAF,2005,5230606705
Central African Republic,CAF,2006,5480163419
Central African Republic,CAF,2007,5732663859
Central African Republic,CAF,2008,5850420282
Central African Republic,CAF,2009,6352811108
Central African Republic,CAF,2010,6646998256
Central African Republic,CAF,2011,6925814264
Central African Republic,CAF,2012,7275828382
Central African Republic,CAF,2013,4628010583
Central African Republic,CAF,2014,4631762535
Central African Republic,CAF,2015,4832647682
Central African Republic,CAF,2016,5062213759
Central African Republic,CAF,2017,5291394260
Central African Republic,CAF,2018,5491908660
Central African Republic,CAF,2019,5662157829
Central African Republic,CAF,2020,5713117249
Central African Republic,CAF,2021,5769272621
Central African Republic,CAF,2022,5795459458
Central African Republic,CAF,2023,5836025842
Central African Republic,CAF,2024,5925879191
Chad,TCD,1990,10200983128
Chad,TCD,1991,11071651030
Chad,TCD,1992,11957542915
Chad,TCD,1993,10079032408
Chad,TCD,1994,11100732598
Chad,TCD,1995,11237998631
Chad,TCD,1996,11486861080
Chad,TCD,1997,12136258403
Chad,TCD,1998,12979920105
Chad,TCD,1999,12891286692
Chad,TCD,2000,12777884489
Chad,TCD,2001,14267547469
Chad,TCD,2002,15479034861
Chad,TCD,2003,17757806829
Chad,TCD,2004,23729645721
Chad,TCD,2005,27842594571
Chad,TCD,2006,27697389241
Chad,TCD,2007,28903946267
Chad,TCD,2008,29802385611
Chad,TCD,2009,29403485339
Chad,TCD,2010,33459516466
Chad,TCD,2011,34983125795
Chad,TCD,2012,38150036315
Chad,TCD,2013,39221042080
Chad,TCD,2014,40030164715
Chad,TCD,2015,41355517703
Chad,TCD,2016,39647564444
Chad,TCD,2017,39002104605
Chad,TCD,2018,41241260597
Chad,TCD,2019,43463610455
Chad,TCD,2020,43285890201
Chad,TCD,2021,43413141699
Chad,TCD,2022,49011968064
Chad,TCD,2023,51030012222
Chad,TCD,2024,52894879067
Chile,CHL,1990,147172763036
Chile,CHL,1991,158587779669
Chile,CHL,1992,176828437354
Chile,CHL,1993,188650451778
Chile,CHL,1994,198227864981
Chile,CHL,1995,216574701463
Chile,CHL,1996,231983693958
Chile,CHL,1997,249131323760
Chile,CHL,1998,259547221959
Chile,CHL,1999,258837019267
Chile,CHL,2000,271705416136
Chile,CHL,2001,280275099853
Chile,CHL,2002,289251748327
Chile,CHL,2003,302913817845
Chile,CHL,2004,323131055958
Chile,CHL,2005,341992363428
Chile,CHL,2006,362682870039
Chile,CHL,2007,381427158507
Chile,CHL,2008,395880931813
Chile,CHL,2009,391454835583
Chile,CHL,2010,414361406471
Chile,CHL,2011,440150832727
Chile,CHL,2012,467243613076
Chile,CHL,2013,482702406549
Chile,CHL,2014,491355568689
Chile,CHL,2015,501929257996
Chile,CHL,2016,510728272382
Chile,CHL,2017,517662406507
Chile,CHL,2018,538317289123
Chile,CHL,2019,541732199234
Chile,CHL,2020,508451018132
Chile,CHL,2021,565981846554
Chile,CHL,2022,578173059090
Chile,CHL,2023,581187468274
Chile,CHL,2024,596555875617
China,CHN,1990,1892271367560
China,CHN,1991,2069420176441
China,CHN,1992,2365339209451
China,CHN,1993,2694809153240
China,CHN,1994,3047093716345
China,CHN,1995,3383273842295
China,CHN,1996,3720796004661
China,CHN,1997,4066370385606
China,CHN,1998,4388459129025
China,CHN,1999,4727994346043
China,CHN,2000,5133960366384
China,CHN,2001,5560727951418
China,CHN,2002,6074727904441
China,CHN,2003,6689380589777
China,CHN,2004,7367108987395
China,CHN,2005,8211249902415
China,CHN,2006,9251999154576
China,CHN,2007,10561155692920
China,CHN,2008,11582445416831
China,CHN,2009,12671507980510
China,CHN,2010,14014215429607
China,CHN,2011,15340147423340
China,CHN,2012,16545296138278
China,CHN,2013,17832309075487
China,CHN,2014,19162938196730
China,CHN,2015,20500277500109
China,CHN,2016,21889285206099
China,CHN,2017,23397734154416
China,CHN,2018,24978653070009
China,CHN,2019,26494483218696
China,CHN,2020,27114504049776
China,CHN,2021,29438240129870
China,CHN,2022,30360890176120
China,CHN,2023,32004884803945
China,CHN,2024,33597882047418
Colombia,COL,1990,324362108923
Colombia,COL,1991,330854565533
Colombia,COL,1992,344237399255
Colombia,COL,1993,362775994368
Colombia,COL,1994,383870191922
Colombia,COL,1995,403840799094
Colombia,COL,1996,412143179194
Colombia,COL,1997,426280900614
Colombia,COL,1998,428709781358
Colombia,COL,1999,410686756804
Colombia,COL,2000,422698775564
Colombia,COL,2001,429791231167
Colombia,COL,2002,440553119642
Colombia,COL,2003,457815188748
Colombia,COL,2004,482230573793
Colombia,COL,2005,505516336190
Colombia,COL,2006,539471204741
Colombia,COL,2007,575821824818
Colombia,COL,2008,594728624564
Colombia,COL,2009,601506441278
Colombia,COL,2010,628542104500
Colombia,COL,2011,672212530981
Colombia,COL,2012,698513758899
Colombia,COL,2013,734375410017
Colombia,COL,2014,767415180035
Colombia,COL,2015,790099215895
Colombia,COL,2016,806591608674
Colombia,COL,2017,817556099366
Colombia,COL,2018,838520888947
Colombia,COL,2019,865243337113
Colombia,COL,2020,803067693827
Colombia,COL,2021,889808627041
Colombia,COL,2022,955016270619
Colombia,COL,2023,961819615833
Colombia,COL,2024,978591840244
Comoros,COM,1990,1058574902
Comoros,COM,1991,1001458041
Comoros,COM,1992,1086892244
Comoros,COM,1993,1119564891
Comoros,COM,1994,1060487882
Comoros,COM,1995,1098773683
Comoros,COM,1996,1084580945
Comoros,COM,1997,1128291224
Comoros,COM,1998,1142761737
Comoros,COM,1999,1164753144
Comoros,COM,2000,1291104151
Comoros,COM,2001,1321224411
Comoros,COM,2002,1351942150
Comoros,COM,2003,1380385278
Comoros,COM,2004,1406883979
Comoros,COM,2005,1446804986
Comoros,COM,2006,1485101269
Comoros,COM,2007,1496982708
Comoros,COM,2008,1556332252
Comoros,COM,2009,1657290418
Comoros,COM,2010,1736857895
Comoros,COM,2011,1839126739
Comoros,COM,2012,1955187402
Comoros,COM,2013,2129732252
Comoros,COM,2014,2212700088
Comoros,COM,2015,2256778505
Comoros,COM,2016,2319522105
Comoros,COM,2017,2449326958
Comoros,COM,2018,2548759981
Comoros,COM,2019,2641248625
Comoros,COM,2020,2747039030
Comoros,COM,2021,2821917777
Comoros,COM,2022,2901450568
Comoros,COM,2023,2990370232
Comoros,COM,2024,3091707405
Congo,COG,1990,20709745611
Congo,COG,1991,21205820117
Congo,COG,1992,21759705123
Congo,COG,1993,21546528945
Congo,COG,1994,20362961790
Congo,COG,1995,21174491870
Congo,COG,1996,22082979539
Congo,COG,1997,21945002399
Congo,COG,1998,22765208444
Congo,COG,1999,22177365378
Congo,COG,2000,23857518231
Congo,COG,2001,24764724673
Congo,COG,2002,25899412178
Congo,COG,2003,26110042793
Congo,COG,2004,27017792797
Congo,COG,2005,29113227688
Congo,COG,2006,31438279446
Congo,COG,2007,29358953277
Congo,COG,2008,31210439248
Congo,COG,2009,34842488218
Congo,COG,2010,38302788206
Congo,COG,2011,39147716827
Congo,COG,2012,43041800172
Congo,COG,2013,42735155559
Congo,COG,2014,45575361950
Congo,COG,2015,45764587690
Congo,COG,2016,41789821841
Congo,COG,2017,39451775871
Congo,COG,2018,38542681577
Congo,COG,2019,38976083979
Congo,COG,2020,36533151792
Congo,COG,2021,36903988991
Congo,COG,2022,37448454255
Congo,COG,2023,38162545447
Congo,COG,2024,39147011807
Costa Rica,CRI,1990,34193376303
Costa Rica,CRI,1991,34968080230
Costa Rica,CRI,1992,38185529566
Costa Rica,CRI,1993,40895629625
Costa Rica,CRI,1994,42743714733
Costa Rica,CRI,1995,44519268572
Costa Rica,CRI,1996,45120483259
Costa Rica,CRI,1997,47591355722
Costa Rica,CRI,1998,50996664081
Costa Rica,CRI,1999,53146077175
Costa Rica,CRI,2000,55202149077
Costa Rica,CRI,2001,57129349886
Costa Rica,CRI,2002,59081389155
Costa Rica,CRI,2003,61632038992
Costa Rica,CRI,2004,64359009941
Costa Rica,CRI,2005,66918353044
Costa Rica,CRI,2006,71821256960
Costa Rica,CRI,2007,77721468011
Costa Rica,CRI,2008,81404047083
Costa Rica,CRI,2009,80693018596
Costa Rica,CRI,2010,85018441595
Costa Rica,CRI,2011,88761938961
Costa Rica,CRI,2012,93095822656
Costa Rica,CRI,2013,95418345692
Costa Rica,CRI,2014,98798168340
Costa Rica,CRI,2015,102406357442
Costa Rica,CRI,2016,106711851740
Costa Rica,CRI,2017,111148609293
Costa Rica,CRI,2018,114056150658
Costa Rica,CRI,2019,116813471579
Costa Rica,CRI,2020,111821618043
Costa Rica,CRI,2021,120695515793
Costa Rica,CRI,2022,126188962272
Costa Rica,CRI,2023,132639643385
Costa Rica,CRI,2024,138371299881
Cote d'Ivoire,CIV,1990,64063495622
Cote d'Ivoire,CIV,1991,64089713718
Cote d'Ivoire,CIV,1992,63932975522
Cote d'Ivoire,CIV,1993,63809914071
Cote d'Ivoire,CIV,1994,64327544357
Cote d'Ivoire,CIV,1995,68911360958
Cote d'Ivoire,CIV,1996,74237745675
Cote d'Ivoire,CIV,1997,81400827010
Cote d'Ivoire,CIV,1998,84871681712
Cote d'Ivoire,CIV,1999,85862015402
Cote d'Ivoire,CIV,2000,85633803213
Cote d'Ivoire,CIV,2001,83789240395
Cote d'Ivoire,CIV,2002,81501353004
Cote d'Ivoire,CIV,2003,77649707795
Cote d'Ivoire,CIV,2004,80122880670
Cote d'Ivoire,CIV,2005,80920957094
Cote d'Ivoire,CIV,2006,83199350239
Cote d'Ivoire,CIV,2007,84115732649
Cote d'Ivoire,CIV,2008,88138707177
Cote d'Ivoire,CIV,2009,91314628222
Cote d'Ivoire,CIV,2010,97567899071
Cote d'Ivoire,CIV,2011,92328066528
Cote d'Ivoire,CIV,2012,99363845372
Cote d'Ivoire,CIV,2013,110055606909
Cote d'Ivoire,CIV,2014,120370018325
Cote d'Ivoire,CIV,2015,129030580269
Cote d'Ivoire,CIV,2016,138285633654
Cote d'Ivoire,CIV,2017,148533653433
Cote d'Ivoire,CIV,2018,155727355215
Cote d'Ivoire,CIV,2019,166194369560
Cote d'Ivoire,CIV,2020,167357279085
Cote d'Ivoire,CIV,2021,179178274483
Cote d'Ivoire,CIV,2022,190645475535
Cote d'Ivoire,CIV,2023,202942981804
Cote d'Ivoire,CIV,2024,215018089222
Croatia,HRV,1990,111782528328
Croatia,HRV,1991,88209079074
Croatia,HRV,1992,77876893386
Croatia,HRV,1993,71626819538
Croatia,HRV,1994,75831653821
Croatia,HRV,1995,80956718717
Croatia,HRV,1996,85902349221
Croatia,HRV,1997,91200798183
Croatia,HRV,1998,93254346357
Croatia,HRV,1999,92462902015
Croatia,HRV,2000,95186168406
Croatia,HRV,2001,98147633677
Croatia,HRV,2002,103843463291
Croatia,HRV,2003,109625854322
Croatia,HRV,2004,114197783993
Croatia,HRV,2005,119139209493
Croatia,HRV,2006,125193227802
Croatia,HRV,2007,131514091415
Croatia,HRV,2008,134103064789
Croatia,HRV,2009,124965340721
Croatia,HRV,2010,123298201199
Croatia,HRV,2011,123177675416
Croatia,HRV,2012,120401564000
Croatia,HRV,2013,120250520447
Croatia,HRV,2014,119580544435
Croatia,HRV,2015,122358609937
Croatia,HRV,2016,126593599849
Croatia,HRV,2017,130747082845
Croatia,HRV,2018,134544869163
Croatia,HRV,2019,138716350913
Croatia,HRV,2020,127186743627
Croatia,HRV,2021,143252591939
Croatia,HRV,2022,153692749777
Croatia,HRV,2023,158768521817
Croatia,HRV,2024,164825453945
Curacao,CUW,2000,4592351701
Curacao,CUW,2001,4560400244
Curacao,CUW,2002,4578508007
Curacao,CUW,2003,4591702657
Curacao,CUW,2004,4601274570
Curacao,CUW,2005,4632398757
Curacao,CUW,2006,4708181775
Curacao,CUW,2007,4824472134
Curacao,CUW,2008,4930033663
Curacao,CUW,2009,4903839988
Curacao,CUW,2010,4907876172
Curacao,CUW,2011,4932830636
Curacao,CUW,2012,4915617482
Curacao,CUW,2013,4884369054
Curacao,CUW,2014,4853236214
Curacao,CUW,2015,4875471391
Curacao,CUW,2016,4823415569
Curacao,CUW,2017,4761858749
Curacao,CUW,2018,4661663939
Curacao,CUW,2019,4512204853
Curacao,CUW,2020,3680223299
Curacao,CUW,2021,3834193240
Curacao,CUW,2022,4137976371
Curacao,CUW,2023,4311854138
Cyprus,CYP,1990,16044229713
Cyprus,CYP,1991,16162876984
Cyprus,CYP,1992,17682187261
Cyprus,CYP,1993,17805962659
Cyprus,CYP,1994,18856514224
Cyprus,CYP,1995,20433384438
Cyprus,CYP,1996,20688503718
Cyprus,CYP,1997,21234872756
Cyprus,CYP,1998,22532510975
Cyprus,CYP,1999,23658675665
Cyprus,CYP,2000,25069987698
Cyprus,CYP,2001,26060894651
Cyprus,CYP,2002,27031135221
Cyprus,CYP,2003,27740242889
Cyprus,CYP,2004,29134543024
Cyprus,CYP,2005,30548438791
Cyprus,CYP,2006,31988426085
Cyprus,CYP,2007,33619268388
Cyprus,CYP,2008,34845359482
Cyprus,CYP,2009,34143196902
Cyprus,CYP,2010,34922573757
Cyprus,CYP,2011,35068100267
Cyprus,CYP,2012,33859169061
Cyprus,CYP,2013,31628703913
Cyprus,CYP,2014,31066959573
Cyprus,CYP,2015,32129114188
Cyprus,CYP,2016,34241150686
Cyprus,CYP,2017,36210301862
Cyprus,CYP,2018,38481290183
Cyprus,CYP,2019,40742295266
Cyprus,CYP,2020,39430136606
Cyprus,CYP,2021,43920515191
Cyprus,CYP,2022,47084930251
Cyprus,CYP,2023,48386315231
Cyprus,CYP,2024,50054705237
Czechia,CZE,1990,288488025923
Czechia,CZE,1991,254980307983
Czechia,CZE,1992,253688724756
Czechia,CZE,1993,253845768839
Czechia,CZE,1994,261230927867
Czechia,CZE,1995,277483164458
Czechia,CZE,1996,289050284001
Czechia,CZE,1997,287328011372
Czechia,CZE,1998,286198380739
Czechia,CZE,1999,290143226484
Czechia,CZE,2000,301779912723
Czechia,CZE,2001,310583495272
Czechia,CZE,2002,315284050659
Czechia,CZE,2003,325691062731
Czechia,CZE,2004,341116897824
Czechia,CZE,2005,362863198510
Czechia,CZE,2006,386896255871
Czechia,CZE,2007,408132317969
Czechia,CZE,2008,418793828203
Czechia,CZE,2009,398698742735
Czechia,CZE,2010,409522078354
Czechia,CZE,2011,416780369262
Czechia,CZE,2012,413568375531
Czechia,CZE,2013,413395452601
Czechia,CZE,2014,422677057731
Czechia,CZE,2015,443636592213
Czechia,CZE,2016,455086276548
Czechia,CZE,2017,478630462236
Czechia,CZE,2018,492177168365
Czechia,CZE,2019,509727106573
Czechia,CZE,2020,482686697512
Czechia,CZE,2021,502134232985
Czechia,CZE,2022,516430851532
Czechia,CZE,2023,516145462444
Czechia,CZE,2024,521928276858
Democratic Republic of Congo,COD,1990,79677843436
Democratic Republic of Congo,COD,1991,72968131207
Democratic Republic of Congo,COD,1992,65306471181
Democratic Republic of Congo,COD,1993,56510309573
Democratic Republic of Congo,COD,1994,54306409306
Democratic Republic of Congo,COD,1995,54686553536
Democratic Republic of Congo,COD,1996,54127015681
Democratic Republic of Congo,COD,1997,51086675988
Democratic Republic of Congo,COD,1998,50256949673
Democratic Republic of Congo,COD,1999,48110907145
Democratic Republic of Congo,COD,2000,44785997321
Democratic Republic of Congo,COD,2001,43845413886
Democratic Republic of Congo,COD,2002,45137873731
Democratic Republic of Congo,COD,2003,47655584123
Democratic Republic of Congo,COD,2004,50866795581
Democratic Republic of Congo,COD,2005,53987550378
Democratic Republic of Congo,COD,2006,56860216902
Democratic Republic of Congo,COD,2007,60419369536
Democratic Republic of Congo,COD,2008,64181015601
Democratic Republic of Congo,COD,2009,66013424678
Democratic Republic of Congo,COD,2010,70705643442
Democratic Republic of Congo,COD,2011,75566423729
Democratic Republic of Congo,COD,2012,80921739816
Democratic Republic of Congo,COD,2013,87785486697
Democratic Republic of Congo,COD,2014,96099025196
Democratic Republic of Congo,COD,2015,102745394379
Democratic Republic of Congo,COD,2016,105210666253
Democratic Republic of Congo,COD,2017,109131812716
Democratic Republic of Congo,COD,2018,115484507692
Democratic Republic of Congo,COD,2019,120547959277
Democratic Republic of Congo,COD,2020,122639976008
Democratic Republic of Congo,COD,2021,130243843399
Democratic Republic of Congo,COD,2022,141867387282
Democratic Republic of Congo,COD,2023,154080877941
Democratic Republic of Congo,COD,2024,164367209943
Denmark,DNK,1990,235563380532
Denmark,DNK,1991,238998318759
Denmark,DNK,1992,243832803618
Denmark,DNK,1993,243640418530
Denmark,DNK,1994,256540438393
Denmark,DNK,1995,264334192080
Denmark,DNK,1996,271988651277
Denmark,DNK,1997,280606561205
Denmark,DNK,1998,287134319343
Denmark,DNK,1999,295654471398
Denmark,DNK,2000,306664670506
Denmark,DNK,2001,309578083763
Denmark,DNK,2002,310991400647
Denmark,DNK,2003,312363155747
Denmark,DNK,2004,321035455867
Denmark,DNK,2005,328610636831
Denmark,DNK,2006,341152021364
Denmark,DNK,2007,344519784791
Denmark,DNK,2008,343082522527
Denmark,DNK,2009,326015954297
Denmark,DNK,2010,331176451159
Denmark,DNK,2011,335517524536
Denmark,DNK,2012,335499298212
Denmark,DNK,2013,340171707801
Denmark,DNK,2014,344519101655
Denmark,DNK,2015,351769211808
Denmark,DNK,2016,362579239714
Denmark,DNK,2017,373661391650
Denmark,DNK,2018,380611521522
Denmark,DNK,2019,387125310677
Denmark,DNK,2020,380234069723
Denmark,DNK,2021,408303200976
Denmark,DNK,2022,414591776936
Denmark,DNK,2023,424936606051
Denmark,DNK,2024,440558114300
Djibouti,DJI,2013,4401251430
Djibouti,DJI,2014,4717832886
Djibouti,DJI,2015,5062658614
Djibouti,DJI,2016,5423293675
Djibouti,DJI,2017,5719302007
Djibouti,DJI,2018,5992360893
Djibouti,DJI,2019,6324642147
Djibouti,DJI,2020,6400671630
Djibouti,DJI,2021,6682759257
Djibouti,DJI,2022,7028026489
Djibouti,DJI,2023,7546137626
Djibouti,DJI,2024,7995421831
Dominica,DMA,1990,787589429
Dominica,DMA,1991,798204284
Dominica,DMA,1992,814403208
Dominica,DMA,1993,832005833
Dominica,DMA,1994,832292721
Dominica,DMA,1995,857518370
Dominica,DMA,1996,884137475
Dominica,DMA,1997,903461428
Dominica,DMA,1998,937560112
Dominica,DMA,1999,940879816
Dominica,DMA,2000,962898467
Dominica,DMA,2001,962283707
Dominica,DMA,2002,932573962
Dominica,DMA,2003,986709458
Dominica,DMA,2004,1027143200
Dominica,DMA,2005,1036544503
Dominica,DMA,2006,1082160492
Dominica,DMA,2007,1140141975
Dominica,DMA,2008,1221335045
Dominica,DMA,2009,1207463714
Dominica,DMA,2010,1206188501
Dominica,DMA,2011,1206704013
Dominica,DMA,2012,1204804760
Dominica,DMA,2013,1204859024
Dominica,DMA,2014,1232995102
Dominica,DMA,2015,1191401460
Dominica,DMA,2016,1208643964
Dominica,DMA,2017,1117459467
Dominica,DMA,2018,1150581084
Dominica,DMA,2019,1196007148
Dominica,DMA,2020,1008157452
Dominica,DMA,2021,1062394694
Dominica,DMA,2022,1172849827
Dominica,DMA,2023,1215684767
Dominica,DMA,2024,1240639596
Dominican Republic,DOM,1990,52401790043
Dominican Republic,DOM,1991,52896535722
Dominican Republic,DOM,1992,58840764950
Dominican Republic,DOM,1993,63175384798
Dominican Republic,DOM,1994,64814017227
Dominican Republic,DOM,1995,68508408815
Dominican Republic,DOM,1996,72592327418
Dominican Republic,DOM,1997,79052719563
Dominican Republic,DOM,1998,84353880870
Dominican Republic,DOM,1999,89378428430
Dominican Republic,DOM,2000,93536067579
Dominican Republic,DOM,2001,95845819394
Dominican Republic,DOM,2002,100145945599
Dominican Republic,DOM,2003,98794618823
Dominican Republic,DOM,2004,101349019564
Dominican Republic,DOM,2005,110908045567
Dominican Republic,DOM,2006,121079651461
Dominican Republic,DOM,2007,130061831321
Dominican Republic,DOM,2008,134312364749
Dominican Republic,DOM,2009,135660126109
Dominican Republic,DOM,2010,147057130569
Dominican Republic,DOM,2011,151751138699
Dominican Republic,DOM,2012,155963251061
Dominican Republic,DOM,2013,163659621091
Dominican Republic,DOM,2014,175297827103
Dominican Republic,DOM,2015,187547133198
Dominican Republic,DOM,2016,200149814402
Dominican Republic,DOM,2017,208023431421
Dominican Republic,DOM,2018,222787928586
Dominican Republic,DOM,2019,233691236904
Dominican Republic,DOM,2020,215161736410
Dominican Republic,DOM,2021,245311121758
Dominican Republic,DOM,2022,258160411677
Dominican Republic,DOM,2023,263820058464
Dominican Republic,DOM,2024,276883628046
East Asia and Pacific (WB),,1990,10439117619687
East Asia and Pacific (WB),,1991,11016053267701
East Asia and Pacific (WB),,1992,11601418115757
East Asia and Pacific (WB),,1993,12216581109922
East Asia and Pacific (WB),,1994,12971515469579
East Asia and Pacific (WB),,1995,13811547771627
East Asia and Pacific (WB),,1996,14677337248829
East Asia and Pacific (WB),,1997,15341585276878
East Asia and Pacific (WB),,1998,15333071530174
East Asia and Pacific (WB),,1999,15975509182840
East Asia and Pacific (WB),,2000,16911558081131
East Asia and Pacific (WB),,2001,17545804157693
East Asia and Pacific (WB),,2002,18436243913232
East Asia and Pacific (WB),,2003,19476797053442
East Asia and Pacific (WB),,2004,20737319033838
East Asia and Pacific (WB),,2005,22100222678873
East Asia and Pacific (WB),,2006,23687872767597
East Asia and Pacific (WB),,2007,25634247532036
East Asia and Pacific (WB),,2008,26937393717768
East Asia and Pacific (WB),,2009,27869203414933
East Asia and Pacific (WB),,2010,30128609945898
East Asia and Pacific (WB),,2011,31929896103935
East Asia and Pacific (WB),,2012,33739478479897
East Asia and Pacific (WB),,2013,35633055350940
East Asia and Pacific (WB),,2014,37492019502970
East Asia and Pacific (WB),,2015,39385483897130
East Asia and Pacific (WB),,2016,41356806338231
East Asia and Pacific (WB),,2017,43588095487719
East Asia and Pacific (WB),,2018,45839161996666
East Asia and Pacific (WB),,2019,47883036657349
East Asia and Pacific (WB),,2020,47860582887616
East Asia and Pacific (WB),,2021,50911335061825
East Asia and Pacific (WB),,2022,52584802271693
East Asia and Pacific (WB),,2023,54883150350539
East Asia and Pacific (WB),,2024,57211023107517
East Timor,TLS,1990,1630800788
East Timor,TLS,1991,1805529359
East Timor,TLS,1992,1994379056
East Timor,TLS,1993,2197900762
East Timor,TLS,1994,2354453680
East Timor,TLS,1995,2511760963
East Timor,TLS,1996,2712254370
East Timor,TLS,1997,2820744382
East Timor,TLS,1998,2764329603
East Timor,TLS,1999,1784307551
East Timor,TLS,2000,2820599403
East Timor,TLS,2001,3281806356
East Timor,TLS,2002,3061805484
East Timor,TLS,2003,2994988801
East Timor,TLS,2004,3006968876
East Timor,TLS,2005,3096714256
East Timor,TLS,2006,2969250627
East Timor,TLS,2007,3274055738
East Timor,TLS,2008,3647128000
East Timor,TLS,2009,4017200416
East Timor,TLS,2010,4392065945
East Timor,TLS,2011,4653768939
East Timor,TLS,2012,4879971049
East Timor,TLS,2013,5031463252
East Timor,TLS,2014,5256495369
East Timor,TLS,2015,5386858578
East Timor,TLS,2016,5548999284
East Timor,TLS,2017,5372407086
East Timor,TLS,2018,5372413251
East Timor,TLS,2019,6630203371
East Timor,TLS,2020,8749343573
East Timor,TLS,2021,9214418303
East Timor,TLS,2022,7321630758
East Timor,TLS,2023,5994600488
East Timor,TLS,2024,5863371397
Ecuador,ECU,1990,95360865487
Ecuador,ECU,1991,99453126801
Ecuador,ECU,1992,101555874853
Ecuador,ECU,1993,103559793795
Ecuador,ECU,1994,107969629156
Ecuador,ECU,1995,110401697583
Ecuador,ECU,1996,112313576360
Ecuador,ECU,1997,117174356049
Ecuador,ECU,1998,121001890775
Ecuador,ECU,1999,115267144281
Ecuador,ECU,2000,116525632861
Ecuador,ECU,2001,121427017763
Ecuador,ECU,2002,127411057156
Ecuador,ECU,2003,131086229565
Ecuador,ECU,2004,140042561662
Ecuador,ECU,2005,147602930821
Ecuador,ECU,2006,154010568863
Ecuador,ECU,2007,156940509968
Ecuador,ECU,2008,167243529966
Ecuador,ECU,2009,169068178569
Ecuador,ECU,2010,175880168594
Ecuador,ECU,2011,190797403873
Ecuador,ECU,2012,201831622871
Ecuador,ECU,2013,216386178602
Ecuador,ECU,2014,225530799602
Ecuador,ECU,2015,225800742173
Ecuador,ECU,2016,224247336380
Ecuador,ECU,2017,237635796682
Ecuador,ECU,2018,240117414491
Ecuador,ECU,2019,240514579415
Ecuador,ECU,2020,218278775193
Ecuador,ECU,2021,238844767157
Ecuador,ECU,2022,252861189718
Ecuador,ECU,2023,257888672332
Ecuador,ECU,2024,252727662993
Egypt,EGY,1990,467559613551
Egypt,EGY,1991,472821550927
Egypt,EGY,1992,493970193092
Egypt,EGY,1993,508299235006
Egypt,EGY,1994,528494838804
Egypt,EGY,1995,553029993810
Egypt,EGY,1996,580619170145
Egypt,EGY,1997,612508834676
Egypt,EGY,1998,646659249202
Egypt,EGY,1999,685804370997
Egypt,EGY,2000,729490135696
Egypt,EGY,2001,755279450118
Egypt,EGY,2002,773332169940
Egypt,EGY,2003,798028182757
Egypt,EGY,2004,830684067473
Egypt,EGY,2005,867830136338
Egypt,EGY,2006,927223026666
Egypt,EGY,2007,992942994658
Egypt,EGY,2008,1064000811005
Egypt,EGY,2009,1113727950775
Egypt,EGY,2010,1171054144075
Egypt,EGY,2011,1191718237009
Egypt,EGY,2012,1218248266002
Egypt,EGY,2013,1244872668304
Egypt,EGY,2014,1281172058328
Egypt,EGY,2015,1337185145139
Egypt,EGY,2016,1395307815739
Egypt,EGY,2017,1453648719145
Egypt,EGY,2018,1531144311300
Egypt,EGY,2019,1616154868524
Egypt,EGY,2020,1673531030392
Egypt,EGY,2021,1728601012503
Egypt,EGY,2022,1842478578400
Egypt,EGY,2023,1911760941520
Egypt,EGY,2024,1957627322504
El Salvador,SLV,1990,32268857747
El Salvador,SLV,1991,32750982739
El Salvador,SLV,1992,35050744732
El Salvador,SLV,1993,37090107666
El Salvador,SLV,1994,38830398412
El Salvador,SLV,1995,40668661082
El Salvador,SLV,1996,40998671772
El Salvador,SLV,1997,42285197819
El Salvador,SLV,1998,43406718523
El Salvador,SLV,1999,44345186421
El Salvador,SLV,2000,44845358873
El Salvador,SLV,2001,45239824775
El Salvador,SLV,2002,45951410325
El Salvador,SLV,2003,46670730500
El Salvador,SLV,2004,47085822070
El Salvador,SLV,2005,48348112958
El Salvador,SLV,2006,50444969942
El Salvador,SLV,2007,51376992319
El Salvador,SLV,2008,52483859774
El Salvador,SLV,2009,51377096737
El Salvador,SLV,2010,52483859774
El Salvador,SLV,2011,54464382833
El Salvador,SLV,2012,56037150872
El Salvador,SLV,2013,57260415160
El Salvador,SLV,2014,58250676689
El Salvador,SLV,2015,59648692981
El Salvador,SLV,2016,61163210524
El Salvador,SLV,2017,62537926514
El Salvador,SLV,2018,64046619110
El Salvador,SLV,2019,65607737256
El Salvador,SLV,2020,60429252054
El Salvador,SLV,2021,67623210509
El Salvador,SLV,2022,69621216142
El Salvador,SLV,2023,72085220073
El Salvador,SLV,2024,73960892033
Equatorial Guinea,GNQ,1990,532523229
Equatorial Guinea,GNQ,1991,527079569
Equatorial Guinea,GNQ,1992,710215053
Equatorial Guinea,GNQ,1993,788574593
Equatorial Guinea,GNQ,1994,920020795
Equatorial Guinea,GNQ,1995,1080898057
Equatorial Guinea,GNQ,1996,1800559954
Equatorial Guinea,GNQ,1997,4500913077
Equatorial Guinea,GNQ,1998,5570981862
Equatorial Guinea,GNQ,1999,7000719507
Equatorial Guinea,GNQ,2000,8275815154
Equatorial Guinea,GNQ,2001,13521016489
Equatorial Guinea,GNQ,2002,16152589488
Equatorial Guinea,GNQ,2003,18406723783
Equatorial Guinea,GNQ,2004,25401044477
Equatorial Guinea,GNQ,2005,29655389367
Equatorial Guinea,GNQ,2006,31940312684
Equatorial Guinea,GNQ,2007,36821467655
Equatorial Guinea,GNQ,2008,43375360867
Equatorial Guinea,GNQ,2009,43958046505
Equatorial Guinea,GNQ,2010,40035153118
Equatorial Guinea,GNQ,2011,42647015932
Equatorial Guinea,GNQ,2012,46192207712
Equatorial Guinea,GNQ,2013,44282992075
Equatorial Guinea,GNQ,2014,44466795853
Equatorial Guinea,GNQ,2015,40415852453
Equatorial Guinea,GNQ,2016,36852622273
Equatorial Guinea,GNQ,2017,34763996771
Equatorial Guinea,GNQ,2018,32595924793
Equatorial Guinea,GNQ,2019,30809073115
Equatorial Guinea,GNQ,2020,29332985518
Equatorial Guinea,GNQ,2021,29585328380
Equatorial Guinea,GNQ,2022,30539013900
Equatorial Guinea,GNQ,2023,28984789203
Equatorial Guinea,GNQ,2024,29247753194
Estonia,EST,1990,30379251199
Estonia,EST,1991,27948958617
Estonia,EST,1992,22032539654
Estonia,EST,1993,20767762988
Estonia,EST,1994,20426668136
Estonia,EST,1995,21351318403
Estonia,EST,1996,22406716689
Estonia,EST,1997,25330797857
Estonia,EST,1998,26430110816
Estonia,EST,1999,26317776140
Estonia,EST,2000,28972618279
Estonia,EST,2001,30676424339
Estonia,EST,2002,32803221092
Estonia,EST,2003,35295052770
Estonia,EST,2004,37695363814
Estonia,EST,2005,41285113615
Estonia,EST,2006,45315602273
Estonia,EST,2007,48746409722
Estonia,EST,2008,46248004357
Estonia,EST,2009,39481818398
Estonia,EST,2010,40449024326
Estonia,EST,2011,43525971328
Estonia,EST,2012,45124253145
Estonia,EST,2013,45916857853
Estonia,EST,2014,47442578559
Estonia,EST,2015,48314645564
Estonia,EST,2016,49809026832
Estonia,EST,2017,52615602364
Estonia,EST,2018,54562220522
Estonia,EST,2019,56595563204
Estonia,EST,2020,54963456100
Estonia,EST,2021,58895787305
Estonia,EST,2022,58931378334
Estonia,EST,2023,57149859934
Estonia,EST,2024,57000695250
Eswatini,SWZ,1990,4817808165
Eswatini,SWZ,1991,4902619728
Eswatini,SWZ,1992,5060788367
Eswatini,SWZ,1993,5217982239
Eswatini,SWZ,1994,5343249880
Eswatini,SWZ,1995,5601096490
Eswatini,SWZ,1996,5816293629
Eswatini,SWZ,1997,5996761893
Eswatini,SWZ,1998,6152919942
Eswatini,SWZ,1999,6334484928
Eswatini,SWZ,2000,6445982862
Eswatini,SWZ,2001,6513972839
Eswatini,SWZ,2002,6799291291
Eswatini,SWZ,2003,7063118328
Eswatini,SWZ,2004,7319079669
Eswatini,SWZ,2005,7758134898
Eswatini,SWZ,2006,8223015293
Eswatini,SWZ,2007,8587736899
Eswatini,SWZ,2008,8658299236
Eswatini,SWZ,2009,8793805848
Eswatini,SWZ,2010,9127421304
Eswatini,SWZ,2011,9332535419
Eswatini,SWZ,2012,9836177897
Eswatini,SWZ,2013,10215973756
Eswatini,SWZ,2014,10362664667
Eswatini,SWZ,2015,10574781174
Eswatini,SWZ,2016,11069241640
Eswatini,SWZ,2017,11230497574
Eswatini,SWZ,2018,11259313459
Eswatini,SWZ,2019,11944237364
Eswatini,SWZ,2020,11602287926
Eswatini,SWZ,2021,12000822909
Eswatini,SWZ,2022,12135183003
Eswatini,SWZ,2023,12553176749
Eswatini,SWZ,2024,12884669067
Ethiopia,ETH,1990,41627443416
Ethiopia,ETH,1991,38656293093
Ethiopia,ETH,1992,35303833748
Ethiopia,ETH,1993,39943758005
Ethiopia,ETH,1994,41217949739
Ethiopia,ETH,1995,43743584313
Ethiopia,ETH,1996,49179238117
Ethiopia,ETH,1997,50720469629
Ethiopia,ETH,1998,48966485220
Ethiopia,ETH,1999,51494206591
Ethiopia,ETH,2000,54621561746
Ethiopia,ETH,2001,59155864904
Ethiopia,ETH,2002,60051913997
Ethiopia,ETH,2003,58753976115
Ethiopia,ETH,2004,66728420120
Ethiopia,ETH,2005,74614895914
Ethiopia,ETH,2006,82699216237
Ethiopia,ETH,2007,92173376557
Ethiopia,ETH,2008,102117521275
Ethiopia,ETH,2009,111106470410
Ethiopia,ETH,2010,125050930583
Ethiopia,ETH,2011,139029494039
Ethiopia,ETH,2012,151052502798
Ethiopia,ETH,2013,167037286559
Ethiopia,ETH,2014,184171124470
Ethiopia,ETH,2015,203311040475
Ethiopia,ETH,2016,222490352220
Ethiopia,ETH,2017,243769751476
Ethiopia,ETH,2018,260385457993
Ethiopia,ETH,2019,282164320936
Ethiopia,ETH,2020,299262155125
Ethiopia,ETH,2021,316145121458
Ethiopia,ETH,2022,332969605707
Ethiopia,ETH,2023,354926440591
Ethiopia,ETH,2024,380895311983
Europe and Central Asia (WB),,1990,23924343563360
Europe and Central Asia (WB),,1991,23622728378863
Europe and Central Asia (WB),,1992,22928267362640
Europe and Central Asia (WB),,1993,22444392537278
Europe and Central Asia (WB),,1994,22214042835964
Europe and Central Asia (WB),,1995,22530656410959
Europe and Central Asia (WB),,1996,22827868743982
Europe and Central Asia (WB),,1997,23473089124842
Europe and Central Asia (WB),,1998,23929966180511
Europe and Central Asia (WB),,1999,24629990521500
Europe and Central Asia (WB),,2000,25823623110226
Europe and Central Asia (WB),,2001,26488454634325
Europe and Central Asia (WB),,2002,27046495459065
Europe and Central Asia (WB),,2003,27741014571112
Europe and Central Asia (WB),,2004,28844760037829
Europe and Central Asia (WB),,2005,29796723008852
Europe and Central Asia (WB),,2006,31184780697371
Europe and Central Asia (WB),,2007,32566972004270
Europe and Central Asia (WB),,2008,33115219992372
Europe and Central Asia (WB),,2009,31518090435199
Europe and Central Asia (WB),,2010,32425558934146
Europe and Central Asia (WB),,2011,33347844039747
Europe and Central Asia (WB),,2012,33588434209584
Europe and Central Asia (WB),,2013,33956213123074
Europe and Central Asia (WB),,2014,34529989553857
Europe and Central Asia (WB),,2015,35090835317628
Europe and Central Asia (WB),,2016,35718315068003
Europe and Central Asia (WB),,2017,36793314226099
Europe and Central Asia (WB),,2018,37683638009098
Europe and Central Asia (WB),,2019,38456541579505
Europe and Central Asia (WB),,2020,36607420516790
Europe and Central Asia (WB),,2021,39054768478547
Europe and Central Asia (WB),,2022,40026240018442
Europe and Central Asia (WB),,2023,40687901267257
Europe and Central Asia (WB),,2024,41492675094273
European Union (27),,1990,14057046952413
European Union (27),,1991,14165767371244
European Union (27),,1992,14248859446512
European Union (27),,1993,14167221931669
European Union (27),,1994,14550393724199
European Union (27),,1995,14968063486705
European Union (27),,1996,15274331968366
European Union (27),,1997,15666758369397
European Union (27),,1998,16126015810502
European Union (27),,1999,16592931195720
European Union (27),,2000,17245457178985
European Union (27),,2001,17633240717601
European Union (27),,2002,17853460726587
European Union (27),,2003,18051725307226
European Union (27),,2004,18554620513686
European Union (27),,2005,18949952136941
European Union (27),,2006,19656527338177
European Union (27),,2007,20308264319937
European Union (27),,2008,20485897598180
European Union (27),,2009,19614791378104
European Union (27),,2010,20009303557233
European Union (27),,2011,20400655518682
European Union (27),,2012,20247071641898
European Union (27),,2013,20234545749385
European Union (27),,2014,20580377292807
European Union (27),,2015,21080263488108
European Union (27),,2016,21503098144674
European Union (27),,2017,22138994268476
European Union (27),,2018,22640817214732
European Union (27),,2019,23097880499913
European Union (27),,2020,21803780463119
European Union (27),,2021,23194227732458
European Union (27),,2022,24035659451416
European Union (27),,2023,24169894979057
European Union (27),,2024,24441011150165
Faroe Islands,FRO,2008,2598661867
Faroe Islands,FRO,2009,2480337042
Faroe Islands,FRO,2010,2470916275
Faroe Islands,FRO,2011,2559038124
Faroe Islands,FRO,2012,2740255985
Faroe Islands,FRO,2013,2900729318
Faroe Islands,FRO,2014,3058301056
Faroe Islands,FRO,2015,3087599639
Faroe Islands,FRO,2016,3130407601
Faroe Islands,FRO,2017,3240347944
Faroe Islands,FRO,2018,3329901749
Faroe Islands,FRO,2019,3481029683
Faroe Islands,FRO,2020,3424034046
Faroe Islands,FRO,2021,3612505897
Faroe Islands,FRO,2022,3740967467
Faroe Islands,FRO,2023,3834082322
Fiji,FJI,1990,6284654636
Fiji,FJI,1991,6114968727
Fiji,FJI,1992,6487981936
Fiji,FJI,1993,6626178055
Fiji,FJI,1994,6964113109
Fiji,FJI,1995,7138215835
Fiji,FJI,1996,7480850226
Fiji,FJI,1997,7316271568
Fiji,FJI,1998,7411383132
Fiji,FJI,1999,8063584753
Fiji,FJI,2000,7926503940
Fiji,FJI,2001,8085034030
Fiji,FJI,2002,8343755047
Fiji,FJI,2003,8427192543
Fiji,FJI,2004,8873833723
Fiji,FJI,2005,8935950595
Fiji,FJI,2006,9101487638
Fiji,FJI,2007,9024065442
Fiji,FJI,2008,9117265468
Fiji,FJI,2009,8990896731
Fiji,FJI,2010,9256548277
Fiji,FJI,2011,9506951147
Fiji,FJI,2012,9641124116
Fiji,FJI,2013,10097556093
Fiji,FJI,2014,10663374103
Fiji,FJI,2015,11143353942
Fiji,FJI,2016,11415881578
Fiji,FJI,2017,12027015337
Fiji,FJI,2018,12485527403
Fiji,FJI,2019,12412868287
Fiji,FJI,2020,10297880948
Fiji,FJI,2021,9795237652
Fiji,FJI,2022,11733982269
Fiji,FJI,2023,12616881282
Fiji,FJI,2024,13099981526
Finland,FIN,1990,193509018830
Finland,FIN,1991,182129534851
Finland,FIN,1992,176098545485
Finland,FIN,1993,174725302504
Finland,FIN,1994,181652064937
Finland,FIN,1995,189343880214
Finland,FIN,1996,196278897419
Finland,FIN,1997,208836233781
Finland,FIN,1998,220226726284
Finland,FIN,1999,229893095486
Finland,FIN,2000,243120541202
Finland,FIN,2001,249539560604
Finland,FIN,2002,253750107597
Finland,FIN,2003,258855052077
Finland,FIN,2004,269223179327
Finland,FIN,2005,276700339415
Finland,FIN,2006,287822512283
Finland,FIN,2007,303113951801
Finland,FIN,2008,305491672319
Finland,FIN,2009,280820069654
Finland,FIN,2010,289717257976
Finland,FIN,2011,296642643533
Finland,FIN,2012,292125250313
Finland,FIN,2013,289263179392
Finland,FIN,2014,287880303466
Finland,FIN,2015,289223275925
Finland,FIN,2016,296661908125
Finland,FIN,2017,306461748706
Finland,FIN,2018,310117768713
Finland,FIN,2019,314303547500
Finland,FIN,2020,306474132809
Finland,FIN,2021,314676442275
Finland,FIN,2022,317077555419
Finland,FIN,2023,314075132629
Finland,FIN,2024,313590782225
France,FRA,1990,2252131019723
France,FRA,1991,2279982279111
France,FRA,1992,2314548203918
France,FRA,1993,2306239026543
France,FRA,1994,2361211943582
France,FRA,1995,2415632986071
France,FRA,1996,2449381308300
France,FRA,1997,2511278683611
France,FRA,1998,2597982949373
France,FRA,1999,2686296393899
France,FRA,2000,2797535926604
France,FRA,2001,2850674198675
France,FRA,2002,2881112280148
France,FRA,2003,2908996467955
France,FRA,2004,2992433774420
France,FRA,2005,3048947856501
France,FRA,2006,3131698267518
France,FRA,2007,3210945324824
France,FRA,2008,3223152421770
France,FRA,2009,3132112820496
France,FRA,2010,3194765248768
France,FRA,2011,3272640096893
France,FRA,2012,3278656363487
France,FRA,2013,3304287470958
France,FRA,2014,3337258740017
France,FRA,2015,3372859106073
France,FRA,2016,3401866742516
France,FRA,2017,3472748543479
France,FRA,2018,3529906814718
France,FRA,2019,3601473785622
France,FRA,2020,3333500874071
France,FRA,2021,3562923665911
France,FRA,2022,3654520749632
France,FRA,2023,3688744880326
France,FRA,2024,3731760755094
Gabon,GAB,1990,23496300368
Gabon,GAB,1991,24932512547
Gabon,GAB,1992,24162061595
Gabon,GAB,1993,25115630646
Gabon,GAB,1994,26048112439
Gabon,GAB,1995,27343705897
Gabon,GAB,1996,28334928640
Gabon,GAB,1997,29960890946
Gabon,GAB,1998,31002880875
Gabon,GAB,1999,28233510468
Gabon,GAB,2000,27701882953
Gabon,GAB,2001,28293382817
Gabon,GAB,2002,28222922909
Gabon,GAB,2003,28857185126
Gabon,GAB,2004,29056167842
Gabon,GAB,2005,29833769975
Gabon,GAB,2006,28996461844
Gabon,GAB,2007,30738600595
Gabon,GAB,2008,29721635312
Gabon,GAB,2009,29760371852
Gabon,GAB,2010,31870348681
Gabon,GAB,2011,34130515199
Gabon,GAB,2012,35922734804
Gabon,GAB,2013,37948309693
Gabon,GAB,2014,39585765763
Gabon,GAB,2015,41121257791
Gabon,GAB,2016,41981285134
Gabon,GAB,2017,42179706332
Gabon,GAB,2018,42533137085
Gabon,GAB,2019,44200780065
Gabon,GAB,2020,43388475339
Gabon,GAB,2021,44025399637
Gabon,GAB,2022,45362721558
Gabon,GAB,2023,46472239669
Gabon,GAB,2024,48044817322
Gambia,GMB,1990,2798934224
Gambia,GMB,1991,2885898208
Gambia,GMB,1992,2983403727
Gambia,GMB,1993,3073266872
Gambia,GMB,1994,3078010335
Gambia,GMB,1995,3105153715
Gambia,GMB,1996,3174198225
Gambia,GMB,1997,3329733910
Gambia,GMB,1998,3446274554
Gambia,GMB,1999,3666836092
Gambia,GMB,2000,3868512085
Gambia,GMB,2001,4092885796
Gambia,GMB,2002,3959867001
Gambia,GMB,2003,4231909849
Gambia,GMB,2004,4530259494
Gambia,GMB,2005,4423720051
Gambia,GMB,2006,4399142704
Gambia,GMB,2007,4533019593
Gambia,GMB,2008,4816601016
Gambia,GMB,2009,5137662361
Gambia,GMB,2010,5441212706
Gambia,GMB,2011,4998817942
Gambia,GMB,2012,5260834446
Gambia,GMB,2013,5411966056
Gambia,GMB,2014,5335798993
Gambia,GMB,2015,5552329654
Gambia,GMB,2016,5660231389
Gambia,GMB,2017,5933202344
Gambia,GMB,2018,6362463027
Gambia,GMB,2019,6758338859
Gambia,GMB,2020,6798313574
Gambia,GMB,2021,7155630814
Gambia,GMB,2022,7548689490
Gambia,GMB,2023,7910838543
Gambia,GMB,2024,8365452098
Georgia,GEO,1990,62027887438
Georgia,GEO,1991,48940095710
Georgia,GEO,1992,26966102946
Georgia,GEO,1993,19064989882
Georgia,GEO,1994,17082568368
Georgia,GEO,1995,17526130080
Georgia,GEO,1996,19489502932
Georgia,GEO,1997,21539955383
Georgia,GEO,1998,22208019188
Georgia,GEO,1999,22844788762
Georgia,GEO,2000,23265219954
Georgia,GEO,2001,24383648564
Georgia,GEO,2002,25718415555
Georgia,GEO,2003,28562108736
Georgia,GEO,2004,30216621133
Georgia,GEO,2005,33114739064
Georgia,GEO,2006,36234637851
Georgia,GEO,2007,40791350035
Georgia,GEO,2008,41779159245
Georgia,GEO,2009,40253905629
Georgia,GEO,2010,42768329074
Georgia,GEO,2011,46161712229
Georgia,GEO,2012,49198613272
Georgia,GEO,2013,51723921667
Georgia,GEO,2014,53839683818
Georgia,GEO,2015,55643864277
Georgia,GEO,2016,57563697329
Georgia,GEO,2017,60533928053
Georgia,GEO,2018,64203516814
Georgia,GEO,2019,67658127813
Georgia,GEO,2020,63402112372
Georgia,GEO,2021,70150781357
Georgia,GEO,2022,77838277278
Georgia,GEO,2023,83934727816
Georgia,GEO,2024,91848574230
Germany,DEU,1990,3365857796014
Germany,DEU,1991,3537794614176
Germany,DEU,1992,3609052315479
Germany,DEU,1993,3573925276757
Germany,DEU,1994,3666761021952
Germany,DEU,1995,3721960654229
Germany,DEU,1996,3760600405552
Germany,DEU,1997,3830352671067
Germany,DEU,1998,3910643045290
Germany,DEU,1999,3993944305636
Germany,DEU,2000,4108859906651
Germany,DEU,2001,4176103083425
Germany,DEU,2002,4166568613124
Germany,DEU,2003,4144488757303
Germany,DEU,2004,4192662978927
Germany,DEU,2005,4229797279915
Germany,DEU,2006,4392887102554
Germany,DEU,2007,4519846248065
Germany,DEU,2008,4560995073582
Germany,DEU,2009,4308080391872
Germany,DEU,2010,4486726471608
Germany,DEU,2011,4655336254565
Germany,DEU,2012,4677416110386
Germany,DEU,2013,4695481441676
Germany,DEU,2014,4797349859790
Germany,DEU,2015,4876636610153
Germany,DEU,2016,4988541310498
Germany,DEU,2017,5124031316998
Germany,DEU,2018,5181238211541
Germany,DEU,2019,5232423319289
Germany,DEU,2020,5018148388902
Germany,DEU,2021,5202314428956
Germany,DEU,2022,5273572144806
Germany,DEU,2023,5259521323498
Germany,DEU,2024,5246975952526
Ghana,GHA,1990,42884426695
Ghana,GHA,1991,45149507665
Ghana,GHA,1992,46901046280
Ghana,GHA,1993,49175747284
Ghana,GHA,1994,50798546816
Ghana,GHA,1995,52887595893
Ghana,GHA,1996,55321726950
Ghana,GHA,1997,57643224355
Ghana,GHA,1998,60352681160
Ghana,GHA,1999,63008197216
Ghana,GHA,2000,65339500564
Ghana,GHA,2001,67953080670
Ghana,GHA,2002,71010969001
Ghana,GHA,2003,74703539483
Ghana,GHA,2004,78886937688
Ghana,GHA,2005,83541270024
Ghana,GHA,2006,88887838295
Ghana,GHA,2007,92751631832
Ghana,GHA,2008,101238219656
Ghana,GHA,2009,106142692099
Ghana,GHA,2010,114527659021
Ghana,GHA,2011,130615500817
Ghana,GHA,2012,142753324240
Ghana,GHA,2013,153192196788
Ghana,GHA,2014,157567733839
Ghana,GHA,2015,160909366269
Ghana,GHA,2016,166337588628
Ghana,GHA,2017,179858996355
Ghana,GHA,2018,191010393846
Ghana,GHA,2019,203440920110
Ghana,GHA,2020,204486487774
Ghana,GHA,2021,214867175690
Ghana,GHA,2022,223042549015
Ghana,GHA,2023,230046288018
Ghana,GHA,2024,243124126422
Greece,GRC,1990,274460040199
Greece,GRC,1991,282968300639
Greece,GRC,1992,284949079698
Greece,GRC,1993,280389894360
Greece,GRC,1994,285997691819
Greece,GRC,1995,292002841216
Greece,GRC,1996,296039694569
Greece,GRC,1997,306705659183
Greece,GRC,1998,317246935774
Greece,GRC,1999,325681851692
Greece,GRC,2000,339158003267
Greece,GRC,2001,354930256549
Greece,GRC,2002,371552127678
Greece,GRC,2003,393090345917
Greece,GRC,2004,414230219339
Greece,GRC,2005,419132660309
Greece,GRC,2006,446139044189
Greece,GRC,2007,461784559445
Greece,GRC,2008,462049965613
Greece,GRC,2009,443016851961
Greece,GRC,2010,417792618868
Greece,GRC,2011,376528166256
Greece,GRC,2012,345159099383
Greece,GRC,2013,337316680813
Greece,GRC,2014,339988988093
Greece,GRC,2015,339212786800
Greece,GRC,2016,339104934882
Greece,GRC,2017,344100373528
Greece,GRC,2018,351204917864
Greece,GRC,2019,359202488307
Greece,GRC,2020,326169395938
Greece,GRC,2021,354397719330
Greece,GRC,2022,374753080482
Greece,GRC,2023,383492788697
Greece,GRC,2024,392204733303
Greenland,GRL,1990,2120448808
Greenland,GRL,1991,2118042849
Greenland,GRL,1992,2009774852
Greenland,GRL,1993,1908724726
Greenland,GRL,1994,2021804638
Greenland,GRL,1995,2097191212
Greenland,GRL,1996,2129270632
Greenland,GRL,1997,2160548050
Greenland,GRL,1998,2328162974
Greenland,GRL,1999,2360242369
Greenland,GRL,2000,2527857268
Greenland,GRL,2001,2559936663
Greenland,GRL,2002,2535075139
Greenland,GRL,2003,2647380127
Greenland,GRL,2004,2830223628
Greenland,GRL,2005,2971380799
Greenland,GRL,2006,3136461651
Greenland,GRL,2007,3210244966
Greenland,GRL,2008,3408192930
Greenland,GRL,2009,3437706257
Greenland,GRL,2010,3497378823
Greenland,GRL,2011,3480013659
Greenland,GRL,2012,3528531778
Greenland,GRL,2013,3482721532
Greenland,GRL,2014,3647876912
Greenland,GRL,2015,3555610504
Greenland,GRL,2016,3722082556
Greenland,GRL,2017,3724045142
Greenland,GRL,2018,3747248380
Greenland,GRL,2019,3853377108
Greenland,GRL,2020,3863040983
Greenland,GRL,2021,3926166709
Greenland,GRL,2022,4004868911
Greenland,GRL,2023,4039549554
Grenada,GRD,1990,888554041
Grenada,GRD,1991,900865364
Grenada,GRD,1992,893197660
Grenada,GRD,1993,875701565
Grenada,GRD,1994,890532061
Grenada,GRD,1995,909495720
Grenada,GRD,1996,949861275
Grenada,GRD,1997,997501516
Grenada,GRD,1998,1114742887
Grenada,GRD,1999,1191641891
Grenada,GRD,2000,1249888777
Grenada,GRD,2001,1224592277
Grenada,GRD,2002,1266685476
Grenada,GRD,2003,1386564253
Grenada,GRD,2004,1377586938
Grenada,GRD,2005,1560477974
Grenada,GRD,2006,1498131757
Grenada,GRD,2007,1589869120
Grenada,GRD,2008,1604933808
Grenada,GRD,2009,1498795020
Grenada,GRD,2010,1491133986
Grenada,GRD,2011,1502537785
Grenada,GRD,2012,1485185905
Grenada,GRD,2013,1520104081
Grenada,GRD,2014,1631712007
Grenada,GRD,2015,1736879487
Grenada,GRD,2016,1801831901
Grenada,GRD,2017,1881809375
Grenada,GRD,2018,1963883370
Grenada,GRD,2019,1977169271
Grenada,GRD,2020,1705177563
Grenada,GRD,2021,1785107389
Grenada,GRD,2022,1915790471
Grenada,GRD,2023,2005444902
Grenada,GRD,2024,2079507172
Guatemala,GTM,1990,68540699950
Guatemala,GTM,1991,71048089250
Guatemala,GTM,1992,74485636552
Guatemala,GTM,1993,77410785779
Guatemala,GTM,1994,80533336768
Guatemala,GTM,1995,84518567193
Guatemala,GTM,1996,87018440375
Guatemala,GTM,1997,90816003383
Guatemala,GTM,1998,95350925762
Guatemala,GTM,1999,99019135173
Guatemala,GTM,2000,102592605767
Guatemala,GTM,2001,104985655104
Guatemala,GTM,2002,109016355802
Guatemala,GTM,2003,111807586230
Guatemala,GTM,2004,115316015302
Guatemala,GTM,2005,119093799014
Guatemala,GTM,2006,125466981939
Guatemala,GTM,2007,133418726303
Guatemala,GTM,2008,137812904075
Guatemala,GTM,2009,138470131205
Guatemala,GTM,2010,142463852704
Guatemala,GTM,2011,148395914873
Guatemala,GTM,2012,152810260868
Guatemala,GTM,2013,158456323458
Guatemala,GTM,2014,165498087343
Guatemala,GTM,2015,172270551618
Guatemala,GTM,2016,176883617157
Guatemala,GTM,2017,182331369489
Guatemala,GTM,2018,188543168534
Guatemala,GTM,2019,196118640608
Guatemala,GTM,2020,192616840406
Guatemala,GTM,2021,208106516253
Guatemala,GTM,2022,216814771066
Guatemala,GTM,2023,224475176678
Guatemala,GTM,2024,232672706256
Guinea,GIN,1990,13549165645
Guinea,GIN,1991,13903262657
Guinea,GIN,1992,14358031051
Guinea,GIN,1993,15082270891
Guinea,GIN,1994,15681051993
Guinea,GIN,1995,16403583623
Guinea,GIN,1996,17135441823
Guinea,GIN,1997,18023332469
Guinea,GIN,1998,18680124556
Guinea,GIN,1999,19392211658
Guinea,GIN,2000,19877610460
Guinea,GIN,2001,20604802321
Guinea,GIN,2002,21668959892
Guinea,GIN,2003,21939518798
Guinea,GIN,2004,22452929276
Guinea,GIN,2005,23125904765
Guinea,GIN,2006,23401011017
Guinea,GIN,2007,24996368183
Guinea,GIN,2008,26029472119
Guinea,GIN,2009,25737254320
Guinea,GIN,2010,26976081069
Guinea,GIN,2011,28490008891
Guinea,GIN,2012,30175274472
Guinea,GIN,2013,31365896381
Guinea,GIN,2014,32525353401
Guinea,GIN,2015,33769744334
Guinea,GIN,2016,37423842474
Guinea,GIN,2017,41278500248
Guinea,GIN,2018,43903190354
Guinea,GIN,2019,46369195006
Guinea,GIN,2020,48550675963
Guinea,GIN,2021,51260936277
Guinea,GIN,2022,53297229730
Guinea,GIN,2023,56250816533
Guinea,GIN,2024,59439407532
Guinea-Bissau,GNB,1990,1893034390
Guinea-Bissau,GNB,1991,1989579145
Guinea-Bissau,GNB,1992,2011464515
Guinea-Bissau,GNB,1993,2053705270
Guinea-Bissau,GNB,1994,2119423839
Guinea-Bissau,GNB,1995,2212678488
Guinea-Bissau,GNB,1996,2469349192
Guinea-Bissau,GNB,1997,2629856890
Guinea-Bissau,GNB,1998,2039566390
Guinea-Bissau,GNB,1999,2382519912
Guinea-Bissau,GNB,2000,2408734258
Guinea-Bissau,GNB,2001,2524015597
Guinea-Bissau,GNB,2002,2616241513
Guinea-Bissau,GNB,2003,2608760866
Guinea-Bissau,GNB,2004,2639332713
Guinea-Bissau,GNB,2005,2812466898
Guinea-Bissau,GNB,2006,2887461467
Guinea-Bissau,GNB,2007,2961375470
Guinea-Bissau,GNB,2008,3095365128
Guinea-Bissau,GNB,2009,3171138152
Guinea-Bissau,GNB,2010,3348891960
Guinea-Bissau,GNB,2011,3619651271
Guinea-Bissau,GNB,2012,3557651365
Guinea-Bissau,GNB,2013,3673491052
Guinea-Bissau,GNB,2014,3708922819
Guinea-Bissau,GNB,2015,3936431459
Guinea-Bissau,GNB,2016,4150285115
Guinea-Bissau,GNB,2017,4343841109
Guinea-Bissau,GNB,2018,4507232676
Guinea-Bissau,GNB,2019,4758093769
Guinea-Bissau,GNB,2020,4859351472
Guinea-Bissau,GNB,2021,5113853513
Guinea-Bissau,GNB,2022,5399469252
Guinea-Bissau,GNB,2023,5640485327
Guinea-Bissau,GNB,2024,5911989295
Guyana,GUY,1990,3805285434
Guyana,GUY,1991,4035804534
Guyana,GUY,1992,4348897640
Guyana,GUY,1993,4704424609
Guyana,GUY,1994,5105826025
Guyana,GUY,1995,5362722933
Guyana,GUY,1996,5789355296
Guyana,GUY,1997,6147175988
Guyana,GUY,1998,6043958480
Guyana,GUY,1999,6222868826
Guyana,GUY,2000,6138001098
Guyana,GUY,2001,6277918162
Guyana,GUY,2002,6349023556
Guyana,GUY,2003,6308883417
Guyana,GUY,2004,6407513479
Guyana,GUY,2005,6282505608
Guyana,GUY,2006,6604773603
Guyana,GUY,2007,7079738476
Guyana,GUY,2008,7204003710
Guyana,GUY,2009,7464176914
Guyana,GUY,2010,7773077517
Guyana,GUY,2011,8176986178
Guyana,GUY,2012,8608431004
Guyana,GUY,2013,8922930074
Guyana,GUY,2014,9073414794
Guyana,GUY,2015,9135785864
Guyana,GUY,2016,9483626915
Guyana,GUY,2017,9837792161
Guyana,GUY,2018,10274679940
Guyana,GUY,2019,10824667122
Guyana,GUY,2020,15531194686
Guyana,GUY,2021,18646751960
Guyana,GUY,2022,30456604136
Guyana,GUY,2023,40749416889
Guyana,GUY,2024,58423257845
Haiti,HTI,1990,27050130483
Haiti,HTI,1991,27558820285
Haiti,HTI,1992,26095465413
Haiti,HTI,1993,24679448219
Haiti,HTI,1994,21730098851
Haiti,HTI,1995,23880880472
Haiti,HTI,1996,24869733601
Haiti,HTI,1997,25542388751
Haiti,HTI,1998,26099682890
Haiti,HTI,1999,26807049026
Haiti,HTI,2000,27040286238
Haiti,HTI,2001,26947606229
Haiti,HTI,2002,27231046577
Haiti,HTI,2003,28178899327
Haiti,HTI,2004,27807541798
Haiti,HTI,2005,28661837694
Haiti,HTI,2006,29168794121
Haiti,HTI,2007,30541632149
Haiti,HTI,2008,31353438599
Haiti,HTI,2009,33200274946
Haiti,HTI,2010,31323957578
Haiti,HTI,2011,32920919826
Haiti,HTI,2012,33086322561
Haiti,HTI,2013,34517234583
Haiti,HTI,2014,35514358967
Haiti,HTI,2015,36011559995
Haiti,HTI,2016,36664258025
Haiti,HTI,2017,37584630388
Haiti,HTI,2018,38211470971
Haiti,HTI,2019,37553050262
Haiti,HTI,2020,36311732131
Haiti,HTI,2021,35658760079
Haiti,HTI,2022,35058985451
Haiti,HTI,2023,34405526560
Haiti,HTI,2024,32970942041
High-income countries,,1990,41342482034050
High-income countries,,1991,41507638059635
High-income countries,,1992,41670126152426
High-income countries,,1993,41865377987439
High-income countries,,1994,42746928924800
High-income countries,,1995,43823841123384
High-income countries,,1996,44981970304301
High-income countries,,1997,46490675503290
High-income countries,,1998,47567621852643
High-income countries,,1999,49263647956255
High-income countries,,2000,51487336590960
High-income countries,,2001,52408144546666
High-income countries,,2002,53355932715328
High-income countries,,2003,54723176272830
High-income countries,,2004,56807251163709
High-income countries,,2005,58627445941841
High-income countries,,2006,60767235396863
High-income countries,,2007,62772596598592
High-income countries,,2008,63455994175371
High-income countries,,2009,61183468928474
High-income countries,,2010,63119987573547
High-income countries,,2011,64610276754260
High-income countries,,2012,65600269982928
High-income countries,,2013,66623133770723
High-income countries,,2014,68028258864027
High-income countries,,2015,69491555322249
High-income countries,,2016,70733274793016
High-income countries,,2017,72500328009353
High-income countries,,2018,74270204093043
High-income countries,,2019,75713423914247
High-income countries,,2020,72738757839287
High-income countries,,2021,77036371814341
High-income countries,,2022,79332418433233
High-income countries,,2023,80791733321494
High-income countries,,2024,82451019873491
Honduras,HND,1990,22048820694
Honduras,HND,1991,21316952332
Honduras,HND,1992,22611677481
Honduras,HND,1993,24080468333
Honduras,HND,1994,24131495687
Honduras,HND,1995,25625067450
Honduras,HND,1996,26104455137
Honduras,HND,1997,27304759667
Honduras,HND,1998,28285064169
Honduras,HND,1999,28076984787
Honduras,HND,2000,30124158654
Honduras,HND,2001,30944497716
Honduras,HND,2002,32106258710
Honduras,HND,2003,33566142510
Honduras,HND,2004,35658086204
Honduras,HND,2005,37815614090
Honduras,HND,2006,40299057568
Honduras,HND,2007,42792895096
Honduras,HND,2008,44603719292
Honduras,HND,2009,43519122818
Honduras,HND,2010,45142882367
Honduras,HND,2011,46874423691
Honduras,HND,2012,48809722279
Honduras,HND,2013,50172274844
Honduras,HND,2014,51706583428
Honduras,HND,2015,53692157582
Honduras,HND,2016,55782378349
Honduras,HND,2017,58483870910
Honduras,HND,2018,60732572687
Honduras,HND,2019,62287104477
Honduras,HND,2020,56703014340
Honduras,HND,2021,63827909343
Honduras,HND,2022,66472658301
Honduras,HND,2023,68849619261
Honduras,HND,2024,71296514097
Hong Kong,HKG,1990,180255654693
Hong Kong,HKG,1991,190533828633
Hong Kong,HKG,1992,202413524047
Hong Kong,HKG,1993,214965446502
Hong Kong,HKG,1994,227940734668
Hong Kong,HKG,1995,233351375237
Hong Kong,HKG,1996,243288579009
Hong Kong,HKG,1997,255695639384
Hong Kong,HKG,1998,240653931323
Hong Kong,HKG,1999,246686390279
Hong Kong,HKG,2000,265590975503
Hong Kong,HKG,2001,267080626607
Hong Kong,HKG,2002,271505367677
Hong Kong,HKG,2003,279803369087
Hong Kong,HKG,2004,304146395002
Hong Kong,HKG,2005,326617266933
Hong Kong,HKG,2006,349587033820
Hong Kong,HKG,2007,372187360534
Hong Kong,HKG,2008,380107213300
Hong Kong,HKG,2009,370759841028
Hong Kong,HKG,2010,395851628054
Hong Kong,HKG,2011,414910621183
Hong Kong,HKG,2012,421965320762
Hong Kong,HKG,2013,435052646767
Hong Kong,HKG,2014,447070672907
Hong Kong,HKG,2015,457745752201
Hong Kong,HKG,2016,467703722329
Hong Kong,HKG,2017,485458286852
Hong Kong,HKG,2018,499278966673
Hong Kong,HKG,2019,490929049372
Hong Kong,HKG,2020,458798807417
Hong Kong,HKG,2021,488411631115
Hong Kong,HKG,2022,470419760733
Hong Kong,HKG,2023,485541352277
Hong Kong,HKG,2024,497879917171
Hungary,HUN,1990,220934829084
Hungary,HUN,1991,194661168931
Hungary,HUN,1992,188696399653
Hungary,HUN,1993,187609303620
Hungary,HUN,1994,193138439758
Hungary,HUN,1995,196015286022
Hungary,HUN,1996,196213720583
Hungary,HUN,1997,202056727892
Hungary,HUN,1998,209832089294
Hungary,HUN,1999,216307629516
Hungary,HUN,2000,225845444094
Hungary,HUN,2001,235019345142
Hungary,HUN,2002,246135913654
Hungary,HUN,2003,255830659917
Hungary,HUN,2004,268527856282
Hungary,HUN,2005,280075314531
Hungary,HUN,2006,291093285910
Hungary,HUN,2007,292060747073
Hungary,HUN,2008,294962186846
Hungary,HUN,2009,275081245566
Hungary,HUN,2010,278018977603
Hungary,HUN,2011,283347792830
Hungary,HUN,2012,279552393162
Hungary,HUN,2013,285233372770
Hungary,HUN,2014,297596395848
Hungary,HUN,2015,308487876817
Hungary,HUN,2016,316010789936
Hungary,HUN,2017,329043656039
Hungary,HUN,2018,347490297930
Hungary,HUN,2019,365133023043
Hungary,HUN,2020,349290903827
Hungary,HUN,2021,374519891736
Hungary,HUN,2022,390513192763
Hungary,HUN,2023,387223006488
Hungary,HUN,2024,389206772373
Iceland,ISL,1990,10222792388
Iceland,ISL,1991,10199941837
Iceland,ISL,1992,9855806596
Iceland,ISL,1993,9985257636
Iceland,ISL,1994,10345611400
Iceland,ISL,1995,10357672696
Iceland,ISL,1996,10830720405
Iceland,ISL,1997,11455827611
Iceland,ISL,1998,12299365197
Iceland,ISL,1999,12795635965
Iceland,ISL,2000,13433503890
Iceland,ISL,2001,13972657238
Iceland,ISL,2002,14050836924
Iceland,ISL,2003,14351902573
Iceland,ISL,2004,15471695341
Iceland,ISL,2005,16419249893
Iceland,ISL,2006,17456452763
Iceland,ISL,2007,18932371423
Iceland,ISL,2008,19350681491
Iceland,ISL,2009,17867682121
Iceland,ISL,2010,17361530902
Iceland,ISL,2011,17681986420
Iceland,ISL,2012,17870058498
Iceland,ISL,2013,18683585815
Iceland,ISL,2014,18998818084
Iceland,ISL,2015,19841731757
Iceland,ISL,2016,21092492447
Iceland,ISL,2017,21977311703
Iceland,ISL,2018,23051820494
Iceland,ISL,2019,23480855893
Iceland,ISL,2020,21851178110
Iceland,ISL,2021,22951036648
Iceland,ISL,2022,25011803539
Iceland,ISL,2023,26424085476
Iceland,ISL,2024,26560661829
India,IND,1990,1905660987236
India,IND,1991,1925800611593
India,IND,1992,2031380627684
India,IND,1993,2127886975436
India,IND,1994,2269581353432
India,IND,1995,2441490607802
India,IND,1996,2625811484450
India,IND,1997,2732152145428
India,IND,1998,2901119794984
India,IND,1999,3157745760533
India,IND,2000,3279034495943
India,IND,2001,3437214013863
India,IND,2002,3567964786685
India,IND,2003,3848420429844
India,IND,2004,4153328341064
India,IND,2005,4482414430651
India,IND,2006,4843729870659
India,IND,2007,5214799058396
India,IND,2008,5375764159724
India,IND,2009,5798400761878
India,IND,2010,6291124777993
India,IND,2011,6620862520105
India,IND,2012,6982122438465
India,IND,2013,7428008206430
India,IND,2014,7978440521051
India,IND,2015,8616416873256
India,IND,2016,9327814573620
India,IND,2017,9961675338509
India,IND,2018,10604587056326
India,IND,2019,11015136957033
India,IND,2020,10378712667572
India,IND,2021,11384367630967
India,IND,2022,12250645714410
India,IND,2023,13376572539398
India,IND,2024,14243939416927
Indonesia,IDN,1990,894210723157
Indonesia,IDN,1991,956018414859
Indonesia,IDN,1992,1018135773666
Indonesia,IDN,1993,1084278028744
Indonesia,IDN,1994,1166032278706
Indonesia,IDN,1995,1261880218291
Indonesia,IDN,1996,1360536374441
Indonesia,IDN,1997,1424479935803
Indonesia,IDN,1998,1237492364936
Indonesia,IDN,1999,1247282489798
Indonesia,IDN,2000,1308649633293
Indonesia,IDN,2001,1356329843593
Indonesia,IDN,2002,1417357571125
Indonesia,IDN,2003,1485112494798
Indonesia,IDN,2004,1559826632354
Indonesia,IDN,2005,1648620875616
Indonesia,IDN,2006,1739310715105
Indonesia,IDN,2007,1849670366569
Indonesia,IDN,2008,1960904059994
Indonesia,IDN,2009,2051671782944
Indonesia,IDN,2010,2179364842980
Indonesia,IDN,2011,2313826950890
Indonesia,IDN,2012,2453351888053
Indonesia,IDN,2013,2589691121689
Indonesia,IDN,2014,2719348369403
Indonesia,IDN,2015,2851952560361
Indonesia,IDN,2016,2995493305785
Indonesia,IDN,2017,3147358403078
Indonesia,IDN,2018,3310211902647
Indonesia,IDN,2019,3476360960874
Indonesia,IDN,2020,3404556313997
Indonesia,IDN,2021,3530623140454
Indonesia,IDN,2022,3718000273848
Indonesia,IDN,2023,3905722974651
Indonesia,IDN,2024,4102194303076
Iran,IRN,1990,528140455519
Iran,IRN,1991,595299579831
Iran,IRN,1992,614932452338
Iran,IRN,1993,605886725354
Iran,IRN,1994,595597035200
Iran,IRN,1995,609897585367
Iran,IRN,1996,648629290219
Iran,IRN,1997,657388375443
Iran,IRN,1998,671062131095
Iran,IRN,1999,684501467116
Iran,IRN,2000,724514188449
Iran,IRN,2001,741845819158
Iran,IRN,2002,801778276403
Iran,IRN,2003,871046294173
Iran,IRN,2004,908820662510
Iran,IRN,2005,937810261095
Iran,IRN,2006,984698854165
Iran,IRN,2007,1065008662549
Iran,IRN,2008,1067680306564
Iran,IRN,2009,1078435962762
Iran,IRN,2010,1140963014444
Iran,IRN,2011,1171149677379
Iran,IRN,2012,1127264691633
Iran,IRN,2013,1110107957441
Iran,IRN,2014,1165444342122
Iran,IRN,2015,1148838101214
Iran,IRN,2016,1250109175218
Iran,IRN,2017,1284593502395
Iran,IRN,2018,1260982576565
Iran,IRN,2019,1222262997077
Iran,IRN,2020,1262967880610
Iran,IRN,2021,1322577157396
Iran,IRN,2022,1372526021632
Iran,IRN,2023,1441768452323
Iran,IRN,2024,1485598217735
Iraq,IRQ,1990,188735900982
Iraq,IRQ,1991,67856016582
Iraq,IRQ,1992,89971792817
Iraq,IRQ,1993,117224095451
Iraq,IRQ,1994,121742536248
Iraq,IRQ,1995,124323504188
Iraq,IRQ,1996,138024931090
Iraq,IRQ,1997,167338577797
Iraq,IRQ,1998,225908699227
Iraq,IRQ,1999,265623833441
Iraq,IRQ,2000,310238369622
Iraq,IRQ,2001,315719067854
Iraq,IRQ,2002,289818407492
Iraq,IRQ,2003,183580310188
Iraq,IRQ,2004,281585663496
Iraq,IRQ,2005,286302867166
Iraq,IRQ,2006,302445479298
Iraq,IRQ,2007,308157281224
Iraq,IRQ,2008,333512792372
Iraq,IRQ,2009,344783187144
Iraq,IRQ,2010,366858154275
Iraq,IRQ,2011,394542999234
Iraq,IRQ,2012,449528208827
Iraq,IRQ,2013,483819505901
Iraq,IRQ,2014,494771670848
Iraq,IRQ,2015,507669212666
Iraq,IRQ,2016,577663460717
Iraq,IRQ,2017,567151427862
Iraq,IRQ,2018,582089351365
Iraq,IRQ,2019,614184539162
Iraq,IRQ,2020,540256416973
Iraq,IRQ,2021,548372044650
Iraq,IRQ,2022,592017239177
Iraq,IRQ,2023,595082145134
Iraq,IRQ,2024,585886626484
Ireland,IRL,1990,103992274748
Ireland,IRL,1991,105998950304
Ireland,IRL,1992,109542787086
Ireland,IRL,1993,112492346203
Ireland,IRL,1994,118967209792
Ireland,IRL,1995,130429014167
Ireland,IRL,1996,140054183623
Ireland,IRL,1997,155490622003
Ireland,IRL,1998,169121126200
Ireland,IRL,1999,186929385677
Ireland,IRL,2000,204507336524
Ireland,IRL,2001,215358131312
Ireland,IRL,2002,228062896655
Ireland,IRL,2003,234936342736
Ireland,IRL,2004,250884148106
Ireland,IRL,2005,265284352949
Ireland,IRL,2006,278516351295
Ireland,IRL,2007,293305894662
Ireland,IRL,2008,280153854300
Ireland,IRL,2009,265877825214
Ireland,IRL,2010,270352475286
Ireland,IRL,2011,274809976618
Ireland,IRL,2012,273713593411
Ireland,IRL,2013,279713877648
Ireland,IRL,2014,305828059670
Ireland,IRL,2015,381109379466
Ireland,IRL,2016,385768969437
Ireland,IRL,2017,424537317665
Ireland,IRL,2018,456565865428
Ireland,IRL,2019,479579295983
Ireland,IRL,2020,513907096655
Ireland,IRL,2021,597445848156
Ireland,IRL,2022,648942713687
Ireland,IRL,2023,613056133672
Ireland,IRL,2024,620543598505
Israel,ISR,1990,118062368567
Israel,ISR,1991,127184003064
Israel,ISR,1992,137052548451
Israel,ISR,1993,142694667952
Israel,ISR,1994,153293807114
Israel,ISR,1995,163415681711
Israel,ISR,1996,172958239905
Israel,ISR,1997,179206090151
Israel,ISR,1998,186574979997
Israel,ISR,1999,192726879136
Israel,ISR,2000,209266872248
Israel,ISR,2001,209848482071
Israel,ISR,2002,209567132683
Israel,ISR,2003,212603881344
Israel,ISR,2004,222485491711
Israel,ISR,2005,232247685354
Israel,ISR,2006,245257334361
Israel,ISR,2007,260765812799
Israel,ISR,2008,269167937623
Israel,ISR,2009,272499514236
Israel,ISR,2010,287580564776
Israel,ISR,2011,303451550097
Israel,ISR,2012,310877520441
Israel,ISR,2013,323579071852
Israel,ISR,2014,335796862447
Israel,ISR,2015,343310663703
Israel,ISR,2016,358621573354
Israel,ISR,2017,374210606297
Israel,ISR,2018,389193619606
Israel,ISR,2019,403634634568
Israel,ISR,2020,395474694304
Israel,ISR,2021,432603337813
Israel,ISR,2022,459698424504
Israel,ISR,2023,468094910441
Israel,ISR,2024,472176550257
Italy,ITA,1990,2419458129490
Italy,ITA,1991,2456680224824
Italy,ITA,1992,2477175704024
Italy,ITA,1993,2456050207631
Italy,ITA,1994,2508880428962
Italy,ITA,1995,2581307710428
Italy,ITA,1996,2616041393896
Italy,ITA,1997,2666419058301
Italy,ITA,1998,2714531211372
Italy,ITA,1999,2760080816520
Italy,ITA,2000,2867229882174
Italy,ITA,2001,2924758937271
Italy,ITA,2002,2932653729237
Italy,ITA,2003,2934605521995
Italy,ITA,2004,2977862244389
Italy,ITA,2005,3000565784096
Italy,ITA,2006,3054560362937
Italy,ITA,2007,3099226956375
Italy,ITA,2008,3067517571817
Italy,ITA,2009,2904781040277
Italy,ITA,2010,2949198213679
Italy,ITA,2011,2969708800607
Italy,ITA,2012,2876898309730
Italy,ITA,2013,2824595576142
Italy,ITA,2014,2824556381565
Italy,ITA,2015,2849572563276
Italy,ITA,2016,2884799580139
Italy,ITA,2017,2931063109648
Italy,ITA,2018,2955292646480
Italy,ITA,2019,2967975655283
Italy,ITA,2020,2704769008361
Italy,ITA,2021,2946333608376
Italy,ITA,2022,3088381557782
Italy,ITA,2023,3110474990168
Italy,ITA,2024,3133050580636
Jamaica,JAM,1990,20805277769
Jamaica,JAM,1991,21811886781
Jamaica,JAM,1992,22238427497
Jamaica,JAM,1993,24332643024
Jamaica,JAM,1994,24669258326
Jamaica,JAM,1995,25248975300
Jamaica,JAM,1996,25220259335
Jamaica,JAM,1997,24932632398
Jamaica,JAM,1998,24350566745
Jamaica,JAM,1999,24605681270
Jamaica,JAM,2000,24821892264
Jamaica,JAM,2001,25155729232
Jamaica,JAM,2002,25658162334
Jamaica,JAM,2003,26598872053
Jamaica,JAM,2004,26950967999
Jamaica,JAM,2005,27191855195
Jamaica,JAM,2006,27980181162
Jamaica,JAM,2007,28380844495
Jamaica,JAM,2008,28150466764
Jamaica,JAM,2009,26927244008
Jamaica,JAM,2010,26534874424
Jamaica,JAM,2011,26994027593
Jamaica,JAM,2012,26828382511
Jamaica,JAM,2013,26967269295
Jamaica,JAM,2014,27153295548
Jamaica,JAM,2015,27403509671
Jamaica,JAM,2016,27780369056
Jamaica,JAM,2017,28057373523
Jamaica,JAM,2018,28587636469
Jamaica,JAM,2019,28842721563
Jamaica,JAM,2020,25981430581
Jamaica,JAM,2021,27176946493
Jamaica,JAM,2022,28595996149
Jamaica,JAM,2023,29340825496
Jamaica,JAM,2024,29129921615
Japan,JPN,1990,4355367751167
Japan,JPN,1991,4508822915962
Japan,JPN,1992,4549428746903
Japan,JPN,1993,4528536873121
Japan,JPN,1994,4577598279647
Japan,JPN,1995,4698034872826
Japan,JPN,1996,4845265224933
Japan,JPN,1997,4892808359476
Japan,JPN,1998,4830653522840
Japan,JPN,1999,4814522523575
Japan,JPN,2000,4947627102634
Japan,JPN,2001,4966730060390
Japan,JPN,2002,4968814224456
Japan,JPN,2003,5045091758636
Japan,JPN,2004,5155383301369
Japan,JPN,2005,5248381305705
Japan,JPN,2006,5320407473250
Japan,JPN,2007,5399360692724
Japan,JPN,2008,5333256913659
Japan,JPN,2009,5029621991936
Japan,JPN,2010,5235731772823
Japan,JPN,2011,5236978375626
Japan,JPN,2012,5308973788165
Japan,JPN,2013,5415424030978
Japan,JPN,2014,5431464815572
Japan,JPN,2015,5516229705512
Japan,JPN,2016,5557812520391
Japan,JPN,2017,5650924318247
Japan,JPN,2018,5687281858057
Japan,JPN,2019,5664409362056
Japan,JPN,2020,5428273471388
Japan,JPN,2021,5574650884739
Japan,JPN,2022,5627164027811
Japan,JPN,2023,5710166656067
Japan,JPN,2024,5714945983582
Jordan,JOR,1990,27489630060
Jordan,JOR,1991,27931809302
Jordan,JOR,1992,31939961386
Jordan,JOR,1993,33373104189
Jordan,JOR,1994,35032240288
Jordan,JOR,1995,37204545523
Jordan,JOR,1996,37981012120
Jordan,JOR,1997,39237604556
Jordan,JOR,1998,40419508965
Jordan,JOR,1999,41789540668
Jordan,JOR,2000,43563804178
Jordan,JOR,2001,45859598176
Jordan,JOR,2002,48512029251
Jordan,JOR,2003,50530938632
Jordan,JOR,2004,54860032404
Jordan,JOR,2005,59329256957
Jordan,JOR,2006,64130759055
Jordan,JOR,2007,69374198907
Jordan,JOR,2008,74383284111
Jordan,JOR,2009,78120084647
Jordan,JOR,2010,79928435100
Jordan,JOR,2011,82116220149
Jordan,JOR,2012,84111117113
Jordan,JOR,2013,86306373007
Jordan,JOR,2014,89227048074
Jordan,JOR,2015,91454627021
Jordan,JOR,2016,93278397679
Jordan,JOR,2017,95585730402
Jordan,JOR,2018,97420088352
Jordan,JOR,2019,99126148666
Jordan,JOR,2020,98033033195
Jordan,JOR,2021,101616771489
Jordan,JOR,2022,104307009614
Jordan,JOR,2023,107315310756
Jordan,JOR,2024,109986275190
Kazakhstan,KAZ,1990,288834656343
Kazakhstan,KAZ,1991,257062844141
Kazakhstan,KAZ,1992,243438513404
Kazakhstan,KAZ,1993,221042170166
Kazakhstan,KAZ,1994,193190856728
Kazakhstan,KAZ,1995,177349206474
Kazakhstan,KAZ,1996,178235952510
Kazakhstan,KAZ,1997,181265963702
Kazakhstan,KAZ,1998,177821910393
Kazakhstan,KAZ,1999,182623101970
Kazakhstan,KAZ,2000,200520165967
Kazakhstan,KAZ,2001,227590388369
Kazakhstan,KAZ,2002,249894246428
Kazakhstan,KAZ,2003,273134411347
Kazakhstan,KAZ,2004,299355314840
Kazakhstan,KAZ,2005,328392780378
Kazakhstan,KAZ,2006,363530807878
Kazakhstan,KAZ,2007,395885049779
Kazakhstan,KAZ,2008,408949256423
Kazakhstan,KAZ,2009,413856647497
Kazakhstan,KAZ,2010,444068182778
Kazakhstan,KAZ,2011,476929228310
Kazakhstan,KAZ,2012,499821831247
Kazakhstan,KAZ,2013,529811141105
Kazakhstan,KAZ,2014,552063209062
Kazakhstan,KAZ,2015,558687967573
Kazakhstan,KAZ,2016,564833535212
Kazakhstan,KAZ,2017,587991710170
Kazakhstan,KAZ,2018,612099370246
Kazakhstan,KAZ,2019,639643841913
Kazakhstan,KAZ,2020,623652745889
Kazakhstan,KAZ,2021,650469813945
Kazakhstan,KAZ,2022,671284847990
Kazakhstan,KAZ,2023,705520375237
Kazakhstan,KAZ,2024,739385353249
Kenya,KEN,1990,95633729813
Kenya,KEN,1991,97009274497
Kenya,KEN,1992,96233691208
Kenya,KEN,1993,96573585965
Kenya,KEN,1994,99116160385
Kenya,KEN,1995,103483433023
Kenya,KEN,1996,107774724660
Kenya,KEN,1997,108286548898
Kenya,KEN,1998,111849407789
Kenya,KEN,1999,114427971280
Kenya,KEN,2000,115114190550
Kenya,KEN,2001,119465399319
Kenya,KEN,2002,120118707240
Kenya,KEN,2003,123641158956
Kenya,KEN,2004,129952174356
Kenya,KEN,2005,137628015358
Kenya,KEN,2006,146535980808
Kenya,KEN,2007,156574764869
Kenya,KEN,2008,156938461030
Kenya,KEN,2009,162128321485
Kenya,KEN,2010,175193389475
Kenya,KEN,2011,184165228865
Kenya,KEN,2012,192579148133
Kenya,KEN,2013,199893012215
Kenya,KEN,2014,209927863314
Kenya,KEN,2015,220356494132
Kenya,KEN,2016,229641252624
Kenya,KEN,2017,238454787849
Kenya,KEN,2018,251922586472
Kenya,KEN,2019,264806307742
Kenya,KEN,2020,264084005302
Kenya,KEN,2021,284129273925
Kenya,KEN,2022,297937902775
Kenya,KEN,2023,314490954311
Kenya,KEN,2024,328632034677
Kiribati,KIR,1990,165694553
Kiribati,KIR,1991,156334991
Kiribati,KIR,1992,193791656
Kiribati,KIR,1993,193590123
Kiribati,KIR,1994,197549538
Kiribati,KIR,1995,202986513
Kiribati,KIR,1996,202880865
Kiribati,KIR,1997,205269043
Kiribati,KIR,1998,214387656
Kiribati,KIR,1999,205996026
Kiribati,KIR,2000,219885648
Kiribati,KIR,2001,212972160
Kiribati,KIR,2002,216054197
Kiribati,KIR,2003,212650334
Kiribati,KIR,2004,211355363
Kiribati,KIR,2005,214086983
Kiribati,KIR,2006,226454648
Kiribati,KIR,2007,233373019
Kiribati,KIR,2008,226407461
Kiribati,KIR,2009,227622819
Kiribati,KIR,2010,230413366
Kiribati,KIR,2011,237933429
Kiribati,KIR,2012,251742276
Kiribati,KIR,2013,271204275
Kiribati,KIR,2014,274631382
Kiribati,KIR,2015,305569489
Kiribati,KIR,2016,327228360
Kiribati,KIR,2017,339496537
Kiribati,KIR,2018,351309114
Kiribati,KIR,2019,362776854
Kiribati,KIR,2020,357451046
Kiribati,KIR,2021,387761958
Kiribati,KIR,2022,405468433
Kiribati,KIR,2023,416221499
Kiribati,KIR,2024,438143467
Kosovo,OWID_KOS,2008,12783215864
Kosovo,OWID_KOS,2009,13426832137
Kosovo,OWID_KOS,2010,14090111060
Kosovo,OWID_KOS,2011,14980579340
Kosovo,OWID_KOS,2012,15237076214
Kosovo,OWID_KOS,2013,16050857846
Kosovo,OWID_KOS,2014,16588369741
Kosovo,OWID_KOS,2015,17569776062
Kosovo,OWID_KOS,2016,18548724460
Kosovo,OWID_KOS,2017,19443822031
Kosovo,OWID_KOS,2018,20106201546
Kosovo,OWID_KOS,2019,21062613456
Kosovo,OWID_KOS,2020,19937811875
Kosovo,OWID_KOS,2021,22080260569
Kosovo,OWID_KOS,2022,23024964288
Kosovo,OWID_KOS,2023,23961533955
Kosovo,OWID_KOS,2024,25018893738
Kuwait,KWT,1990,65594963015
Kuwait,KWT,1991,38695917893
Kuwait,KWT,1992,70739747860
Kuwait,KWT,1993,94784518906
Kuwait,KWT,1994,102780697927
Kuwait,KWT,1995,107774083583
Kuwait,KWT,1996,108426253833
Kuwait,KWT,1997,111107987755
Kuwait,KWT,1998,115176823074
Kuwait,KWT,1999,113116299200
Kuwait,KWT,2000,118426636475
Kuwait,KWT,2001,118679279070
Kuwait,KWT,2002,122256608584
Kuwait,KWT,2003,143438813549
Kuwait,KWT,2004,158127375588
Kuwait,KWT,2005,174903179996
Kuwait,KWT,2006,188046756943
Kuwait,KWT,2007,199313720381
Kuwait,KWT,2008,204256216200
Kuwait,KWT,2009,189802931078
Kuwait,KWT,2010,185303561402
Kuwait,KWT,2011,203145763359
Kuwait,KWT,2012,216605947782
Kuwait,KWT,2013,219095758083
Kuwait,KWT,2014,220193241028
Kuwait,KWT,2015,221498482118
Kuwait,KWT,2016,227979695772
Kuwait,KWT,2017,217236784793
Kuwait,KWT,2018,223196307852
Kuwait,KWT,2019,228249063601
Kuwait,KWT,2020,217252503445
Kuwait,KWT,2021,220886348976
Kuwait,KWT,2022,235815321854
Kuwait,KWT,2023,231883794902
Kuwait,KWT,2024,225947312053
Kyrgyzstan,KGZ,1990,26767574229
Kyrgyzstan,KGZ,1991,24641178145
Kyrgyzstan,KGZ,1992,21231371881
Kyrgyzstan,KGZ,1993,17949144416
Kyrgyzstan,KGZ,1994,14344030249
Kyrgyzstan,KGZ,1995,13566035592
Kyrgyzstan,KGZ,1996,14527121709
Kyrgyzstan,KGZ,1997,15967522710
Kyrgyzstan,KGZ,1998,16306327241
Kyrgyzstan,KGZ,1999,16902452223
Kyrgyzstan,KGZ,2000,17822509597
Kyrgyzstan,KGZ,2001,18770956084
Kyrgyzstan,KGZ,2002,18767704089
Kyrgyzstan,KGZ,2003,20087128712
Kyrgyzstan,KGZ,2004,21498613569
Kyrgyzstan,KGZ,2005,21460880190
Kyrgyzstan,KGZ,2006,22126789572
Kyrgyzstan,KGZ,2007,24017053497
Kyrgyzstan,KGZ,2008,26034874118
Kyrgyzstan,KGZ,2009,26786317277
Kyrgyzstan,KGZ,2010,26660001952
Kyrgyzstan,KGZ,2011,28247944796
Kyrgyzstan,KGZ,2012,28223044176
Kyrgyzstan,KGZ,2013,31303721942
Kyrgyzstan,KGZ,2014,32563395806
Kyrgyzstan,KGZ,2015,33825496186
Kyrgyzstan,KGZ,2016,35292120966
Kyrgyzstan,KGZ,2017,36964945345
Kyrgyzstan,KGZ,2018,38354054772
Kyrgyzstan,KGZ,2019,40118581257
Kyrgyzstan,KGZ,2020,37250512878
Kyrgyzstan,KGZ,2021,39301901464
Kyrgyzstan,KGZ,2022,42826301521
Kyrgyzstan,KGZ,2023,46686361487
Kyrgyzstan,KGZ,2024,50906871854
Laos,LAO,1990,8647627883
Laos,LAO,1991,9019178718
Laos,LAO,1992,9520632227
Laos,LAO,1993,10083544991
Laos,LAO,1994,10906263296
Laos,LAO,1995,11673110406
Laos,LAO,1996,12481861284
Laos,LAO,1997,13339626184
Laos,LAO,1998,13868890271
Laos,LAO,1999,14882203552
Laos,LAO,2000,15745190141
Laos,LAO,2001,16650761035
Laos,LAO,2002,17636276902
Laos,LAO,2003,18706270228
Laos,LAO,2004,19895557925
Laos,LAO,2005,21309648307
Laos,LAO,2006,23146383622
Laos,LAO,2007,24904774760
Laos,LAO,2008,26853549168
Laos,LAO,2009,28868041983
Laos,LAO,2010,31329592647
Laos,LAO,2011,33848069786
Laos,LAO,2012,36564749186
Laos,LAO,2013,39499545733
Laos,LAO,2014,42506236713
Laos,LAO,2015,45596468110
Laos,LAO,2016,48798633403
Laos,LAO,2017,52162094276
Laos,LAO,2018,55421161065
Laos,LAO,2019,58445901221
Laos,LAO,2020,58739902707
Laos,LAO,2021,60225053628
Laos,LAO,2022,61855602705
Laos,LAO,2023,64172516512
Laos,LAO,2024,66905147346
Latin America and Caribbean (WB),,1990,5490012401455
Latin America and Caribbean (WB),,1991,5668904000102
Latin America and Caribbean (WB),,1992,5832048553039
Latin America and Caribbean (WB),,1993,6106395674948
Latin America and Caribbean (WB),,1994,6429168807028
Latin America and Caribbean (WB),,1995,6484342154346
Latin America and Caribbean (WB),,1996,6735228582147
Latin America and Caribbean (WB),,1997,7100817862100
Latin America and Caribbean (WB),,1998,7313531022480
Latin America and Caribbean (WB),,1999,7352495849769
Latin America and Caribbean (WB),,2000,7615605059304
Latin America and Caribbean (WB),,2001,7645704930509
Latin America and Caribbean (WB),,2002,7684914189621
Latin America and Caribbean (WB),,2003,7876470834821
Latin America and Caribbean (WB),,2004,8299927216130
Latin America and Caribbean (WB),,2005,8625335375364
Latin America and Caribbean (WB),,2006,9068727079925
Latin America and Caribbean (WB),,2007,9543073653492
Latin America and Caribbean (WB),,2008,9895333248669
Latin America and Caribbean (WB),,2009,9670767047837
Latin America and Caribbean (WB),,2010,10297027899040
Latin America and Caribbean (WB),,2011,10763569931487
Latin America and Caribbean (WB),,2012,11047747288321
Latin America and Caribbean (WB),,2013,11363899500993
Latin America and Caribbean (WB),,2014,11530731662384
Latin America and Caribbean (WB),,2015,11587449701500
Latin America and Caribbean (WB),,2016,11563808153149
Latin America and Caribbean (WB),,2017,11789423787736
Latin America and Caribbean (WB),,2018,11985606181285
Latin America and Caribbean (WB),,2019,12076397217324
Latin America and Caribbean (WB),,2020,11282263348715
Latin America and Caribbean (WB),,2021,12111316973474
Latin America and Caribbean (WB),,2022,12601951700796
Latin America and Caribbean (WB),,2023,12891012396864
Latin America and Caribbean (WB),,2024,13181012237781
Latvia,LVA,1990,46628541794
Latvia,LVA,1991,40755573537
Latvia,LVA,1992,27665465932
Latvia,LVA,1993,26286901341
Latvia,LVA,1994,26862561292
Latvia,LVA,1995,26608774388
Latvia,LVA,1996,27220765831
Latvia,LVA,1997,29717311929
Latvia,LVA,1998,31663796647
Latvia,LVA,1999,32556210536
Latvia,LVA,2000,34457827396
Latvia,LVA,2001,36684002304
Latvia,LVA,2002,39496010020
Latvia,LVA,2003,42825181065
Latvia,LVA,2004,46561739531
Latvia,LVA,2005,51970033577
Latvia,LVA,2006,58635199659
Latvia,LVA,2007,64741784386
Latvia,LVA,2008,62547868753
Latvia,LVA,2009,52515178389
Latvia,LVA,2010,50592461906
Latvia,LVA,2011,52128623506
Latvia,LVA,2012,55936744860
Latvia,LVA,2013,57109229533
Latvia,LVA,2014,58305644917
Latvia,LVA,2015,60511561516
Latvia,LVA,2016,62055626572
Latvia,LVA,2017,64164865501
Latvia,LVA,2018,66930186963
Latvia,LVA,2019,67382215222
Latvia,LVA,2020,65044572876
Latvia,LVA,2021,69560319491
Latvia,LVA,2022,70817115853
Latvia,LVA,2023,72838390722
Latvia,LVA,2024,72516087306
Lebanon,LBN,1990,19218051453
Lebanon,LBN,1991,28720874228
Lebanon,LBN,1992,33442110823
Lebanon,LBN,1993,37042378047
Lebanon,LBN,1994,40044752422
Lebanon,LBN,1995,42627183473
Lebanon,LBN,1996,47438059997
Lebanon,LBN,1997,47938515718
Lebanon,LBN,1998,49695809290
Lebanon,LBN,1999,49434615753
Lebanon,LBN,2000,50097964832
Lebanon,LBN,2001,52021560996
Lebanon,LBN,2002,53802336972
Lebanon,LBN,2003,55538591257
Lebanon,LBN,2004,59248260701
Lebanon,LBN,2005,60839538228
Lebanon,LBN,2006,61782255999
Lebanon,LBN,2007,67534568644
Lebanon,LBN,2008,73659365299
Lebanon,LBN,2009,81196306155
Lebanon,LBN,2010,87671821639
Lebanon,LBN,2011,88432234310
Lebanon,LBN,2012,90700336595
Lebanon,LBN,2013,94172230742
Lebanon,LBN,2014,96511525556
Lebanon,LBN,2015,96957718406
Lebanon,LBN,2016,98464974044
Lebanon,LBN,2017,99354140787
Lebanon,LBN,2018,97481607576
Lebanon,LBN,2019,90740827788
Lebanon,LBN,2020,71322381662
Lebanon,LBN,2021,66328931529
Lebanon,LBN,2022,65916578510
Lebanon,LBN,2023,65415227251
Lesotho,LSO,1990,2573660195
Lesotho,LSO,1991,2752956994
Lesotho,LSO,1992,2944462730
Lesotho,LSO,1993,3047806486
Lesotho,LSO,1994,3230061460
Lesotho,LSO,1995,3336360784
Lesotho,LSO,1996,3523098100
Lesotho,LSO,1997,3653579682
Lesotho,LSO,1998,3709759166
Lesotho,LSO,1999,3727418549
Lesotho,LSO,2000,3871876398
Lesotho,LSO,2001,4009776444
Lesotho,LSO,2002,4038800653
Lesotho,LSO,2003,4222960962
Lesotho,LSO,2004,4294429263
Lesotho,LSO,2005,4443279430
Lesotho,LSO,2006,4631234382
Lesotho,LSO,2007,4825186499
Lesotho,LSO,2008,5091701799
Lesotho,LSO,2009,5027864191
Lesotho,LSO,2010,5292816081
Lesotho,LSO,2011,5537154381
Lesotho,LSO,2012,5887882377
Lesotho,LSO,2013,5993424173
Lesotho,LSO,2014,6095944684
Lesotho,LSO,2015,6286386067
Lesotho,LSO,2016,6513255914
Lesotho,LSO,2017,6308858549
Lesotho,LSO,2018,6215447498
Lesotho,LSO,2019,6127312836
Lesotho,LSO,2020,5627571725
Lesotho,LSO,2021,5755132494
Lesotho,LSO,2022,5892552408
Lesotho,LSO,2023,6000187259
Lesotho,LSO,2024,6165926723
Liberia,LBR,1990,4150264277
Liberia,LBR,1991,3559880300
Liberia,LBR,1992,2310872163
Liberia,LBR,1993,1548852933
Liberia,LBR,1994,1211786194
Liberia,LBR,1995,1160088911
Liberia,LBR,1996,1300705650
Liberia,LBR,1997,2683093203
Liberia,LBR,1998,3493605416
Liberia,LBR,1999,4253165779
Liberia,LBR,2000,5470248902
Liberia,LBR,2001,5629995200
Liberia,LBR,2002,5841852911
Liberia,LBR,2003,4080818597
Liberia,LBR,2004,4187729797
Liberia,LBR,2005,4408892704
Liberia,LBR,2006,4763540064
Liberia,LBR,2007,5217756726
Liberia,LBR,2008,5590601506
Liberia,LBR,2009,5886933603
Liberia,LBR,2010,6246026265
Liberia,LBR,2011,6758248402
Liberia,LBR,2012,7298490239
Liberia,LBR,2013,7932531092
Liberia,LBR,2014,7988169318
Liberia,LBR,2015,7986686317
Liberia,LBR,2016,7862496650
Liberia,LBR,2017,8055533202
Liberia,LBR,2018,8148782050
Liberia,LBR,2019,7947727343
Liberia,LBR,2020,7710687069
Liberia,LBR,2021,8095196890
Liberia,LBR,2022,8484422471
Liberia,LBR,2023,8881812193
Liberia,LBR,2024,9307509886
Libya,LBY,1990,80555801699
Libya,LBY,1991,93166918529
Libya,LBY,1992,90639976347
Libya,LBY,1993,87229019426
Libya,LBY,1994,88916714929
Libya,LBY,1995,86942402005
Libya,LBY,1996,88797859977
Libya,LBY,1997,93426600292
Libya,LBY,1998,90107858790
Libya,LBY,1999,90783360696
Libya,LBY,2000,94123526021
Libya,LBY,2001,92464279918
Libya,LBY,2002,91577642404
Libya,LBY,2003,103497422450
Libya,LBY,2004,108115103811
Libya,LBY,2005,120949184548
Libya,LBY,2006,128811517035
Libya,LBY,2007,136836452372
Libya,LBY,2008,136614711311
Libya,LBY,2009,130603415698
Libya,LBY,2010,137169172874
Libya,LBY,2011,68120248021
Libya,LBY,2012,127266844407
Libya,LBY,2013,104361406654
Libya,LBY,2014,80313610359
Libya,LBY,2015,79636842700
Libya,LBY,2016,78449504267
Libya,LBY,2017,103939162010
Libya,LBY,2018,112193353209
Libya,LBY,2019,99632092392
Libya,LBY,2020,70285163941
Libya,LBY,2021,90199384483
Libya,LBY,2022,82756464976
Libya,LBY,2023,91161061089
Libya,LBY,2024,90608777729
Lithuania,LTU,1990,76124535262
Lithuania,LTU,1991,71803963182
Lithuania,LTU,1992,56539179786
Lithuania,LTU,1993,47364644892
Lithuania,LTU,1994,42738989025
Lithuania,LTU,1995,44145136034
Lithuania,LTU,1996,46364287199
Lithuania,LTU,1997,50212815304
Lithuania,LTU,1998,53960166151
Lithuania,LTU,1999,53368218715
Lithuania,LTU,2000,55192676416
Lithuania,LTU,2001,58771439457
Lithuania,LTU,2002,62720785832
Lithuania,LTU,2003,69339017900
Lithuania,LTU,2004,73847465363
Lithuania,LTU,2005,79556942829
Lithuania,LTU,2006,85440561599
Lithuania,LTU,2007,94905605716
Lithuania,LTU,2008,97372640442
Lithuania,LTU,2009,82923892337
Lithuania,LTU,2010,83278142846
Lithuania,LTU,2011,88544350007
Lithuania,LTU,2012,92425165498
Lithuania,LTU,2013,96165531707
Lithuania,LTU,2014,99793418507
Lithuania,LTU,2015,102620372887
Lithuania,LTU,2016,105362309361
Lithuania,LTU,2017,110221875208
Lithuania,LTU,2018,115642992428
Lithuania,LTU,2019,121052022057
Lithuania,LTU,2020,121103851489
Lithuania,LTU,2021,128830296666
Lithuania,LTU,2022,132099398604
Lithuania,LTU,2023,132551525594
Lithuania,LTU,2024,136226690609
Low-income countries,,1990,498315236316
Low-income countries,,1991,509056062777
Low-income countries,,1992,513698462983
Low-income countries,,1993,514201930861
Low-income countries,,1994,519195988028
Low-income countries,,1995,545051535451
Low-income countries,,1996,576910518544
Low-income countries,,1997,615451534707
Low-income countries,,1998,645045311644
Low-income countries,,1999,653613881839
Low-income countries,,2000,666950087450
Low-income countries,,2001,689414992830
Low-income countries,,2002,729230653612
Low-income countries,,2003,776710530866
Low-income countries,,2004,823991823102
Low-income countries,,2005,877574051252
Low-income countries,,2006,929275106758
Low-income countries,,2007,987260668362
Low-income countries,,2008,1039377102010
Low-income countries,,2009,1080003414303
Low-income countries,,2010,1148795701482
Low-income countries,,2011,1181668709533
Low-income countries,,2012,1116792667353
Low-income countries,,2013,1104123686919
Low-income countries,,2014,1135589267608
Low-income countries,,2015,1169067505885
Low-income countries,,2016,1197568890252
Low-income countries,,2017,1230636607365
Low-income countries,,2018,1268365514035
Low-income countries,,2019,1311585110351
Low-income countries,,2020,1302019563067
Low-income countries,,2021,1310964851516
Low-income countries,,2022,1355470001969
Low-income countries,,2023,1349952228980
Low-income countries,,2024,1391676240989
Lower-middle-income countries,,1990,4964610318265
Lower-middle-income countries,,1991,5061890623403
Lower-middle-income countries,,1992,5262486859034
Lower-middle-income countries,,1993,5403667145742
Lower-middle-income countries,,1994,5638035773035
Lower-middle-income countries,,1995,5950611830565
Lower-middle-income countries,,1996,6333029318422
Lower-middle-income countries,,1997,6591973110858
Lower-middle-income countries,,1998,6909314120388
Lower-middle-income countries,,1999,7316767564496
Lower-middle-income countries,,2000,7633530482097
Lower-middle-income countries,,2001,7970913900005
Lower-middle-income countries,,2002,8310642911293
Lower-middle-income countries,,2003,8819959799077
Lower-middle-income countries,,2004,9445991273867
Lower-middle-income countries,,2005,10094300570350
Lower-middle-income countries,,2006,10817173168652
Lower-middle-income countries,,2007,11574393912389
Lower-middle-income countries,,2008,12090783461681
Lower-middle-income countries,,2009,12827567123855
Lower-middle-income countries,,2010,13717585744045
Lower-middle-income countries,,2011,14374909313279
Lower-middle-income countries,,2012,15120585919617
Lower-middle-income countries,,2013,15980472711709
Lower-middle-income countries,,2014,16976220851532
Lower-middle-income countries,,2015,18037013463507
Lower-middle-income countries,,2016,19148707669273
Lower-middle-income countries,,2017,20246479609403
Lower-middle-income countries,,2018,21402489585303
Lower-middle-income countries,,2019,22305123641246
Lower-middle-income countries,,2020,21515991447690
Lower-middle-income countries,,2021,23005935126235
Lower-middle-income countries,,2022,24476912241967
Lower-middle-income countries,,2023,26040497644114
Lower-middle-income countries,,2024,27429009090489
Luxembourg,LUX,1990,31101901073
Luxembourg,LUX,1991,33790408718
Luxembourg,LUX,1992,34405276895
Luxembourg,LUX,1993,35850521111
Luxembourg,LUX,1994,37220341447
Luxembourg,LUX,1995,37753411251
Luxembourg,LUX,1996,38281232443
Luxembourg,LUX,1997,40356010485
Luxembourg,LUX,1998,43049577614
Luxembourg,LUX,1999,46568958869
Luxembourg,LUX,2000,49799973664
Luxembourg,LUX,2001,51331001898
Luxembourg,LUX,2002,52986641182
Luxembourg,LUX,2003,54374561929
Luxembourg,LUX,2004,56675633191
Luxembourg,LUX,2005,58082818310
Luxembourg,LUX,2006,61577496185
Luxembourg,LUX,2007,66564452690
Luxembourg,LUX,2008,66364642428
Luxembourg,LUX,2009,64215122127
Luxembourg,LUX,2010,66629876918
Luxembourg,LUX,2011,67325691759
Luxembourg,LUX,2012,68436499780
Luxembourg,LUX,2013,70607161767
Luxembourg,LUX,2014,72459248902
Luxembourg,LUX,2015,74103917509
Luxembourg,LUX,2016,77792951405
Luxembourg,LUX,2017,78817630155
Luxembourg,LUX,2018,80087615172
Luxembourg,LUX,2019,82289479425
Luxembourg,LUX,2020,81869760591
Luxembourg,LUX,2021,87543117438
Luxembourg,LUX,2022,86584473456
Luxembourg,LUX,2023,85983895211
Luxembourg,LUX,2024,86870919445
Macao,MAC,1990,18503630764
Macao,MAC,1991,19180755194
Macao,MAC,1992,21731643041
Macao,MAC,1993,22858640454
Macao,MAC,1994,23830921688
Macao,MAC,1995,24616270279
Macao,MAC,1996,24513254767
Macao,MAC,1997,24444770673
Macao,MAC,1998,23327418906
Macao,MAC,1999,22777231192
Macao,MAC,2000,24086145511
Macao,MAC,2001,24781789584
Macao,MAC,2002,26990064044
Macao,MAC,2003,30131844236
Macao,MAC,2004,38156251017
Macao,MAC,2005,41237456544
Macao,MAC,2006,46759396628
Macao,MAC,2007,53528518889
Macao,MAC,2008,55343829683
Macao,MAC,2009,56049119404
Macao,MAC,2010,70130220947
Macao,MAC,2011,85289898755
Macao,MAC,2012,93172514524
Macao,MAC,2013,103191255311
Macao,MAC,2014,101077508194
Macao,MAC,2015,79331396682
Macao,MAC,2016,78792590831
Macao,MAC,2017,86561580876
Macao,MAC,2018,92106091774
Macao,MAC,2019,89745030264
Macao,MAC,2020,40981075243
Macao,MAC,2021,50626336573
Macao,MAC,2022,40698843607
Macao,MAC,2023,71248151452
Macao,MAC,2024,77523802405
Madagascar,MDG,1990,23728781480
Madagascar,MDG,1991,22232361091
Madagascar,MDG,1992,22494899697
Madagascar,MDG,1993,22967275310
Madagascar,MDG,1994,22957605788
Madagascar,MDG,1995,23342970396
Madagascar,MDG,1996,23845825708
Madagascar,MDG,1997,24726569520
Madagascar,MDG,1998,25695127696
Madagascar,MDG,1999,26902600084
Madagascar,MDG,2000,28101611020
Madagascar,MDG,2001,29782153615
Madagascar,MDG,2002,26086792599
Madagascar,MDG,2003,28639357114
Madagascar,MDG,2004,30144929155
Madagascar,MDG,2005,31578575290
Madagascar,MDG,2006,33283347345
Madagascar,MDG,2007,35184014262
Madagascar,MDG,2008,37545787852
Madagascar,MDG,2009,36051950358
Madagascar,MDG,2010,36275198363
Madagascar,MDG,2011,36847775908
Madagascar,MDG,2012,37957317018
Madagascar,MDG,2013,38830478115
Madagascar,MDG,2014,40127106649
Madagascar,MDG,2015,41384007238
Madagascar,MDG,2016,43036531093
Madagascar,MDG,2017,44729290239
Madagascar,MDG,2018,46158103237
Madagascar,MDG,2019,48194244317
Madagascar,MDG,2020,44754297418
Madagascar,MDG,2021,46835678113
Madagascar,MDG,2022,48782214693
Madagascar,MDG,2023,50832553694
Madagascar,MDG,2024,52967520949
Malawi,MWI,1990,9998939789
Malawi,MWI,1991,10871870406
Malawi,MWI,1992,10074638504
Malawi,MWI,1993,11051056409
Malawi,MWI,1994,9919408151
Malawi,MWI,1995,11578807819
Malawi,MWI,1996,12425992341
Malawi,MWI,1997,12897238047
Malawi,MWI,1998,13399618164
Malawi,MWI,1999,13807271818
Malawi,MWI,2000,14024885140
Malawi,MWI,2001,13327152206
Malawi,MWI,2002,13553713798
Malawi,MWI,2003,14327039833
Malawi,MWI,2004,15103636676
Malawi,MWI,2005,15597333179
Malawi,MWI,2006,16330407801
Malawi,MWI,2007,17898126930
Malawi,MWI,2008,19265496648
Malawi,MWI,2009,20869948373
Malawi,MWI,2010,22304562368
Malawi,MWI,2011,23404772824
Malawi,MWI,2012,23849463508
Malawi,MWI,2013,25139802956
Malawi,MWI,2014,26553984750
Malawi,MWI,2015,27297496323
Malawi,MWI,2016,27979933731
Malawi,MWI,2017,29099131081
Malawi,MWI,2018,30365980584
Malawi,MWI,2019,32101950612
Malawi,MWI,2020,32356710546
Malawi,MWI,2021,33831623933
Malawi,MWI,2022,34143252119
Malawi,MWI,2023,34789398821
Malawi,MWI,2024,35424948953
Malaysia,MYS,1990,214242312021
Malaysia,MYS,1991,234692742103
Malaysia,MYS,1992,255545469125
Malaysia,MYS,1993,280831548487
Malaysia,MYS,1994,306701868103
Malaysia,MYS,1995,336847856021
Malaysia,MYS,1996,370541738826
Malaysia,MYS,1997,397675553808
Malaysia,MYS,1998,368408958702
Malaysia,MYS,1999,391020471199
Malaysia,MYS,2000,425660459259
Malaysia,MYS,2001,427863998400
Malaysia,MYS,2002,450930096523
Malaysia,MYS,2003,477032181941
Malaysia,MYS,2004,509391362925
Malaysia,MYS,2005,536552819272
Malaysia,MYS,2006,566518473663
Malaysia,MYS,2007,602202259558
Malaysia,MYS,2008,631299287007
Malaysia,MYS,2009,621744391014
Malaysia,MYS,2010,667907963161
Malaysia,MYS,2011,703266428543
Malaysia,MYS,2012,741759394361
Malaysia,MYS,2013,776575522140
Malaysia,MYS,2014,823222254452
Malaysia,MYS,2015,865136882439
Malaysia,MYS,2016,903633582498
Malaysia,MYS,2017,956159294251
Malaysia,MYS,2018,1002466920504
Malaysia,MYS,2019,1046707664542
Malaysia,MYS,2020,989590433102
Malaysia,MYS,2021,1022398815013
Malaysia,MYS,2022,1113001976860
Malaysia,MYS,2023,1152574619172
Malaysia,MYS,2024,1211519077200
Maldives,MDV,1990,2010676976
Maldives,MDV,1991,2039684933
Maldives,MDV,1992,2175748752
Maldives,MDV,1993,2296650083
Maldives,MDV,1994,2474628666
Maldives,MDV,1995,2795978613
Maldives,MDV,1996,3015704708
Maldives,MDV,1997,3268961801
Maldives,MDV,1998,3513960130
Maldives,MDV,1999,3730970214
Maldives,MDV,2000,3874456248
Maldives,MDV,2001,3721661863
Maldives,MDV,2002,3992166628
Maldives,MDV,2003,4541091522
Maldives,MDV,2004,4810146317
Maldives,MDV,2005,4272501363
Maldives,MDV,2006,5282105060
Maldives,MDV,2007,5658897698
Maldives,MDV,2008,6166866082
Maldives,MDV,2009,5652506359
Maldives,MDV,2010,6036055364
Maldives,MDV,2011,6569849450
Maldives,MDV,2012,6726822083
Maldives,MDV,2013,7196015385
Maldives,MDV,2014,7761671586
Maldives,MDV,2015,8061903547
Maldives,MDV,2016,8575872716
Maldives,MDV,2017,9182566718
Maldives,MDV,2018,9969416783
Maldives,MDV,2019,10659605469
Maldives,MDV,2020,7151654162
Maldives,MDV,2021,9834087308
Maldives,MDV,2022,11193757024
Maldives,MDV,2023,11722817855
Maldives,MDV,2024,12324662896
Mali,MLI,1990,14832247219
Mali,MLI,1991,16574324883
Mali,MLI,1992,16040853305
Mali,MLI,1993,16549696148
Mali,MLI,1994,17175263748
Mali,MLI,1995,17333451774
Mali,MLI,1996,18556462935
Mali,MLI,1997,19452559047
Mali,MLI,1998,20925442165
Mali,MLI,1999,22118389832
Mali,MLI,2000,22104934116
Mali,MLI,2001,25503841718
Mali,MLI,2002,26296069658
Mali,MLI,2003,28694019293
Mali,MLI,2004,29141645610
Mali,MLI,2005,31328634210
Mali,MLI,2006,33413323336
Mali,MLI,2007,34708099026
Mali,MLI,2008,36977090309
Mali,MLI,2009,38690427430
Mali,MLI,2010,41368471213
Mali,MLI,2011,43031126024
Mali,MLI,2012,42785595329
Mali,MLI,2013,43804802100
Mali,MLI,2014,47135077376
Mali,MLI,2015,49951264433
Mali,MLI,2016,52950869374
Mali,MLI,2017,55797268613
Mali,MLI,2018,58513395953
Mali,MLI,2019,61439065234
Mali,MLI,2020,60720796476
Mali,MLI,2021,62603712698
Mali,MLI,2022,64800027976
Mali,MLI,2023,67856749650
Mali,MLI,2024,71252671858
Malta,MLT,1990,6442547357
Malta,MLT,1991,6845624886
Malta,MLT,1992,7166748507
Malta,MLT,1993,7487872528
Malta,MLT,1994,7911019999
Malta,MLT,1995,8412775856
Malta,MLT,1996,8730554639
Malta,MLT,1997,9189518230
Malta,MLT,1998,9660536265
Malta,MLT,1999,10116511254
Malta,MLT,2000,12107569073
Malta,MLT,2001,12015954412
Malta,MLT,2002,12345326159
Malta,MLT,2003,12801394766
Malta,MLT,2004,12853516893
Malta,MLT,2005,13223784462
Malta,MLT,2006,13532708297
Malta,MLT,2007,14214305337
Malta,MLT,2008,14841174145
Malta,MLT,2009,14634088926
Malta,MLT,2010,15541013929
Malta,MLT,2011,15695175142
Malta,MLT,2012,16339083876
Malta,MLT,2013,17367092588
Malta,MLT,2014,18692397892
Malta,MLT,2015,20490811730
Malta,MLT,2016,21326369514
Malta,MLT,2017,24092851619
Malta,MLT,2018,25824909981
Malta,MLT,2019,26879781635
Malta,MLT,2020,25977066496
Malta,MLT,2021,29431961612
Malta,MLT,2022,30688505803
Malta,MLT,2023,32774192747
Malta,MLT,2024,34730576722
Marshall Islands,MHL,1990,174302390
Marshall Islands,MHL,1991,174455427
Marshall Islands,MHL,1992,186913081
Marshall Islands,MHL,1993,198139548
Marshall Islands,MHL,1994,209785591
Marshall Islands,MHL,1995,227015899
Marshall Islands,MHL,1996,203626549
Marshall Islands,MHL,1997,190501442
Marshall Islands,MHL,1998,189217279
Marshall Islands,MHL,1999,186691755
Marshall Islands,MHL,2000,191273974
Marshall Islands,MHL,2001,204529345
Marshall Islands,MHL,2002,211965603
Marshall Islands,MHL,2003,208655389
Marshall Islands,MHL,2004,207803334
Marshall Islands,MHL,2005,211525184
Marshall Islands,MHL,2006,211897369
Marshall Islands,MHL,2007,219713256
Marshall Islands,MHL,2008,203088989
Marshall Islands,MHL,2009,210532691
Marshall Islands,MHL,2010,222194490
Marshall Islands,MHL,2011,221077935
Marshall Islands,MHL,2012,218224516
Marshall Islands,MHL,2013,226536649
Marshall Islands,MHL,2014,223683230
Marshall Islands,MHL,2015,227901328
Marshall Islands,MHL,2016,233608165
Marshall Islands,MHL,2017,241920299
Marshall Islands,MHL,2018,255194900
Marshall Islands,MHL,2019,281868164
Marshall Islands,MHL,2020,274052277
Marshall Islands,MHL,2021,277401943
Marshall Islands,MHL,2022,274300400
Marshall Islands,MHL,2023,263507033
Marshall Islands,MHL,2024,270808729
Mauritania,MRT,1990,10773605994
Mauritania,MRT,1991,10966247470
Mauritania,MRT,1992,11171768736
Mauritania,MRT,1993,11827957925
Mauritania,MRT,1994,11465935812
Mauritania,MRT,1995,12591867823
Mauritania,MRT,1996,13324566781
Mauritania,MRT,1997,12785628488
Mauritania,MRT,1998,13140788290
Mauritania,MRT,1999,13623472876
Mauritania,MRT,2000,13089701686
Mauritania,MRT,2001,12985050329
Mauritania,MRT,2002,13164436717
Mauritania,MRT,2003,14076504380
Mauritania,MRT,2004,14742711250
Mauritania,MRT,2005,16005614255
Mauritania,MRT,2006,18939955318
Mauritania,MRT,2007,18566947529
Mauritania,MRT,2008,18505476223
Mauritania,MRT,2009,18523588628
Mauritania,MRT,2010,19008949158
Mauritania,MRT,2011,19802151410
Mauritania,MRT,2012,20687310190
Mauritania,MRT,2013,21546001790
Mauritania,MRT,2014,22467055292
Mauritania,MRT,2015,23674960402
Mauritania,MRT,2016,23973480163
Mauritania,MRT,2017,25476748185
Mauritania,MRT,2018,26692542851
Mauritania,MRT,2019,27530956928
Mauritania,MRT,2020,27431664499
Mauritania,MRT,2021,27635403694
Mauritania,MRT,2022,29513507139
Mauritania,MRT,2023,31434006298
Mauritania,MRT,2024,33068574625
Mauritius,MUS,1990,9477452905
Mauritius,MUS,1991,9897820235
Mauritius,MUS,1992,10542435434
Mauritius,MUS,1993,11078208639
Mauritius,MUS,1994,11536419175
Mauritius,MUS,1995,12031070439
Mauritius,MUS,1996,12703347878
Mauritius,MUS,1997,13425847920
Mauritius,MUS,1998,14241057374
Mauritius,MUS,1999,14612881747
Mauritius,MUS,2000,15811546006
Mauritius,MUS,2001,16340843948
Mauritius,MUS,2002,16604735286
Mauritius,MUS,2003,17588639824
Mauritius,MUS,2004,18350231420
Mauritius,MUS,2005,18676414678
Mauritius,MUS,2006,19585123966
Mauritius,MUS,2007,20706767180
Mauritius,MUS,2008,21822232972
Mauritius,MUS,2009,22545656797
Mauritius,MUS,2010,23532526014
Mauritius,MUS,2011,24492073720
Mauritius,MUS,2012,25348345607
Mauritius,MUS,2013,26200152959
Mauritius,MUS,2014,27202824905
Mauritius,MUS,2015,28206760638
Mauritius,MUS,2016,29296237816
Mauritius,MUS,2017,30449918917
Mauritius,MUS,2018,31669968172
Mauritius,MUS,2019,32585637210
Mauritius,MUS,2020,27845555062
Mauritius,MUS,2021,28793361692
Mauritius,MUS,2022,31296387845
Mauritius,MUS,2023,32863652679
Mauritius,MUS,2024,34406240719
Mexico,MEX,1990,1421988576634
Mexico,MEX,1991,1478525491145
Mexico,MEX,1992,1531288352075
Mexico,MEX,1993,1575190380777
Mexico,MEX,1994,1644406260583
Mexico,MEX,1995,1547216923553
Mexico,MEX,1996,1643427469549
Mexico,MEX,1997,1761735777744
Mexico,MEX,1998,1870700526150
Mexico,MEX,1999,1922238894208
Mexico,MEX,2000,2018913747237
Mexico,MEX,2001,2009811570441
Mexico,MEX,2002,2005056597404
Mexico,MEX,2003,2028827442977
Mexico,MEX,2004,2101164088980
Mexico,MEX,2005,2145566878466
Mexico,MEX,2006,2248661656985
Mexico,MEX,2007,2295385786678
Mexico,MEX,2008,2317038892410
Mexico,MEX,2009,2171175488398
Mexico,MEX,2010,2279111886202
Mexico,MEX,2011,2357605526601
Mexico,MEX,2012,2441376219736
Mexico,MEX,2013,2462179224350
Mexico,MEX,2014,2523826369040
Mexico,MEX,2015,2592028320808
Mexico,MEX,2016,2637971847418
Mexico,MEX,2017,2687347519413
Mexico,MEX,2018,2740344218190
Mexico,MEX,2019,2729583146638
Mexico,MEX,2020,2501552827067
Mexico,MEX,2021,2652858835981
Mexico,MEX,2022,2751306133744
Mexico,MEX,2023,2841972427276
Mexico,MEX,2024,2883296481990
Micronesia (country),FSM,1990,316480756
Micronesia (country),FSM,1991,339986861
Micronesia (country),FSM,1992,353613589
Micronesia (country),FSM,1993,382400052
Micronesia (country),FSM,1994,380356043
Micronesia (country),FSM,1995,407035984
Micronesia (country),FSM,1996,394082587
Micronesia (country),FSM,1997,370197488
Micronesia (country),FSM,1998,380750026
Micronesia (country),FSM,1999,385983200
Micronesia (country),FSM,2000,404641257
Micronesia (country),FSM,2001,413412271
Micronesia (country),FSM,2002,415673626
Micronesia (country),FSM,2003,422208494
Micronesia (country),FSM,2004,409203826
Micronesia (country),FSM,2005,417559224
Micronesia (country),FSM,2006,417220771
Micronesia (country),FSM,2007,409559824
Micronesia (country),FSM,2008,399695606
Micronesia (country),FSM,2009,404064676
Micronesia (country),FSM,2010,413194073
Micronesia (country),FSM,2011,426369074
Micronesia (country),FSM,2012,418409532
Micronesia (country),FSM,2013,403013033
Micronesia (country),FSM,2014,393720456
Micronesia (country),FSM,2015,411917759
Micronesia (country),FSM,2016,413911860
Micronesia (country),FSM,2017,417318542
Micronesia (country),FSM,2018,417318542
Micronesia (country),FSM,2019,434351952
Micronesia (country),FSM,2020,427085443
Micronesia (country),FSM,2021,440323830
Micronesia (country),FSM,2022,427528611
Micronesia (country),FSM,2023,429589930
Micronesia (country),FSM,2024,432679041
"Middle East, North Africa, Afghanistan and Pakistan (WB)",,1990,3485854739771
"Middle East, North Africa, Afghanistan and Pakistan (WB)",,1991,3538878114532
"Middle East, North Africa, Afghanistan and Pakistan (WB)",,1992,3753785010335
"Middle East, North Africa, Afghanistan and Pakistan (WB)",,1993,3839447409905
"Middle East, North Africa, Afghanistan and Pakistan (WB)",,1994,3941053404014
"Middle East, North Africa, Afghanistan and Pakistan (WB)",,1995,4062279584668
"Middle East, North Africa, Afghanistan and Pakistan (WB)",,1996,4274783854946
"Middle East, North Africa, Afghanistan and Pakistan (WB)",,1997,4441294080649
"Middle East, North Africa, Afghanistan and Pakistan (WB)",,1998,4645907805392
"Middle East, North Africa, Afghanistan and Pakistan (WB)",,1999,4786239256423
"Middle East, North Africa, Afghanistan and Pakistan (WB)",,2000,5075830974276
"Middle East, North Africa, Afghanistan and Pakistan (WB)",,2001,5186528040389
"Middle East, North Africa, Afghanistan and Pakistan (WB)",,2002,5307403985610
"Middle East, North Africa, Afghanistan and Pakistan (WB)",,2003,5534787580057
"Middle East, North Africa, Afghanistan and Pakistan (WB)",,2004,5976377585650
"Middle East, North Africa, Afghanistan and Pakistan (WB)",,2005,6287603548868
"Middle East, North Africa, Afghanistan and Pakistan (WB)",,2006,6650372146126
"Middle East, North Africa, Afghanistan and Pakistan (WB)",,2007,7001867047187
"Middle East, North Africa, Afghanistan and Pakistan (WB)",,2008,7312571085491
"Middle East, North Africa, Afghanistan and Pakistan (WB)",,2009,7438850778487
"Middle East, North Africa, Afghanistan and Pakistan (WB)",,2010,7791183119545
"Middle East, North Africa, Afghanistan and Pakistan (WB)",,2011,8114738037624
"Middle East, North Africa, Afghanistan and Pakistan (WB)",,2012,8365192467959
"Middle East, North Africa, Afghanistan and Pakistan (WB)",,2013,8536970015823
"Middle East, North Africa, Afghanistan and Pakistan (WB)",,2014,8807327994607
"Middle East, North Africa, Afghanistan and Pakistan (WB)",,2015,9084437999463
"Middle East, North Africa, Afghanistan and Pakistan (WB)",,2016,9516991921703
"Middle East, North Africa, Afghanistan and Pakistan (WB)",,2017,9740890149974
"Middle East, North Africa, Afghanistan and Pakistan (WB)",,2018,10011363007822
"Middle East, North Africa, Afghanistan and Pakistan (WB)",,2019,10186942666738
"Middle East, North Africa, Afghanistan and Pakistan (WB)",,2020,9921081871247
"Middle East, North Africa, Afghanistan and Pakistan (WB)",,2021,10383199195765
"Middle East, North Africa, Afghanistan and Pakistan (WB)",,2022,11036393226471
"Middle East, North Africa, Afghanistan and Pakistan (WB)",,2023,11281750223453
"Middle East, North Africa, Afghanistan and Pakistan (WB)",,2024,11525542747361
Moldova,MDA,1990,47357419839
Moldova,MDA,1991,39780232536
Moldova,MDA,1992,28204184901
Moldova,MDA,1993,27865734701
Moldova,MDA,1994,19255222615
Moldova,MDA,1995,18985649681
Moldova,MDA,1996,17869851603
Moldova,MDA,1997,18164179596
Moldova,MDA,1998,16975844077
Moldova,MDA,1999,16404054449
Moldova,MDA,2000,16749805343
Moldova,MDA,2001,17771543536
Moldova,MDA,2002,19157723871
Moldova,MDA,2003,20422133638
Moldova,MDA,2004,21933371473
Moldova,MDA,2005,23578374366
Moldova,MDA,2006,24710136298
Moldova,MDA,2007,25451440442
Moldova,MDA,2008,27436652834
Moldova,MDA,2009,25790453592
Moldova,MDA,2010,27621575824
Moldova,MDA,2011,29228644998
Moldova,MDA,2012,29056273754
Moldova,MDA,2013,31684084103
Moldova,MDA,2014,33268169763
Moldova,MDA,2015,33155644962
Moldova,MDA,2016,34696060989
Moldova,MDA,2017,36144833893
Moldova,MDA,2018,37617951104
Moldova,MDA,2019,38954258880
Moldova,MDA,2020,35730412861
Moldova,MDA,2021,40707659297
Moldova,MDA,2022,38835106969
Moldova,MDA,2023,39301128253
Moldova,MDA,2024,39341631765
Mongolia,MNG,1990,13930857674
Mongolia,MNG,1991,12719772331
Mongolia,MNG,1992,11542370967
Mongolia,MNG,1993,11176617291
Mongolia,MNG,1994,11415169077
Mongolia,MNG,1995,12143048987
Mongolia,MNG,1996,12414457527
Mongolia,MNG,1997,12898213380
Mongolia,MNG,1998,13329005529
Mongolia,MNG,1999,13738255184
Mongolia,MNG,2000,13895704125
Mongolia,MNG,2001,14306004046
Mongolia,MNG,2002,14983104137
Mongolia,MNG,2003,16032615830
Mongolia,MNG,2004,17736146348
Mongolia,MNG,2005,19022667065
Mongolia,MNG,2006,20650291128
Mongolia,MNG,2007,22766536341
Mongolia,MNG,2008,24792841843
Mongolia,MNG,2009,24478320115
Mongolia,MNG,2010,26036404766
Mongolia,MNG,2011,30538301606
Mongolia,MNG,2012,34300565349
Mongolia,MNG,2013,38296209459
Mongolia,MNG,2014,41315951926
Mongolia,MNG,2015,42299203744
Mongolia,MNG,2016,42929370719
Mongolia,MNG,2017,45349246281
Mongolia,MNG,2018,48861491267
Mongolia,MNG,2019,51598831338
Mongolia,MNG,2020,49247084583
Mongolia,MNG,2021,50053145881
Mongolia,MNG,2022,52572175378
Mongolia,MNG,2023,56474141515
Mongolia,MNG,2024,59221044568
Montenegro,MNE,1997,8909988500
Montenegro,MNE,1998,9346578457
Montenegro,MNE,1999,8468000258
Montenegro,MNE,2000,8730508271
Montenegro,MNE,2001,8826529780
Montenegro,MNE,2002,8994581323
Montenegro,MNE,2003,9217886126
Montenegro,MNE,2004,9625874441
Montenegro,MNE,2005,10028294182
Montenegro,MNE,2006,10887359783
Montenegro,MNE,2007,11628805329
Montenegro,MNE,2008,12468725167
Montenegro,MNE,2009,11746150450
Montenegro,MNE,2010,12067329093
Montenegro,MNE,2011,12456916902
Montenegro,MNE,2012,12117616549
Montenegro,MNE,2013,12547668326
Montenegro,MNE,2014,12771480908
Montenegro,MNE,2015,13204482821
Montenegro,MNE,2016,13593920034
Montenegro,MNE,2017,14235072552
Montenegro,MNE,2018,14957913709
Montenegro,MNE,2019,15565645515
Montenegro,MNE,2020,13183028693
Montenegro,MNE,2021,14902552328
Montenegro,MNE,2022,15857311217
Montenegro,MNE,2023,16862299640
Montenegro,MNE,2024,17374966800
Morocco,MAR,1990,108500615233
Morocco,MAR,1991,116330115276
Morocco,MAR,1992,113889813365
Morocco,MAR,1993,113046354860
Morocco,MAR,1994,125015703383
Morocco,MAR,1995,118258044704
Morocco,MAR,1996,132889966255
Morocco,MAR,1997,130815949435
Morocco,MAR,1998,140285130844
Morocco,MAR,1999,142665855758
Morocco,MAR,2000,146349746258
Morocco,MAR,2001,157650617839
Morocco,MAR,2002,163531297047
Morocco,MAR,2003,173622980434
Morocco,MAR,2004,181559946924
Morocco,MAR,2005,187355793839
Morocco,MAR,2006,201952346516
Morocco,MAR,2007,208901663617
Morocco,MAR,2008,220776760915
Morocco,MAR,2009,229046549271
Morocco,MAR,2010,237062164034
Morocco,MAR,2011,250159007579
Morocco,MAR,2012,257819736151
Morocco,MAR,2013,268447614492
Morocco,MAR,2014,275747360357
Morocco,MAR,2015,287727433233
Morocco,MAR,2016,289227026912
Morocco,MAR,2017,303855835390
Morocco,MAR,2018,313170965464
Morocco,MAR,2019,322224659036
Morocco,MAR,2020,299094704579
Morocco,MAR,2021,323485096796
Morocco,MAR,2022,328425372774
Morocco,MAR,2023,339602809128
Morocco,MAR,2024,350594100691
Mozambique,MOZ,1990,7170866773
Mozambique,MOZ,1991,7524064320
Mozambique,MOZ,1992,6953992508
Mozambique,MOZ,1993,7714789540
Mozambique,MOZ,1994,8211636159
Mozambique,MOZ,1995,8385960474
Mozambique,MOZ,1996,9282915341
Mozambique,MOZ,1997,10379686771
Mozambique,MOZ,1998,11455980625
Mozambique,MOZ,1999,12809732312
Mozambique,MOZ,2000,12907884958
Mozambique,MOZ,2001,14566765289
Mozambique,MOZ,2002,15975153770
Mozambique,MOZ,2003,17128192582
Mozambique,MOZ,2004,18533510246
Mozambique,MOZ,2005,19703349820
Mozambique,MOZ,2006,21656085291
Mozambique,MOZ,2007,23312635904
Mozambique,MOZ,2008,24916085861
Mozambique,MOZ,2009,26393353584
Mozambique,MOZ,2010,28156358172
Mozambique,MOZ,2011,30165049214
Mozambique,MOZ,2012,32576595027
Mozambique,MOZ,2013,34717337919
Mozambique,MOZ,2014,37391464636
Mozambique,MOZ,2015,40155850652
Mozambique,MOZ,2016,42041967039
Mozambique,MOZ,2017,43151121313
Mozambique,MOZ,2018,44654908558
Mozambique,MOZ,2019,45689926257
Mozambique,MOZ,2020,45132727326
Mozambique,MOZ,2021,46205728911
Mozambique,MOZ,2022,48222355190
Mozambique,MOZ,2023,50844136708
Mozambique,MOZ,2024,51785655733
Myanmar,MMR,1990,30871439712
Myanmar,MMR,1991,30670584905
Myanmar,MMR,1992,33633652463
Myanmar,MMR,1993,35664926709
Myanmar,MMR,1994,38331935077
Myanmar,MMR,1995,40995257643
Myanmar,MMR,1996,43636465399
Myanmar,MMR,1997,46102616443
Myanmar,MMR,1998,48807094193
Myanmar,MMR,1999,54149094093
Myanmar,MMR,2000,61592390964
Myanmar,MMR,2001,68579429990
Myanmar,MMR,2002,76826458556
Myanmar,MMR,2003,87462311090
Myanmar,MMR,2004,99326277631
Myanmar,MMR,2005,112803810601
Myanmar,MMR,2006,127554151235
Myanmar,MMR,2007,142849724677
Myanmar,MMR,2008,157499400196
Myanmar,MMR,2009,174115601243
Myanmar,MMR,2010,190890663421
Myanmar,MMR,2011,201564281228
Myanmar,MMR,2012,216344325709
Myanmar,MMR,2013,234573500811
Myanmar,MMR,2014,253737938743
Myanmar,MMR,2015,271481427555
Myanmar,MMR,2016,287396952715
Myanmar,MMR,2017,305031940823
Myanmar,MMR,2018,324153972904
Myanmar,MMR,2019,345480419570
Myanmar,MMR,2020,314220151769
Myanmar,MMR,2021,276462287916
Myanmar,MMR,2022,287624434643
Myanmar,MMR,2023,290381161330
Myanmar,MMR,2024,287558521666
Namibia,NAM,1990,9970961728
Namibia,NAM,1991,10785151825
Namibia,NAM,1992,11560533332
Namibia,NAM,1993,11377930181
Namibia,NAM,1994,11574754661
Namibia,NAM,1995,12026055992
Namibia,NAM,1996,12409846439
Namibia,NAM,1997,12933554406
Namibia,NAM,1998,13359273423
Namibia,NAM,1999,13809384540
Namibia,NAM,2000,14291633570
Namibia,NAM,2001,14459981681
Namibia,NAM,2002,15152421216
Namibia,NAM,2003,15794852707
Namibia,NAM,2004,17732809757
Namibia,NAM,2005,18181319093
Namibia,NAM,2006,19467315667
Namibia,NAM,2007,20513497807
Namibia,NAM,2008,21057066941
Namibia,NAM,2009,21119389734
Namibia,NAM,2010,22394842369
Namibia,NAM,2011,23535039520
Namibia,NAM,2012,24726308395
Namibia,NAM,2013,26114621285
Namibia,NAM,2014,27705659590
Namibia,NAM,2015,28887077272
Namibia,NAM,2016,28896839500
Namibia,NAM,2017,28599997269
Namibia,NAM,2018,28903139937
Namibia,NAM,2019,28660598613
Namibia,NAM,2020,26338688299
Namibia,NAM,2021,27287889637
Namibia,NAM,2022,28761087692
Namibia,NAM,2023,30038887033
Namibia,NAM,2024,31153793835
Nauru,NRU,1990,293916424
Nauru,NRU,1991,238090603
Nauru,NRU,1992,199376363
Nauru,NRU,1993,167242131
Nauru,NRU,1994,160776333
Nauru,NRU,1995,148037234
Nauru,NRU,1996,130480757
Nauru,NRU,1997,118798016
Nauru,NRU,1998,104794135
Nauru,NRU,1999,97911036
Nauru,NRU,2000,91198066
Nauru,NRU,2001,85032083
Nauru,NRU,2002,76553208
Nauru,NRU,2003,76771122
Nauru,NRU,2004,73458581
Nauru,NRU,2005,73197327
Nauru,NRU,2006,79293757
Nauru,NRU,2007,61702195
Nauru,NRU,2008,74277663
Nauru,NRU,2009,70079539
Nauru,NRU,2010,69967428
Nauru,NRU,2011,80038983
Nauru,NRU,2012,100272294
Nauru,NRU,2013,103929967
Nauru,NRU,2014,120998734
Nauru,NRU,2015,124263301
Nauru,NRU,2016,129685208
Nauru,NRU,2017,121889532
Nauru,NRU,2018,120403550
Nauru,NRU,2019,130621882
Nauru,NRU,2020,133210572
Nauru,NRU,2021,142810518
Nauru,NRU,2022,147025596
Nauru,NRU,2023,147975985
Nauru,NRU,2024,150580735
Nepal,NPL,1990,35305600051
Nepal,NPL,1991,37553913761
Nepal,NPL,1992,39096030161
Nepal,NPL,1993,40601168688
Nepal,NPL,1994,43936961801
Nepal,NPL,1995,45460894184
Nepal,NPL,1996,47883179815
Nepal,NPL,1997,50300616038
Nepal,NPL,1998,51817878527
Nepal,NPL,1999,54104380389
Nepal,NPL,2000,57458851963
Nepal,NPL,2001,60216814884
Nepal,NPL,2002,60289161279
Nepal,NPL,2003,62667591457
Nepal,NPL,2004,65602066132
Nepal,NPL,2005,67884480784
Nepal,NPL,2006,70168532058
Nepal,NPL,2007,72562373827
Nepal,NPL,2008,76992044903
Nepal,NPL,2009,80482154910
Nepal,NPL,2010,84358509208
Nepal,NPL,2011,87245096016
Nepal,NPL,2012,91319565822
Nepal,NPL,2013,94538720393
Nepal,NPL,2014,100221899349
Nepal,NPL,2015,104206775456
Nepal,NPL,2016,104658109297
Nepal,NPL,2017,114053560138
Nepal,NPL,2018,122747151452
Nepal,NPL,2019,130918497364
Nepal,NPL,2020,127816225643
Nepal,NPL,2021,134000165871
Nepal,NPL,2022,141546136718
Nepal,NPL,2023,144352357438
Nepal,NPL,2024,149643411660
Netherlands,NLD,1990,644833397706
Netherlands,NLD,1991,660561752097
Netherlands,NLD,1992,671831403721
Netherlands,NLD,1993,680280034675
Netherlands,NLD,1994,700423755699
Netherlands,NLD,1995,722249211308
Netherlands,NLD,1996,746954304154
Netherlands,NLD,1997,778688504962
Netherlands,NLD,1998,814880269569
Netherlands,NLD,1999,855977300298
Netherlands,NLD,2000,892097434751
Netherlands,NLD,2001,912825994038
Netherlands,NLD,2002,915069589424
Netherlands,NLD,2003,915964823638
Netherlands,NLD,2004,934433513627
Netherlands,NLD,2005,953439548936
Netherlands,NLD,2006,987166282103
Netherlands,NLD,2007,1025520717314
Netherlands,NLD,2008,1047229103290
Netherlands,NLD,2009,1008845114543
Netherlands,NLD,2010,1022155013167
Netherlands,NLD,2011,1040281349648
Netherlands,NLD,2012,1030108678867
Netherlands,NLD,2013,1029797250642
Netherlands,NLD,2014,1046403864219
Netherlands,NLD,2015,1068593959380
Netherlands,NLD,2016,1094499730244
Netherlands,NLD,2017,1124943745824
Netherlands,NLD,2018,1150353304391
Netherlands,NLD,2019,1176812483876
Netherlands,NLD,2020,1131293926122
Netherlands,NLD,2021,1202303330254
Netherlands,NLD,2022,1262505478021
Netherlands,NLD,2023,1263446812646
Netherlands,NLD,2024,1275824484216
New Zealand,NZL,1990,102209767177
New Zealand,NZL,1991,101094869961
New Zealand,NZL,1992,102200680785
New Zealand,NZL,1993,108732866429
New Zealand,NZL,1994,114299171970
New Zealand,NZL,1995,119696471622
New Zealand,NZL,1996,124019763178
New Zealand,NZL,1997,126598472488
New Zealand,NZL,1998,127685201818
New Zealand,NZL,1999,134551765827
New Zealand,NZL,2000,138413470246
New Zealand,NZL,2001,143134744197
New Zealand,NZL,2002,149881368404
New Zealand,NZL,2003,156967822526
New Zealand,NZL,2004,163384611921
New Zealand,NZL,2005,168862779675
New Zealand,NZL,2006,173556794450
New Zealand,NZL,2007,178861412761
New Zealand,NZL,2008,177042323387
New Zealand,NZL,2009,176975992512
New Zealand,NZL,2010,179557428668
New Zealand,NZL,2011,183316456644
New Zealand,NZL,2012,187654286141
New Zealand,NZL,2013,192513672678
New Zealand,NZL,2014,199879986813
New Zealand,NZL,2015,207256296052
New Zealand,NZL,2016,215088740878
New Zealand,NZL,2017,222356013413
New Zealand,NZL,2018,230073061277
New Zealand,NZL,2019,235404938764
New Zealand,NZL,2020,234681664396
New Zealand,NZL,2021,245325429880
New Zealand,NZL,2022,253902955985
New Zealand,NZL,2023,257443002559
New Zealand,NZL,2024,257117433912
Nicaragua,NIC,1990,17556045822
Nicaragua,NIC,1991,17522815476
Nicaragua,NIC,1992,17590514274
Nicaragua,NIC,1993,17521394803
Nicaragua,NIC,1994,18106210973
Nicaragua,NIC,1995,19176633496
Nicaragua,NIC,1996,20393250588
Nicaragua,NIC,1997,21202179651
Nicaragua,NIC,1998,21989137024
Nicaragua,NIC,1999,23536286210
Nicaragua,NIC,2000,24501648230
Nicaragua,NIC,2001,25227103687
Nicaragua,NIC,2002,25417300629
Nicaragua,NIC,2003,26058002887
Nicaragua,NIC,2004,27442248448
Nicaragua,NIC,2005,28617434839
Nicaragua,NIC,2006,29805901340
Nicaragua,NIC,2007,31318953814
Nicaragua,NIC,2008,32394984414
Nicaragua,NIC,2009,31328326049
Nicaragua,NIC,2010,32709936280
Nicaragua,NIC,2011,34776120093
Nicaragua,NIC,2012,37035224314
Nicaragua,NIC,2013,38859984679
Nicaragua,NIC,2014,40719613754
Nicaragua,NIC,2015,42671006645
Nicaragua,NIC,2016,44618147573
Nicaragua,NIC,2017,46684506604
Nicaragua,NIC,2018,45114340142
Nicaragua,NIC,2019,43807436417
Nicaragua,NIC,2020,42827664806
Nicaragua,NIC,2021,47305035692
Nicaragua,NIC,2022,48984506117
Nicaragua,NIC,2023,51153414573
Nicaragua,NIC,2024,52988712244
Niger,NER,1990,11698663466
Niger,NER,1991,11647249115
Niger,NER,1992,11880281727
Niger,NER,1993,11918495304
Niger,NER,1994,12139557027
Niger,NER,1995,12437855578
Niger,NER,1996,12450359417
Niger,NER,1997,12640535633
Niger,NER,1998,13901127580
Niger,NER,1999,13870605915
Niger,NER,2000,13702982730
Niger,NER,2001,14698934000
Niger,NER,2002,15421896744
Niger,NER,2003,15756646036
Niger,NER,2004,15813968963
Niger,NER,2005,16973428426
Niger,NER,2006,17980130949
Niger,NER,2007,18545196854
Niger,NER,2008,19979002842
Niger,NER,2009,20371110933
Niger,NER,2010,22118578797
Niger,NER,2011,22640081122
Niger,NER,2012,25028370732
Niger,NER,2013,26358661332
Niger,NER,2014,28109439638
Niger,NER,2015,29344188610
Niger,NER,2016,31028807124
Niger,NER,2017,32581910868
Niger,NER,2018,34931528663
Niger,NER,2019,37006409966
Niger,NER,2020,38320374766
Niger,NER,2021,38850574077
Niger,NER,2022,43473792392
Niger,NER,2023,44198776163
Niger,NER,2024,47921019367
Nigeria,NGA,1990,354556738794
Nigeria,NGA,1991,355827302092
Nigeria,NGA,1992,372306351007
Nigeria,NGA,1993,364729474560
Nigeria,NGA,1994,358109910022
Nigeria,NGA,1995,357849690301
Nigeria,NGA,1996,372864791507
Nigeria,NGA,1997,383816201133
Nigeria,NGA,1998,393723472569
Nigeria,NGA,1999,396023317256
Nigeria,NGA,2000,415887588481
Nigeria,NGA,2001,440498504462
Nigeria,NGA,2002,508023206248
Nigeria,NGA,2003,545348661694
Nigeria,NGA,2004,595796457196
Nigeria,NGA,2005,634156910550
Nigeria,NGA,2006,672583192155
Nigeria,NGA,2007,716914027134
Nigeria,NGA,2008,765409481340
Nigeria,NGA,2009,826924868071
Nigeria,NGA,2010,893125627695
Nigeria,NGA,2011,940532059050
Nigeria,NGA,2012,980317140517
Nigeria,NGA,2013,1045717384877
Nigeria,NGA,2014,1111699209792
Nigeria,NGA,2015,1141189180195
Nigeria,NGA,2016,1122737646691
Nigeria,NGA,2017,1131785639153
Nigeria,NGA,2018,1153547130626
Nigeria,NGA,2019,1179022403184
Nigeria,NGA,2020,1157867757369
Nigeria,NGA,2021,1200097354375
Nigeria,NGA,2022,1239120696928
Nigeria,NGA,2023,1274562212859
Nigeria,NGA,2024,1318234315608
North America (WB),,1990,12203292411092
North America (WB),,1991,12167694797585
North America (WB),,1992,12567259887902
North America (WB),,1993,12912054895322
North America (WB),,1994,13437413506526
North America (WB),,1995,13798185227432
North America (WB),,1996,14293291281251
North America (WB),,1997,14926869268489
North America (WB),,1998,15588397865272
North America (WB),,1999,16339498502323
North America (WB),,2000,17021031570714
North America (WB),,2001,17197709150983
North America (WB),,2002,17509592718871
North America (WB),,2003,17983715165308
North America (WB),,2004,18663601965767
North America (WB),,2005,19309169071947
North America (WB),,2006,19844555020412
North America (WB),,2007,20243106668839
North America (WB),,2008,20281544252198
North America (WB),,2009,19752719997282
North America (WB),,2010,20291592612941
North America (WB),,2011,20636787681945
North America (WB),,2012,21098860018899
North America (WB),,2013,21549451662679
North America (WB),,2014,22099649881611
North America (WB),,2015,22705151515543
North America (WB),,2016,23102594027272
North America (WB),,2017,23682007057922
North America (WB),,2018,24379701720071
North America (WB),,2019,24995135134291
North America (WB),,2020,24391914263015
North America (WB),,2021,25866624830798
North America (WB),,2022,26553270686244
North America (WB),,2023,27289284565505
North America (WB),,2024,28023062597269
North Macedonia,MKD,1990,26629380855
North Macedonia,MKD,1991,24986143636
North Macedonia,MKD,1992,23345753665
North Macedonia,MKD,1993,21601995982
North Macedonia,MKD,1994,21222196994
North Macedonia,MKD,1995,20985627287
North Macedonia,MKD,1996,21234328772
North Macedonia,MKD,1997,21540099143
North Macedonia,MKD,1998,22267882152
North Macedonia,MKD,1999,23234091774
North Macedonia,MKD,2000,24291042157
North Macedonia,MKD,2001,23545973557
North Macedonia,MKD,2002,23897671634
North Macedonia,MKD,2003,24428821680
North Macedonia,MKD,2004,25570646688
North Macedonia,MKD,2005,26778626704
North Macedonia,MKD,2006,28154251496
North Macedonia,MKD,2007,29976813267
North Macedonia,MKD,2008,31617144905
North Macedonia,MKD,2009,31503761126
North Macedonia,MKD,2010,32561893973
North Macedonia,MKD,2011,33323805186
North Macedonia,MKD,2012,33171787578
North Macedonia,MKD,2013,34142147836
North Macedonia,MKD,2014,35381208551
North Macedonia,MKD,2015,36745460238
North Macedonia,MKD,2016,37792046345
North Macedonia,MKD,2017,38200870400
North Macedonia,MKD,2018,39301283415
North Macedonia,MKD,2019,40838128481
North Macedonia,MKD,2020,38923453242
North Macedonia,MKD,2021,40679165465
North Macedonia,MKD,2022,41801456514
North Macedonia,MKD,2023,42667809294
North Macedonia,MKD,2024,43843840435
Norway,NOR,1990,242217306378
Norway,NOR,1991,249688350523
Norway,NOR,1992,258613358125
Norway,NOR,1993,265971380620
Norway,NOR,1994,279416962664
Norway,NOR,1995,291028534131
Norway,NOR,1996,305661195853
Norway,NOR,1997,321814187613
Norway,NOR,1998,330402399746
Norway,NOR,1999,337248493316
Norway,NOR,2000,348441587688
Norway,NOR,2001,355644329797
Norway,NOR,2002,360543533234
Norway,NOR,2003,363950342838
Norway,NOR,2004,378561449715
Norway,NOR,2005,388726289905
Norway,NOR,2006,398294683027
Norway,NOR,2007,409901149434
Norway,NOR,2008,411876543208
Norway,NOR,2009,403884636049
Norway,NOR,2010,407063417595
Norway,NOR,2011,411564138834
Norway,NOR,2012,422750284410
Norway,NOR,2013,427046234078
Norway,NOR,2014,435792704672
Norway,NOR,2015,443886855657
Norway,NOR,2016,449056913459
Norway,NOR,2017,460120536396
Norway,NOR,2018,463934620462
Norway,NOR,2019,469148071608
Norway,NOR,2020,463151553387
Norway,NOR,2021,481254696871
Norway,NOR,2022,496877324492
Norway,NOR,2023,497235674807
Norway,NOR,2024,507679877839
Oman,OMN,1990,62093919315
Oman,OMN,1991,65865552351
Oman,OMN,1992,71407403692
Oman,OMN,1993,75722525016
Oman,OMN,1994,78657359079
Oman,OMN,1995,82587725352
Oman,OMN,1996,85103297839
Oman,OMN,1997,90238015958
Oman,OMN,1998,90176767724
Oman,OMN,1999,90445129903
Oman,OMN,2000,96045863748
Oman,OMN,2001,100476619353
Oman,OMN,2002,99688716081
Oman,OMN,2003,97500882042
Oman,OMN,2004,99443601849
Oman,OMN,2005,102207580679
Oman,OMN,2006,106980485428
Oman,OMN,2007,112308813972
Oman,OMN,2008,122360519029
Oman,OMN,2009,129680084836
Oman,OMN,2010,132885774673
Oman,OMN,2011,136732299244
Oman,OMN,2012,148851050089
Oman,OMN,2013,156632542510
Oman,OMN,2014,158656630134
Oman,OMN,2015,166616525284
Oman,OMN,2016,175024701514
Oman,OMN,2017,175556877361
Oman,OMN,2018,177816476803
Oman,OMN,2019,175809572445
Oman,OMN,2020,169867700237
Oman,OMN,2021,174253981507
Oman,OMN,2022,188169394400
Oman,OMN,2023,190403218944
Oman,OMN,2024,193590714735
Pakistan,PAK,1990,371666437763
Pakistan,PAK,1991,390478586348
Pakistan,PAK,1992,420568467210
Pakistan,PAK,1993,427960999760
Pakistan,PAK,1994,443955680746
Pakistan,PAK,1995,465987465964
Pakistan,PAK,1996,488571927288
Pakistan,PAK,1997,493527981429
Pakistan,PAK,1998,506114101282
Pakistan,PAK,1999,524638549202
Pakistan,PAK,2000,546988613138
Pakistan,PAK,2001,566961082799
Pakistan,PAK,2002,581672683569
Pakistan,PAK,2003,613090633473
Pakistan,PAK,2004,661103327854
Pakistan,PAK,2005,709209003607
Pakistan,PAK,2006,752127762869
Pakistan,PAK,2007,785558445527
Pakistan,PAK,2008,802215749225
Pakistan,PAK,2009,830073097004
Pakistan,PAK,2010,842538450143
Pakistan,PAK,2011,865119465149
Pakistan,PAK,2012,891311682885
Pakistan,PAK,2013,930234061250
Pakistan,PAK,2014,968526478209
Pakistan,PAK,2015,1009378364242
Pakistan,PAK,2016,1075733265592
Pakistan,PAK,2017,1123416497011
Pakistan,PAK,2018,1192525738990
Pakistan,PAK,2019,1222310702240
Pakistan,PAK,2020,1206737395064
Pakistan,PAK,2021,1285342890384
Pakistan,PAK,2022,1346757947320
Pakistan,PAK,2023,1346221412803
Pakistan,PAK,2024,1389768773486
Palau,PLW,1990,272252342
Palau,PLW,1991,285606932
Palau,PLW,1992,267327975
Palau,PLW,1993,234446530
Palau,PLW,1994,251561199
Palau,PLW,1995,278981341
Palau,PLW,1996,307995521
Palau,PLW,1997,315079391
Palau,PLW,1998,321380933
Palau,PLW,1999,304026335
Palau,PLW,2000,296109786
Palau,PLW,2001,315358211
Palau,PLW,2002,331177045
Palau,PLW,2003,320502291
Palau,PLW,2004,333126953
Palau,PLW,2005,344499792
Palau,PLW,2006,344073577
Palau,PLW,2007,350108735
Palau,PLW,2008,330873843
Palau,PLW,2009,306850496
Palau,PLW,2010,304101435
Palau,PLW,2011,319666198
Palau,PLW,2012,323672934
Palau,PLW,2013,313845490
Palau,PLW,2014,328815918
Palau,PLW,2015,355778757
Palau,PLW,2016,354213368
Palau,PLW,2017,342665947
Palau,PLW,2018,343042908
Palau,PLW,2019,343729046
Palau,PLW,2020,323107249
Palau,PLW,2021,278538180
Palau,PLW,2022,274865857
Palau,PLW,2023,280025177
Palestine,PSE,1994,9386367656
Palestine,PSE,1995,10054476156
Palestine,PSE,1996,10176591543
Palestine,PSE,1997,11669257281
Palestine,PSE,1998,13341941143
Palestine,PSE,1999,14446732781
Palestine,PSE,2000,13210732057
Palestine,PSE,2001,11980670076
Palestine,PSE,2002,10484478209
Palestine,PSE,2003,11953945736
Palestine,PSE,2004,14574786910
Palestine,PSE,2005,16220375261
Palestine,PSE,2006,16058730121
Palestine,PSE,2007,16667080027
Palestine,PSE,2008,17905307779
Palestine,PSE,2009,19443998769
Palestine,PSE,2010,20567348977
Palestine,PSE,2011,22541980763
Palestine,PSE,2012,23916242829
Palestine,PSE,2013,25039964208
Palestine,PSE,2014,25000434455
Palestine,PSE,2015,25930775540
Palestine,PSE,2016,28229439949
Palestine,PSE,2017,28630119462
Palestine,PSE,2018,28981433182
Palestine,PSE,2019,29376359539
Palestine,PSE,2020,26051406241
Palestine,PSE,2021,27878126229
Palestine,PSE,2022,29016323292
Palestine,PSE,2023,27694396392
Palestine,PSE,2024,20339449744
Panama,PAN,1990,27836330176
Panama,PAN,1991,30458235723
Panama,PAN,1992,32956322800
Panama,PAN,1993,34754335521
Panama,PAN,1994,35744885207
Panama,PAN,1995,36371020781
Panama,PAN,1996,34274225646
Panama,PAN,1997,36916439412
Panama,PAN,1998,40012795477
Panama,PAN,1999,42098120670
Panama,PAN,2000,43870032876
Panama,PAN,2001,44286757893
Panama,PAN,2002,45397843441
Panama,PAN,2003,47711708102
Panama,PAN,2004,51612451959
Panama,PAN,2005,55883993112
Panama,PAN,2006,61392611712
Panama,PAN,2007,69467622068
Panama,PAN,2008,76551536001
Panama,PAN,2009,77785442697
Panama,PAN,2010,82509658741
Panama,PAN,2011,92335632700
Panama,PAN,2012,101225055032
Panama,PAN,2013,107626885734
Panama,PAN,2014,112605505019
Panama,PAN,2015,118536343727
Panama,PAN,2016,123955786339
Panama,PAN,2017,131075880415
Panama,PAN,2018,136211693037
Panama,PAN,2019,140438434341
Panama,PAN,2020,115410577991
Panama,PAN,2021,134415382039
Panama,PAN,2022,148891469563
Panama,PAN,2023,159908398388
Panama,PAN,2024,164484443672
Papua New Guinea,PNG,1990,12329045966
Papua New Guinea,PNG,1991,13506087373
Papua New Guinea,PNG,1992,15376556930
Papua New Guinea,PNG,1993,18175441792
Papua New Guinea,PNG,1994,19255446366
Papua New Guinea,PNG,1995,18617619568
Papua New Guinea,PNG,1996,20057449630
Papua New Guinea,PNG,1997,19274328641
Papua New Guinea,PNG,1998,18547857373
Papua New Guinea,PNG,1999,18892022881
Papua New Guinea,PNG,2000,18420696761
Papua New Guinea,PNG,2001,18398354555
Papua New Guinea,PNG,2002,18369119471
Papua New Guinea,PNG,2003,18766646046
Papua New Guinea,PNG,2004,19277319465
Papua New Guinea,PNG,2005,20500426045
Papua New Guinea,PNG,2006,21609487632
Papua New Guinea,PNG,2007,23298309982
Papua New Guinea,PNG,2008,23229240314
Papua New Guinea,PNG,2009,24808926563
Papua New Guinea,PNG,2010,27321687296
Papua New Guinea,PNG,2011,27624286902
Papua New Guinea,PNG,2012,28910782981
Papua New Guinea,PNG,2013,30016604913
Papua New Guinea,PNG,2014,34081985031
Papua New Guinea,PNG,2015,36324019448
Papua New Guinea,PNG,2016,38318053068
Papua New Guinea,PNG,2017,39672447116
Papua New Guinea,PNG,2018,39561660901
Papua New Guinea,PNG,2019,41334226882
Papua New Guinea,PNG,2020,40024993334
Papua New Guinea,PNG,2021,39820324163
Papua New Guinea,PNG,2022,42093102630
Papua New Guinea,PNG,2023,43697222882
Papua New Guinea,PNG,2024,45486636832
Paraguay,PRY,1990,40206049896
Paraguay,PRY,1991,41610708620
Paraguay,PRY,1992,42316604337
Paraguay,PRY,1993,44405504019
Paraguay,PRY,1994,46766952160
Paraguay,PRY,1995,49957772590
Paraguay,PRY,1996,50744000587
Paraguay,PRY,1997,52896822983
Paraguay,PRY,1998,52932812795
Paraguay,PRY,1999,52209708378
Paraguay,PRY,2000,51001502336
Paraguay,PRY,2001,50576121900
Paraguay,PRY,2002,50565296387
Paraguay,PRY,2003,52750094148
Paraguay,PRY,2004,54890386155
Paraguay,PRY,2005,56061467419
Paraguay,PRY,2006,58756407858
Paraguay,PRY,2007,61941958705
Paraguay,PRY,2008,65965889287
Paraguay,PRY,2009,65793627727
Paraguay,PRY,2010,73093582883
Paraguay,PRY,2011,76226645174
Paraguay,PRY,2012,75686927663
Paraguay,PRY,2013,81963702467
Paraguay,PRY,2014,86308793894
Paraguay,PRY,2015,88861075890
Paraguay,PRY,2016,92653689564
Paraguay,PRY,2017,97110405095
Paraguay,PRY,2018,100222065581
Paraguay,PRY,2019,99819318098
Paraguay,PRY,2020,99001013911
Paraguay,PRY,2021,102977624582
Paraguay,PRY,2022,103158904710
Paraguay,PRY,2023,108316053467
Paraguay,PRY,2024,112919442526
Peru,PER,1990,139069049051
Peru,PER,1991,142155351581
Peru,PER,1992,141386988934
Peru,PER,1993,148800724578
Peru,PER,1994,167115662645
Peru,PER,1995,179501264590
Peru,PER,1996,184525456662
Peru,PER,1997,196476846502
Peru,PER,1998,195707565859
Peru,PER,1999,198633219091
Peru,PER,2000,203985135733
Peru,PER,2001,205245544232
Peru,PER,2002,216438669381
Peru,PER,2003,225453390038
Peru,PER,2004,236631827251
Peru,PER,2005,251504280342
Peru,PER,2006,270439783700
Peru,PER,2007,293476893158
Peru,PER,2008,320261262261
Peru,PER,2009,323770760944
Peru,PER,2010,350748827202
Peru,PER,2011,372941380346
Peru,PER,2012,395838954412
Peru,PER,2013,419005501305
Peru,PER,2014,428986871742
Peru,PER,2015,442938574852
Peru,PER,2016,460449348428
Peru,PER,2017,472047309811
Peru,PER,2018,490784526035
Peru,PER,2019,501781200041
Peru,PER,2020,446919923476
Peru,PER,2021,506640152835
Peru,PER,2022,520871844722
Peru,PER,2023,518771469889
Peru,PER,2024,535911373084
Philippines,PHL,1990,283126473617
Philippines,PHL,1991,281890937770
Philippines,PHL,1992,283068196261
Philippines,PHL,1993,289244432888
Philippines,PHL,1994,301895018069
Philippines,PHL,1995,315858342273
Philippines,PHL,1996,334368739912
Philippines,PHL,1997,351710479274
Philippines,PHL,1998,349902368762
Philippines,PHL,1999,361611680724
Philippines,PHL,2000,377459330716
Philippines,PHL,2001,388968938941
Philippines,PHL,2002,403424016589
Philippines,PHL,2003,423945837811
Philippines,PHL,2004,451795808663
Philippines,PHL,2005,474125839632
Philippines,PHL,2006,499332345525
Philippines,PHL,2007,531885276934
Philippines,PHL,2008,554992965268
Philippines,PHL,2009,563031056381
Philippines,PHL,2010,604326568988
Philippines,PHL,2011,627642895061
Philippines,PHL,2012,670931122448
Philippines,PHL,2013,716222537880
Philippines,PHL,2014,761688254932
Philippines,PHL,2015,810042584431
Philippines,PHL,2016,867956228661
Philippines,PHL,2017,928114173543
Philippines,PHL,2018,986970399946
Philippines,PHL,2019,1047358437145
Philippines,PHL,2020,947667774109
Philippines,PHL,2021,1001824458376
Philippines,PHL,2022,1077772591518
Philippines,PHL,2023,1137254318494
Philippines,PHL,2024,1201987017721
Poland,POL,1990,488636005387
Poland,POL,1991,454355361418
Poland,POL,1992,465782301587
Poland,POL,1993,483194689317
Poland,POL,1994,508769227819
Poland,POL,1995,549112895547
Poland,POL,1996,582575162595
Poland,POL,1997,619620571605
Poland,POL,1998,648257026192
Poland,POL,1999,678719821780
Poland,POL,2000,710323273628
Poland,POL,2001,719086848972
Poland,POL,2002,732758087729
Poland,POL,2003,758575874955
Poland,POL,2004,797193421189
Poland,POL,2005,823188485604
Poland,POL,2006,874243517193
Poland,POL,2007,933346294279
Poland,POL,2008,974262055589
Poland,POL,2009,999740261175
Poland,POL,2010,1031421305065
Poland,POL,2011,1085627265652
Poland,POL,2012,1102039579729
Poland,POL,2013,1109580182039
Poland,POL,2014,1153081368765
Poland,POL,2015,1204183248380
Poland,POL,2016,1240684182182
Poland,POL,2017,1304609910272
Poland,POL,2018,1386093998885
Poland,POL,2019,1449583454736
Poland,POL,2020,1420076185854
Poland,POL,2021,1518447457166
Poland,POL,2022,1598248809948
Poland,POL,2023,1602238212133
Poland,POL,2024,1649077853050
Portugal,PRT,1990,271449405528
Portugal,PRT,1991,283306877088
Portugal,PRT,1992,286393438157
Portugal,PRT,1993,280541627952
Portugal,PRT,1994,283248400966
Portugal,PRT,1995,295379307240
Portugal,PRT,1996,305730126300
Portugal,PRT,1997,319184904486
Portugal,PRT,1998,334531197110
Portugal,PRT,1999,347599918504
Portugal,PRT,2000,360864947064
Portugal,PRT,2001,367878978446
Portugal,PRT,2002,370715048641
Portugal,PRT,2003,367265467114
Portugal,PRT,2004,373834874977
Portugal,PRT,2005,376757693845
Portugal,PRT,2006,382880139446
Portugal,PRT,2007,392477334015
Portugal,PRT,2008,393730307475
Portugal,PRT,2009,381437739140
Portugal,PRT,2010,388065694854
Portugal,PRT,2011,381416082646
Portugal,PRT,2012,365965288423
Portugal,PRT,2013,362363799979
Portugal,PRT,2014,365050334090
Portugal,PRT,2015,370853897105
Portugal,PRT,2016,378286333169
Portugal,PRT,2017,390825468047
Portugal,PRT,2018,402340290183
Portugal,PRT,2019,413387286357
Portugal,PRT,2020,379470380726
Portugal,PRT,2021,400564219793
Portugal,PRT,2022,428547002419
Portugal,PRT,2023,439745486462
Portugal,PRT,2024,448225732177
Puerto Rico,PRI,1990,94575186676
Puerto Rico,PRI,1991,96754568943
Puerto Rico,PRI,1992,101170497603
Puerto Rico,PRI,1993,105869388737
Puerto Rico,PRI,1994,110301037504
Puerto Rico,PRI,1995,115318618493
Puerto Rico,PRI,1996,117986754052
Puerto Rico,PRI,1997,123744610544
Puerto Rico,PRI,1998,130588585443
Puerto Rico,PRI,1999,137626918304
Puerto Rico,PRI,2000,142130022240
Puerto Rico,PRI,2001,151103360796
Puerto Rico,PRI,2002,152488161785
Puerto Rico,PRI,2003,152569620659
Puerto Rico,PRI,2004,165917443819
Puerto Rico,PRI,2005,162620765888
Puerto Rico,PRI,2006,160328765955
Puerto Rico,PRI,2007,158464452393
Puerto Rico,PRI,2008,155542155203
Puerto Rico,PRI,2009,152505310993
Puerto Rico,PRI,2010,151875076513
Puerto Rico,PRI,2011,151330588209
Puerto Rico,PRI,2012,151374890466
Puerto Rico,PRI,2013,150910431935
Puerto Rico,PRI,2014,149114049276
Puerto Rico,PRI,2015,147549410420
Puerto Rico,PRI,2016,145684836860
Puerto Rico,PRI,2017,141481511164
Puerto Rico,PRI,2018,135310898292
Puerto Rico,PRI,2019,137577983403
Puerto Rico,PRI,2020,131826020840
Puerto Rico,PRI,2021,132333844622
Puerto Rico,PRI,2022,136247082992
Puerto Rico,PRI,2023,136925731419
Puerto Rico,PRI,2024,141343921419
Qatar,QAT,1990,31509683796
Qatar,QAT,1991,30985919584
Qatar,QAT,1992,34496787789
Qatar,QAT,1993,34039658398
Qatar,QAT,1994,34522581897
Qatar,QAT,1995,35350860186
Qatar,QAT,1996,36897075196
Qatar,QAT,1997,47970640099
Qatar,QAT,1998,53352299487
Qatar,QAT,1999,55637946354
Qatar,QAT,2000,60104630486
Qatar,QAT,2001,62447621175
Qatar,QAT,2002,66932704049
Qatar,QAT,2003,69422572980
Qatar,QAT,2004,82764838508
Qatar,QAT,2005,88966207967
Qatar,QAT,2006,112248883155
Qatar,QAT,2007,132437582059
Qatar,QAT,2008,155830769012
Qatar,QAT,2009,174462770166
Qatar,QAT,2010,208644094500
Qatar,QAT,2011,236550610211
Qatar,QAT,2012,247739482090
Qatar,QAT,2013,261503988403
Qatar,QAT,2014,275453456566
Qatar,QAT,2015,288546711667
Qatar,QAT,2016,297388336588
Qatar,QAT,2017,292934634875
Qatar,QAT,2018,296552003251
Qatar,QAT,2019,298592995589
Qatar,QAT,2020,287970239265
Qatar,QAT,2021,292655073655
Qatar,QAT,2022,304902716904
Qatar,QAT,2023,308522399742
Qatar,QAT,2024,317063578086
Romania,ROU,1990,378540084340
Romania,ROU,1991,329639478548
Romania,ROU,1992,300739232395
Romania,ROU,1993,305337037525
Romania,ROU,1994,317342714973
Romania,ROU,1995,337124309553
Romania,ROU,1996,350298123238
Romania,ROU,1997,333311947472
Romania,ROU,1998,326546338546
Romania,ROU,1999,325316366802
Romania,ROU,2000,333323106798
Romania,ROU,2001,350716521530
Romania,ROU,2002,370717855470
Romania,ROU,2003,379396906642
Romania,ROU,2004,418960844854
Romania,ROU,2005,438518557367
Romania,ROU,2006,473726383871
Romania,ROU,2007,507994839711
Romania,ROU,2008,555276292646
Romania,ROU,2009,524643331213
Romania,ROU,2010,504151751266
Romania,ROU,2011,526816342440
Romania,ROU,2012,536844907725
Romania,ROU,2013,538341480354
Romania,ROU,2014,560499621567
Romania,ROU,2015,578194796705
Romania,ROU,2016,594730777742
Romania,ROU,2017,643471809376
Romania,ROU,2018,682858268444
Romania,ROU,2019,709648600034
Romania,ROU,2020,683573382515
Romania,ROU,2021,721482377389
Romania,ROU,2022,750091373388
Romania,ROU,2023,768125608596
Romania,ROU,2024,774375748379
Russia,RUS,1990,4386345138351
Russia,RUS,1991,4164968955088
Russia,RUS,1992,3559754243605
Russia,RUS,1993,3251175510900
Russia,RUS,1994,2842510682692
Russia,RUS,1995,2724730445132
Russia,RUS,1996,2622414924909
Russia,RUS,1997,2659126525923
Russia,RUS,1998,2518193840446
Russia,RUS,1999,2679356097999
Russia,RUS,2000,2947293497975
Russia,RUS,2001,3097606976144
Russia,RUS,2002,3243194253400
Russia,RUS,2003,3479945888363
Russia,RUS,2004,3730500178214
Russia,RUS,2005,3969250900657
Russia,RUS,2006,4294732183706
Russia,RUS,2007,4659783464566
Russia,RUS,2008,4902090772495
Russia,RUS,2009,4519727990645
Russia,RUS,2010,4723115750188
Russia,RUS,2011,4926211105919
Russia,RUS,2012,5124446085120
Russia,RUS,2013,5214401746699
Russia,RUS,2014,5252793677571
Russia,RUS,2015,5149170806802
Russia,RUS,2016,5159144239407
Russia,RUS,2017,5253339382318
Russia,RUS,2018,5400813511031
Russia,RUS,2019,5519527481141
Russia,RUS,2020,5373058291702
Russia,RUS,2021,5688268314339
Russia,RUS,2022,5606591485618
Russia,RUS,2023,5835481974159
Russia,RUS,2024,6088997179872
Rwanda,RWA,1990,8282405773
Rwanda,RWA,1991,8074154648
Rwanda,RWA,1992,8548327566
Rwanda,RWA,1993,7855170023
Rwanda,RWA,1994,3908098918
Rwanda,RWA,1995,5284690742
Rwanda,RWA,1996,5958261346
Rwanda,RWA,1997,6783465795
Rwanda,RWA,1998,7384390610
Rwanda,RWA,1999,7705751042
Rwanda,RWA,2000,8350791443
Rwanda,RWA,2001,9059319382
Rwanda,RWA,2002,10254431465
Rwanda,RWA,2003,10480273783
Rwanda,RWA,2004,11260809714
Rwanda,RWA,2005,12316837094
Rwanda,RWA,2006,13453320985
Rwanda,RWA,2007,14480253093
Rwanda,RWA,2008,16096429954
Rwanda,RWA,2009,17102176347
Rwanda,RWA,2010,18356562227
Rwanda,RWA,2011,19817448801
Rwanda,RWA,2012,21529975256
Rwanda,RWA,2013,22546157485
Rwanda,RWA,2014,23936616478
Rwanda,RWA,2015,26056648034
Rwanda,RWA,2016,27612424110
Rwanda,RWA,2017,28694326087
Rwanda,RWA,2018,31138068964
Rwanda,RWA,2019,34079802278
Rwanda,RWA,2020,32930056261
Rwanda,RWA,2021,36505744034
Rwanda,RWA,2022,39485053448
Rwanda,RWA,2023,42742532065
Rwanda,RWA,2024,46542623255
Saint Kitts and Nevis,KNA,1990,579230492
Saint Kitts and Nevis,KNA,1991,568429644
Saint Kitts and Nevis,KNA,1992,592695757
Saint Kitts and Nevis,KNA,1993,633010622
Saint Kitts and Nevis,KNA,1994,666571067
Saint Kitts and Nevis,KNA,1995,702453538
Saint Kitts and Nevis,KNA,1996,743496761
Saint Kitts and Nevis,KNA,1997,794232733
Saint Kitts and Nevis,KNA,1998,790366839
Saint Kitts and Nevis,KNA,1999,815815753
Saint Kitts and Nevis,KNA,2000,897746566
Saint Kitts and Nevis,KNA,2001,944909232
Saint Kitts and Nevis,KNA,2002,957832898
Saint Kitts and Nevis,KNA,2003,920157548
Saint Kitts and Nevis,KNA,2004,956930233
Saint Kitts and Nevis,KNA,2005,1050066537
Saint Kitts and Nevis,KNA,2006,1083147636
Saint Kitts and Nevis,KNA,2007,1089653046
Saint Kitts and Nevis,KNA,2008,1212969471
Saint Kitts and Nevis,KNA,2009,1171671013
Saint Kitts and Nevis,KNA,2010,1171036035
Saint Kitts and Nevis,KNA,2011,1189967089
Saint Kitts and Nevis,KNA,2012,1181189455
Saint Kitts and Nevis,KNA,2013,1248839492
Saint Kitts and Nevis,KNA,2014,1343463636
Saint Kitts and Nevis,KNA,2015,1352789095
Saint Kitts and Nevis,KNA,2016,1405990275
Saint Kitts and Nevis,KNA,2017,1409096686
Saint Kitts and Nevis,KNA,2018,1437328297
Saint Kitts and Nevis,KNA,2019,1479560547
Saint Kitts and Nevis,KNA,2020,1253159832
Saint Kitts and Nevis,KNA,2021,1257766533
Saint Kitts and Nevis,KNA,2022,1387849830
Saint Kitts and Nevis,KNA,2023,1447923711
Saint Kitts and Nevis,KNA,2024,1464812876
Saint Lucia,LCA,1990,2374193748
Saint Lucia,LCA,1991,2383113072
Saint Lucia,LCA,1992,2572643851
Saint Lucia,LCA,1993,2587647504
Saint Lucia,LCA,1994,2629012606
Saint Lucia,LCA,1995,2674973684
Saint Lucia,LCA,1996,2753152143
Saint Lucia,LCA,1997,2734041684
Saint Lucia,LCA,1998,2905916428
Saint Lucia,LCA,1999,2983521934
Saint Lucia,LCA,2000,2984976358
Saint Lucia,LCA,2001,2883246454
Saint Lucia,LCA,2002,2895253748
Saint Lucia,LCA,2003,3018725072
Saint Lucia,LCA,2004,3238108166
Saint Lucia,LCA,2005,3224822055
Saint Lucia,LCA,2006,3424608079
Saint Lucia,LCA,2007,3482539385
Saint Lucia,LCA,2008,3654901471
Saint Lucia,LCA,2009,3551507980
Saint Lucia,LCA,2010,3563228615
Saint Lucia,LCA,2011,3717407479
Saint Lucia,LCA,2012,3713364570
Saint Lucia,LCA,2013,3645826785
Saint Lucia,LCA,2014,3694246654
Saint Lucia,LCA,2015,3698011750
Saint Lucia,LCA,2016,3824774865
Saint Lucia,LCA,2017,3954045607
Saint Lucia,LCA,2018,4068190166
Saint Lucia,LCA,2019,4039699719
Saint Lucia,LCA,2020,3055569354
Saint Lucia,LCA,2021,3409978230
Saint Lucia,LCA,2022,4105219705
Saint Lucia,LCA,2023,4195940247
Saint Lucia,LCA,2024,4359235762
Saint Vincent and the Grenadines,VCT,1990,834942552
Saint Vincent and the Grenadines,VCT,1991,844423952
Saint Vincent and the Grenadines,VCT,1992,898280811
Saint Vincent and the Grenadines,VCT,1993,936464310
Saint Vincent and the Grenadines,VCT,1994,924780762
Saint Vincent and the Grenadines,VCT,1995,996605250
Saint Vincent and the Grenadines,VCT,1996,1009440648
Saint Vincent and the Grenadines,VCT,1997,1044823066
Saint Vincent and the Grenadines,VCT,1998,1087558366
Saint Vincent and the Grenadines,VCT,1999,1117034577
Saint Vincent and the Grenadines,VCT,2000,1135343130
Saint Vincent and the Grenadines,VCT,2001,1155191551
Saint Vincent and the Grenadines,VCT,2002,1216903351
Saint Vincent and the Grenadines,VCT,2003,1298330451
Saint Vincent and the Grenadines,VCT,2004,1351752839
Saint Vincent and the Grenadines,VCT,2005,1385391984
Saint Vincent and the Grenadines,VCT,2006,1482326839
Saint Vincent and the Grenadines,VCT,2007,1531584095
Saint Vincent and the Grenadines,VCT,2008,1537781509
Saint Vincent and the Grenadines,VCT,2009,1516587902
Saint Vincent and the Grenadines,VCT,2010,1448789327
Saint Vincent and the Grenadines,VCT,2011,1440005655
Saint Vincent and the Grenadines,VCT,2012,1456840937
Saint Vincent and the Grenadines,VCT,2013,1492715414
Saint Vincent and the Grenadines,VCT,2014,1511378154
Saint Vincent and the Grenadines,VCT,2015,1553442244
Saint Vincent and the Grenadines,VCT,2016,1617846898
Saint Vincent and the Grenadines,VCT,2017,1641286760
Saint Vincent and the Grenadines,VCT,2018,1693407650
Saint Vincent and the Grenadines,VCT,2019,1704726869
Saint Vincent and the Grenadines,VCT,2020,1631953369
Saint Vincent and the Grenadines,VCT,2021,1666116701
Saint Vincent and the Grenadines,VCT,2022,1717946809
Saint Vincent and the Grenadines,VCT,2023,1809450922
Saint Vincent and the Grenadines,VCT,2024,1882947831
Samoa,WSM,1990,674634233
Samoa,WSM,1991,659117562
Samoa,WSM,1992,657799412
Samoa,WSM,1993,684769128
Samoa,WSM,1994,667361609
Samoa,WSM,1995,711898941
Samoa,WSM,1996,763005944
Samoa,WSM,1997,767915315
Samoa,WSM,1998,784770210
Samoa,WSM,1999,801920848
Samoa,WSM,2000,842763035
Samoa,WSM,2001,905044311
Samoa,WSM,2002,956197046
Samoa,WSM,2003,1006040050
Samoa,WSM,2004,1037099124
Samoa,WSM,2005,1105954247
Samoa,WSM,2006,1129534598
Samoa,WSM,2007,1135023939
Samoa,WSM,2008,1175386578
Samoa,WSM,2009,1169019772
Samoa,WSM,2010,1240618959
Samoa,WSM,2011,1288371350
Samoa,WSM,2012,1240287654
Samoa,WSM,2013,1241618399
Samoa,WSM,2014,1249812134
Samoa,WSM,2015,1297934423
Samoa,WSM,2016,1401559728
Samoa,WSM,2017,1421269615
Samoa,WSM,2018,1412604886
Samoa,WSM,2019,1475492063
Samoa,WSM,2020,1429627218
Samoa,WSM,2021,1328426324
Samoa,WSM,2022,1257936159
Samoa,WSM,2023,1373775088
Samoa,WSM,2024,1503216991
San Marino,SMR,1997,1726614182
San Marino,SMR,1998,1855516616
San Marino,SMR,1999,2023428998
San Marino,SMR,2000,2067527199
San Marino,SMR,2001,2182860956
San Marino,SMR,2002,2189645294
San Marino,SMR,2003,2274449527
San Marino,SMR,2004,2377910691
San Marino,SMR,2005,2435577570
San Marino,SMR,2006,2528862226
San Marino,SMR,2007,2708647200
San Marino,SMR,2008,2695078523
San Marino,SMR,2009,2416920639
San Marino,SMR,2010,2284626035
San Marino,SMR,2011,2094664553
San Marino,SMR,2012,1947105188
San Marino,SMR,2013,1931840426
San Marino,SMR,2014,1918271749
San Marino,SMR,2015,1962229053
San Marino,SMR,2016,2008231666
San Marino,SMR,2017,2013418234
San Marino,SMR,2018,2043496796
San Marino,SMR,2019,2085709006
San Marino,SMR,2020,1947052932
San Marino,SMR,2021,2217650250
San Marino,SMR,2022,2392810056
Sao Tome and Principe,STP,1990,477556464
Sao Tome and Principe,STP,1991,483291939
Sao Tome and Principe,STP,1992,486674968
Sao Tome and Principe,STP,1993,492028386
Sao Tome and Principe,STP,1994,502853019
Sao Tome and Principe,STP,1995,512910088
Sao Tome and Principe,STP,1996,520603744
Sao Tome and Principe,STP,1997,525790628
Sao Tome and Principe,STP,1998,538935331
Sao Tome and Principe,STP,1999,552408748
Sao Tome and Principe,STP,2000,554885573
Sao Tome and Principe,STP,2001,571889947
Sao Tome and Principe,STP,2002,591106525
Sao Tome and Principe,STP,2003,640118238
Sao Tome and Principe,STP,2004,662765019
Sao Tome and Principe,STP,2005,706604438
Sao Tome and Principe,STP,2006,769252760
Sao Tome and Principe,STP,2007,797264883
Sao Tome and Principe,STP,2008,846924799
Sao Tome and Principe,STP,2009,874893641
Sao Tome and Principe,STP,2010,887566084
Sao Tome and Principe,STP,2011,905312365
Sao Tome and Principe,STP,2012,931955190
Sao Tome and Principe,STP,2013,979668288
Sao Tome and Principe,STP,2014,1027732877
Sao Tome and Principe,STP,2015,1043556924
Sao Tome and Principe,STP,2016,1097580036
Sao Tome and Principe,STP,2017,1142723280
Sao Tome and Principe,STP,2018,1192753169
Sao Tome and Principe,STP,2019,1216778995
Sao Tome and Principe,STP,2020,1248717734
Sao Tome and Principe,STP,2021,1272434617
Sao Tome and Principe,STP,2022,1274581195
Sao Tome and Principe,STP,2023,1279325859
Sao Tome and Principe,STP,2024,1290839799
Saudi Arabia,SAU,1990,693736591659
Saudi Arabia,SAU,1991,750767086436
Saudi Arabia,SAU,1992,785156588923
Saudi Arabia,SAU,1993,788138895733
Saudi Arabia,SAU,1994,795649591230
Saudi Arabia,SAU,1995,798129694885
Saudi Arabia,SAU,1996,824505347577
Saudi Arabia,SAU,1997,846332637593
Saudi Arabia,SAU,1998,870062212291
Saudi Arabia,SAU,1999,864551293567
Saudi Arabia,SAU,2000,905341984010
Saudi Arabia,SAU,2001,908461730889
Saudi Arabia,SAU,2002,902207969996
Saudi Arabia,SAU,2003,981320185364
Saudi Arabia,SAU,2004,1066017984132
Saudi Arabia,SAU,2005,1129391647181
Saudi Arabia,SAU,2006,1166813867023
Saudi Arabia,SAU,2007,1192643088440
Saudi Arabia,SAU,2008,1267040015652
Saudi Arabia,SAU,2009,1253524282984
Saudi Arabia,SAU,2010,1316695828286
Saudi Arabia,SAU,2011,1471524205294
Saudi Arabia,SAU,2012,1556306180159
Saudi Arabia,SAU,2013,1602150289860
Saudi Arabia,SAU,2014,1666631082595
Saudi Arabia,SAU,2015,1744214812221
Saudi Arabia,SAU,2016,1773937534812
Saudi Arabia,SAU,2017,1794906894436
Saudi Arabia,SAU,2018,1852827658444
Saudi Arabia,SAU,2019,1883428285415
Saudi Arabia,SAU,2020,1811768270289
Saudi Arabia,SAU,2021,1929888259783
Saudi Arabia,SAU,2022,2161486188573
Saudi Arabia,SAU,2023,2173214249211
Saudi Arabia,SAU,2024,2212504988182
Senegal,SEN,1990,22569745551
Senegal,SEN,1991,23170092355
Senegal,SEN,1992,23475991569
Senegal,SEN,1993,23795315059
Senegal,SEN,1994,23784007300
Senegal,SEN,1995,25084655922
Senegal,SEN,1996,25591360254
Senegal,SEN,1997,26370770987
Senegal,SEN,1998,27926245460
Senegal,SEN,1999,29680937545
Senegal,SEN,2000,30834698201
Senegal,SEN,2001,32163936241
Senegal,SEN,2002,32186031763
Senegal,SEN,2003,33986502591
Senegal,SEN,2004,35564595805
Senegal,SEN,2005,37097514716
Senegal,SEN,2006,37962172824
Senegal,SEN,2007,39035408701
Senegal,SEN,2008,40480955880
Senegal,SEN,2009,41595034082
Senegal,SEN,2010,43005475623
Senegal,SEN,2011,43579207837
Senegal,SEN,2012,45323681588
Senegal,SEN,2013,46417063409
Senegal,SEN,2014,49306095988
Senegal,SEN,2015,52445436642
Senegal,SEN,2016,55778904558
Senegal,SEN,2017,59910719208
Senegal,SEN,2018,63630720168
Senegal,SEN,2019,66566404953
Senegal,SEN,2020,67459775215
Senegal,SEN,2021,71874343647
Senegal,SEN,2022,74641816329
Senegal,SEN,2023,77819640032
Senegal,SEN,2024,83182975384
Serbia,SRB,1995,72043035458
Serbia,SRB,1996,76484461156
Serbia,SRB,1997,83316980691
Serbia,SRB,1998,87768308823
Serbia,SRB,1999,78705785762
Serbia,SRB,2000,83471493702
Serbia,SRB,2001,89129624837
Serbia,SRB,2002,94959636555
Serbia,SRB,2003,99289501144
Serbia,SRB,2004,105928858739
Serbia,SRB,2005,112182366778
Serbia,SRB,2006,116558223811
Serbia,SRB,2007,125687147429
Serbia,SRB,2008,132173726337
Serbia,SRB,2009,128020020981
Serbia,SRB,2010,130082388521
Serbia,SRB,2011,130152987457
Serbia,SRB,2012,129575165422
Serbia,SRB,2013,130160299351
Serbia,SRB,2014,127811855795
Serbia,SRB,2015,129467963233
Serbia,SRB,2016,133319891217
Serbia,SRB,2017,136470765242
Serbia,SRB,2018,142815769250
Serbia,SRB,2019,149599815260
Serbia,SRB,2020,148178581123
Serbia,SRB,2021,159957380264
Serbia,SRB,2022,164165837255
Serbia,SRB,2023,170482070445
Serbia,SRB,2024,177093386952
Seychelles,SYC,1990,1075888256
Seychelles,SYC,1991,1105587358
Seychelles,SYC,1992,1184891625
Seychelles,SYC,1993,1271428653
Seychelles,SYC,1994,1240449419
Seychelles,SYC,1995,1246466054
Seychelles,SYC,1996,1371087057
Seychelles,SYC,1997,1538272501
Seychelles,SYC,1998,1576228466
Seychelles,SYC,1999,1605735544
Seychelles,SYC,2000,1674030661
Seychelles,SYC,2001,1636010698
Seychelles,SYC,2002,1655852774
Seychelles,SYC,2003,1558370594
Seychelles,SYC,2004,1513949957
Seychelles,SYC,2005,1650292683
Seychelles,SYC,2006,1805521335
Seychelles,SYC,2007,1965780608
Seychelles,SYC,2008,1912194485
Seychelles,SYC,2009,1864783995
Seychelles,SYC,2010,1948794976
Seychelles,SYC,2011,2134121157
Seychelles,SYC,2012,2200506804
Seychelles,SYC,2013,2228095328
Seychelles,SYC,2014,2318638255
Seychelles,SYC,2015,2525321875
Seychelles,SYC,2016,2831328441
Seychelles,SYC,2017,3028223613
Seychelles,SYC,2018,3177801892
Seychelles,SYC,2019,3353035170
Seychelles,SYC,2020,2959393508
Seychelles,SYC,2021,2975737695
Seychelles,SYC,2022,3353967909
Seychelles,SYC,2023,3429742537
Seychelles,SYC,2024,3548606461
Sierra Leone,SLE,1990,11356748561
Sierra Leone,SLE,1991,11623854902
Sierra Leone,SLE,1992,9413821860
Sierra Leone,SLE,1993,9543219543
Sierra Leone,SLE,1994,9357376293
Sierra Leone,SLE,1995,8608809357
Sierra Leone,SLE,1996,8759792402
Sierra Leone,SLE,1997,8244972329
Sierra Leone,SLE,1998,8392146127
Sierra Leone,SLE,1999,8226041498
Sierra Leone,SLE,2000,8773297814
Sierra Leone,SLE,2001,8216592097
Sierra Leone,SLE,2002,10395972079
Sierra Leone,SLE,2003,11381887755
Sierra Leone,SLE,2004,12119302729
Sierra Leone,SLE,2005,12646916560
Sierra Leone,SLE,2006,13188597971
Sierra Leone,SLE,2007,13683138485
Sierra Leone,SLE,2008,14187507138
Sierra Leone,SLE,2009,14404689957
Sierra Leone,SLE,2010,15320203933
Sierra Leone,SLE,2011,16561240828
Sierra Leone,SLE,2012,18313143810
Sierra Leone,SLE,2013,20998459387
Sierra Leone,SLE,2014,19357426610
Sierra Leone,SLE,2015,18512797700
Sierra Leone,SLE,2016,19704547301
Sierra Leone,SLE,2017,20336641765
Sierra Leone,SLE,2018,20925154977
Sierra Leone,SLE,2019,22076605441
Sierra Leone,SLE,2020,21799908521
Sierra Leone,SLE,2021,23085417016
Sierra Leone,SLE,2022,24312073257
Sierra Leone,SLE,2023,25700297964
Sierra Leone,SLE,2024,26728309889
Singapore,SGP,1990,138851072264
Singapore,SGP,1991,148137983965
Singapore,SGP,1992,157974058074
Singapore,SGP,1993,176077333603
Singapore,SGP,1994,195614327485
Singapore,SGP,1995,209650440132
Singapore,SGP,1996,225314243954
Singapore,SGP,1997,244051847639
Singapore,SGP,1998,238704635035
Singapore,SGP,1999,252354653467
Singapore,SGP,2000,275163265310
Singapore,SGP,2001,272216644397
Singapore,SGP,2002,282896685425
Singapore,SGP,2003,295763549271
Singapore,SGP,2004,325162394855
Singapore,SGP,2005,349114905160
Singapore,SGP,2006,380558868013
Singapore,SGP,2007,414891060548
Singapore,SGP,2008,422622486817
Singapore,SGP,2009,423163246585
Singapore,SGP,2010,484605490857
Singapore,SGP,2011,514723403092
Singapore,SGP,2012,537553947250
Singapore,SGP,2013,563451312808
Singapore,SGP,2014,585626166165
Singapore,SGP,2015,603059081876
Singapore,SGP,2016,625659194298
Singapore,SGP,2017,653669325502
Singapore,SGP,2018,676233833515
Singapore,SGP,2019,685079250541
Singapore,SGP,2020,658945471706
Singapore,SGP,2021,723237492898
Singapore,SGP,2022,752948090690
Singapore,SGP,2023,766662339477
Singapore,SGP,2024,800303664054
Sint Maarten (Dutch part),SXM,2009,1707402664
Sint Maarten (Dutch part),SXM,2010,1762039424
Sint Maarten (Dutch part),SXM,2011,1843093298
Sint Maarten (Dutch part),SXM,2012,1868722332
Sint Maarten (Dutch part),SXM,2013,1893141506
Sint Maarten (Dutch part),SXM,2014,1923060378
Sint Maarten (Dutch part),SXM,2015,1925095229
Sint Maarten (Dutch part),SXM,2016,1943725499
Sint Maarten (Dutch part),SXM,2017,1797261623
Sint Maarten (Dutch part),SXM,2018,1674023699
Sint Maarten (Dutch part),SXM,2019,1857580414
Sint Maarten (Dutch part),SXM,2020,1610210354
Sint Maarten (Dutch part),SXM,2021,1683919292
Sint Maarten (Dutch part),SXM,2022,1848943401
Sint Maarten (Dutch part),SXM,2023,1919203250
Sint Maarten (Dutch part),SXM,2024,1986375364
Slovakia,SVK,1990,92847006327
Slovakia,SVK,1991,79315666837
Slovakia,SVK,1992,73984473341
Slovakia,SVK,1993,75391161405
Slovakia,SVK,1994,80069582935
Slovakia,SVK,1995,84748444449
Slovakia,SVK,1996,89934692277
Slovakia,SVK,1997,94868365767
Slovakia,SVK,1998,98498131648
Slovakia,SVK,1999,98031978198
Slovakia,SVK,2000,98805670567
Slovakia,SVK,2001,101695895283
Slovakia,SVK,2002,106188060759
Slovakia,SVK,2003,111345294730
Slovakia,SVK,2004,117346247797
Slovakia,SVK,2005,124956072433
Slovakia,SVK,2006,136109260406
Slovakia,SVK,2007,150834417014
Slovakia,SVK,2008,158924235765
Slovakia,SVK,2009,150174919566
Slovakia,SVK,2010,160372670009
Slovakia,SVK,2011,164482098968
Slovakia,SVK,2012,167063104443
Slovakia,SVK,2013,168238098592
Slovakia,SVK,2014,172793904731
Slovakia,SVK,2015,181739236266
Slovakia,SVK,2016,185279186578
Slovakia,SVK,2017,190605469005
Slovakia,SVK,2018,198348091538
Slovakia,SVK,2019,202862293968
Slovakia,SVK,2020,197617264168
Slovakia,SVK,2021,208880643198
Slovakia,SVK,2022,209794202552
Slovakia,SVK,2023,214342853700
Slovakia,SVK,2024,218761912554
Slovenia,SVN,1990,50656201416
Slovenia,SVN,1991,46147744817
Slovenia,SVN,1992,43626371509
Slovenia,SVN,1993,44866852182
Slovenia,SVN,1994,47257127335
Slovenia,SVN,1995,49198052389
Slovenia,SVN,1996,50631495577
Slovenia,SVN,1997,53249821486
Slovenia,SVN,1998,54881303340
Slovenia,SVN,1999,57772454244
Slovenia,SVN,2000,59793288141
Slovenia,SVN,2001,61484651790
Slovenia,SVN,2002,63502936957
Slovenia,SVN,2003,65531875588
Slovenia,SVN,2004,68510969163
Slovenia,SVN,2005,71151469411
Slovenia,SVN,2006,75355654130
Slovenia,SVN,2007,80735468570
Slovenia,SVN,2008,83458061254
Slovenia,SVN,2009,77123105224
Slovenia,SVN,2010,77980819961
Slovenia,SVN,2011,78491935988
Slovenia,SVN,2012,76203473908
Slovenia,SVN,2013,75575727661
Slovenia,SVN,2014,77663759014
Slovenia,SVN,2015,79522490584
Slovenia,SVN,2016,81935532860
Slovenia,SVN,2017,86175206839
Slovenia,SVN,2018,89948891080
Slovenia,SVN,2019,93101827574
Slovenia,SVN,2020,89298617034
Slovenia,SVN,2021,96790459870
Slovenia,SVN,2022,99403065465
Slovenia,SVN,2023,101503045664
Slovenia,SVN,2024,103117974142
Solomon Islands,SLB,1990,779674239
Solomon Islands,SLB,1991,826454705
Solomon Islands,SLB,1992,931414439
Solomon Islands,SLB,1993,968671012
Solomon Islands,SLB,1994,1047133376
Solomon Islands,SLB,1995,1152774635
Solomon Islands,SLB,1996,1171333242
Solomon Islands,SLB,1997,1160626352
Solomon Islands,SLB,1998,1175615983
Solomon Islands,SLB,1999,1169905655
Solomon Islands,SLB,2000,1002878229
Solomon Islands,SLB,2001,923083159
Solomon Islands,SLB,2002,897236988
Solomon Islands,SLB,2003,955767946
Solomon Islands,SLB,2004,1029202464
Solomon Islands,SLB,2005,1104929555
Solomon Islands,SLB,2006,1150654637
Solomon Islands,SLB,2007,1192534697
Solomon Islands,SLB,2008,1266781544
Solomon Islands,SLB,2009,1303065561
Solomon Islands,SLB,2010,1429572224
Solomon Islands,SLB,2011,1535788720
Solomon Islands,SLB,2012,1573661291
Solomon Islands,SLB,2013,1656085581
Solomon Islands,SLB,2014,1675780040
Solomon Islands,SLB,2015,1703868562
Solomon Islands,SLB,2016,1798513887
Solomon Islands,SLB,2017,1853824448
Solomon Islands,SLB,2018,1904730383
Solomon Islands,SLB,2019,1938035861
Solomon Islands,SLB,2020,1872508009
Solomon Islands,SLB,2021,1920525664
Solomon Islands,SLB,2022,1966665936
Solomon Islands,SLB,2023,2018907701
Solomon Islands,SLB,2024,2070174670
Somalia,SOM,1991,5702889586
Somalia,SOM,1992,5218809870
Somalia,SOM,1993,5427071510
Somalia,SOM,1994,4458502628
Somalia,SOM,1995,4636423474
Somalia,SOM,1996,5009470805
Somalia,SOM,1997,5068607199
Somalia,SOM,1998,5402450670
Somalia,SOM,1999,5797817975
Somalia,SOM,2000,6210061056
Somalia,SOM,2001,6651615916
Somalia,SOM,2002,7159151990
Somalia,SOM,2003,7705414423
Somalia,SOM,2004,8253293607
Somalia,SOM,2005,8840128724
Somalia,SOM,2006,9413532246
Somalia,SOM,2007,10043707224
Somalia,SOM,2008,10716068331
Somalia,SOM,2009,11433439658
Somalia,SOM,2010,12198834346
Somalia,SOM,2011,13015467248
Somalia,SOM,2012,13886768431
Somalia,SOM,2013,15408660851
Somalia,SOM,2014,16792051332
Somalia,SOM,2015,18548867333
Somalia,SOM,2016,19853756518
Somalia,SOM,2017,22779365499
Somalia,SOM,2018,23247325438
Somalia,SOM,2019,23903902757
Somalia,SOM,2020,23245952366
Somalia,SOM,2021,24049850383
Somalia,SOM,2022,24705717291
Somalia,SOM,2023,25747405283
Somalia,SOM,2024,26770174820
South Africa,ZAF,1990,441053282325
South Africa,ZAF,1991,436562279474
South Africa,ZAF,1992,427232800173
South Africa,ZAF,1993,432502964296
South Africa,ZAF,1994,446343059166
South Africa,ZAF,1995,460179694002
South Africa,ZAF,1996,479967420832
South Africa,ZAF,1997,492446573781
South Africa,ZAF,1998,494908806651
South Africa,ZAF,1999,506786617998
South Africa,ZAF,2000,528071655958
South Africa,ZAF,2001,542329590670
South Africa,ZAF,2002,562397816028
South Africa,ZAF,2003,578983352051
South Africa,ZAF,2004,605353495673
South Africa,ZAF,2005,637298314260
South Africa,ZAF,2006,673011278357
South Africa,ZAF,2007,709087873314
South Africa,ZAF,2008,731715178544
South Africa,ZAF,2009,720460746881
South Africa,ZAF,2010,742360829101
South Africa,ZAF,2011,765882949761
South Africa,ZAF,2012,784235285032
South Africa,ZAF,2013,803727202151
South Africa,ZAF,2014,815090509939
South Africa,ZAF,2015,825864883586
South Africa,ZAF,2016,831353187729
South Africa,ZAF,2017,840979816625
South Africa,ZAF,2018,854072054569
South Africa,ZAF,2019,856292091691
South Africa,ZAF,2020,803468137157
South Africa,ZAF,2021,843280245239
South Africa,ZAF,2022,859399378136
South Africa,ZAF,2023,865402155548
South Africa,ZAF,2024,870420221900
South Asia (WB),,1990,2250638071187
South Asia (WB),,1991,2284530967640
South Asia (WB),,1992,2408328365753
South Asia (WB),,1993,2524001958025
South Asia (WB),,1994,2684462223328
South Asia (WB),,1995,2877479199204
South Asia (WB),,1996,3081302546345
South Asia (WB),,1997,3210430945203
South Asia (WB),,1998,3402655026796
South Asia (WB),,1999,3682301961775
South Asia (WB),,2000,3832561315287
South Asia (WB),,2001,4010193156197
South Asia (WB),,2002,4161183497389
South Asia (WB),,2003,4471274143820
South Asia (WB),,2004,4808771893384
South Asia (WB),,2005,5177439782518
South Asia (WB),,2006,5585060551735
South Asia (WB),,2007,6005910843321
South Asia (WB),,2008,6214492407092
South Asia (WB),,2009,6675611871241
South Asia (WB),,2010,7221716207333
South Asia (WB),,2011,7613856497651
South Asia (WB),,2012,8042593026923
South Asia (WB),,2013,8544947244766
South Asia (WB),,2014,9163945040257
South Asia (WB),,2015,9870527057768
South Asia (WB),,2016,10658482020343
South Asia (WB),,2017,11381747715346
South Asia (WB),,2018,12113012079563
South Asia (WB),,2019,12614716666057
South Asia (WB),,2020,11994670241540
South Asia (WB),,2021,13103387829233
South Asia (WB),,2022,14044379623965
South Asia (WB),,2023,15244494317897
South Asia (WB),,2024,16192534157864
South Korea,KOR,1990,593310404487
South Korea,KOR,1991,657257732890
South Korea,KOR,1992,697998792016
South Korea,KOR,1993,746003478356
South Korea,KOR,1994,815148051633
South Korea,KOR,1995,893520994108
South Korea,KOR,1996,964026084909
South Korea,KOR,1997,1023511819884
South Korea,KOR,1998,971011311619
South Korea,KOR,1999,1082356619679
South Korea,KOR,2000,1180427148971
South Korea,KOR,2001,1237706190890
South Korea,KOR,2002,1333320760039
South Korea,KOR,2003,1375284246904
South Korea,KOR,2004,1446763151573
South Korea,KOR,2005,1509097559931
South Korea,KOR,2006,1588541384118
South Korea,KOR,2007,1680669610782
South Korea,KOR,2008,1731307931917
South Korea,KOR,2009,1745031992399
South Korea,KOR,2010,1863778364242
South Korea,KOR,2011,1932471042943
South Korea,KOR,2012,1978899258670
South Korea,KOR,2013,2041525654416
South Korea,KOR,2014,2106904570203
South Korea,KOR,2015,2166089695344
South Korea,KOR,2016,2229921796508
South Korea,KOR,2017,2300379202568
South Korea,KOR,2018,2367260514314
South Korea,KOR,2019,2420381316146
South Korea,KOR,2020,2403210759334
South Korea,KOR,2021,2506662609666
South Korea,KOR,2022,2572153486613
South Korea,KOR,2023,2607050748030
Spain,ESP,1990,1234940234760
Spain,ESP,1991,1266381819268
Spain,ESP,1992,1278149235206
Spain,ESP,1993,1264965230180
Spain,ESP,1994,1295111823093
Spain,ESP,1995,1330824453946
Spain,ESP,1996,1365524519426
Spain,ESP,1997,1414509976737
Spain,ESP,1998,1475361877011
Spain,ESP,1999,1540408597115
Spain,ESP,2000,1620519722120
Spain,ESP,2001,1684029329182
Spain,ESP,2002,1730432018323
Spain,ESP,2003,1781294426591
Spain,ESP,2004,1836773402257
Spain,ESP,2005,1902001369250
Spain,ESP,2006,1978907561282
Spain,ESP,2007,2048832262566
Spain,ESP,2008,2064550201924
Spain,ESP,2009,1986755203031
Spain,ESP,2010,1988625182955
Spain,ESP,2011,1975899560026
Spain,ESP,2012,1919287791302
Spain,ESP,2013,1891893369662
Spain,ESP,2014,1920659342281
Spain,ESP,2015,1998654758407
Spain,ESP,2016,2056918662236
Spain,ESP,2017,2116487892218
Spain,ESP,2018,2167186481182
Spain,ESP,2019,2209688876689
Spain,ESP,2020,1967947352764
Spain,ESP,2021,2099468112223
Spain,ESP,2022,2229200801409
Spain,ESP,2023,2288846712767
Spain,ESP,2024,2360949862238
Sri Lanka,LKA,1990,74593031179
Sri Lanka,LKA,1991,78024301098
Sri Lanka,LKA,1992,81457363521
Sri Lanka,LKA,1993,87077973127
Sri Lanka,LKA,1994,91954268850
Sri Lanka,LKA,1995,97011832013
Sri Lanka,LKA,1996,100698249815
Sri Lanka,LKA,1997,107148375202
Sri Lanka,LKA,1998,112182659158
Sri Lanka,LKA,1999,117007119847
Sri Lanka,LKA,2000,124027585836
Sri Lanka,LKA,2001,122110853436
Sri Lanka,LKA,2002,126952152751
Sri Lanka,LKA,2003,134493452225
Sri Lanka,LKA,2004,141816703115
Sri Lanka,LKA,2005,150668544407
Sri Lanka,LKA,2006,162222248195
Sri Lanka,LKA,2007,173248212331
Sri Lanka,LKA,2008,183556633674
Sri Lanka,LKA,2009,190052541508
Sri Lanka,LKA,2010,205287091222
Sri Lanka,LKA,2011,223084420720
Sri Lanka,LKA,2012,242341472548
Sri Lanka,LKA,2013,252160534266
Sri Lanka,LKA,2014,268243279918
Sri Lanka,LKA,2015,279525472841
Sri Lanka,LKA,2016,293651641710
Sri Lanka,LKA,2017,312623538327
Sri Lanka,LKA,2018,319845405465
Sri Lanka,LKA,2019,319140197883
Sri Lanka,LKA,2020,304381511441
Sri Lanka,LKA,2021,317188291991
Sri Lanka,LKA,2022,293877512197
Sri Lanka,LKA,2023,287030612299
Sri Lanka,LKA,2024,301407170002
Sub-Saharan Africa (WB),,1990,1750369711989
Sub-Saharan Africa (WB),,1991,1758562214340
Sub-Saharan Africa (WB),,1992,1749628501918
Sub-Saharan Africa (WB),,1993,1732411040889
Sub-Saharan Africa (WB),,1994,1749021988586
Sub-Saharan Africa (WB),,1995,1811182679212
Sub-Saharan Africa (WB),,1996,1905432473603
Sub-Saharan Africa (WB),,1997,1986093852264
Sub-Saharan Africa (WB),,1998,2038710494081
Sub-Saharan Africa (WB),,1999,2086032180124
Sub-Saharan Africa (WB),,2000,2157279899087
Sub-Saharan Africa (WB),,2001,2249333017840
Sub-Saharan Africa (WB),,2002,2385498315704
Sub-Saharan Africa (WB),,2003,2483217004943
Sub-Saharan Africa (WB),,2004,2648588949228
Sub-Saharan Africa (WB),,2005,2811519506020
Sub-Saharan Africa (WB),,2006,2984065859720
Sub-Saharan Africa (WB),,2007,3168499308756
Sub-Saharan Africa (WB),,2008,3336506803785
Sub-Saharan Africa (WB),,2009,3437348162878
Sub-Saharan Africa (WB),,2010,3643692115210
Sub-Saharan Africa (WB),,2011,3811331040995
Sub-Saharan Africa (WB),,2012,3963109680487
Sub-Saharan Africa (WB),,2013,4162346905926
Sub-Saharan Africa (WB),,2014,4366434468051
Sub-Saharan Africa (WB),,2015,4504554733135
Sub-Saharan Africa (WB),,2016,4580453517305
Sub-Saharan Africa (WB),,2017,4708365364658
Sub-Saharan Africa (WB),,2018,4847551410475
Sub-Saharan Africa (WB),,2019,4986803981857
Sub-Saharan Africa (WB),,2020,4896660376100
Sub-Saharan Africa (WB),,2021,5110493011427
Sub-Saharan Africa (WB),,2022,5307372537790
Sub-Saharan Africa (WB),,2023,5444530259274
Sub-Saharan Africa (WB),,2024,5641600965418
Sudan,SDN,1990,65832468679
Sudan,SDN,1991,70777086386
Sudan,SDN,1992,75432705020
Sudan,SDN,1993,78879036120
Sudan,SDN,1994,79672740052
Sudan,SDN,1995,84450787779
Sudan,SDN,1996,89449534427
Sudan,SDN,1997,105830121020
Sudan,SDN,1998,110389816288
Sudan,SDN,1999,113816421735
Sudan,SDN,2000,121039060983
Sudan,SDN,2001,128907036334
Sudan,SDN,2002,136649800780
Sudan,SDN,2003,145243444604
Sudan,SDN,2004,152710248170
Sudan,SDN,2005,161328474716
Sudan,SDN,2006,171865501665
Sudan,SDN,2007,181722459503
Sudan,SDN,2008,188712858640
Sudan,SDN,2009,183489844612
Sudan,SDN,2010,190569326775
Sudan,SDN,2011,184445320301
Sudan,SDN,2012,153080968306
Sudan,SDN,2013,156073922642
Sudan,SDN,2014,163349120543
Sudan,SDN,2015,166469377694
Sudan,SDN,2016,172241940059
Sudan,SDN,2017,173463576844
Sudan,SDN,2018,168813138819
Sudan,SDN,2019,165135964859
Sudan,SDN,2020,159141858245
Sudan,SDN,2021,156168260027
Sudan,SDN,2022,154672454523
Sudan,SDN,2023,109147290533
Sudan,SDN,2024,94419727846
Suriname,SUR,1990,7069161061
Suriname,SUR,1991,7260028349
Suriname,SUR,1992,7289068463
Suriname,SUR,1993,6800701010
Suriname,SUR,1994,7031924770
Suriname,SUR,1995,7031924770
Suriname,SUR,1996,7102244104
Suriname,SUR,1997,7507071853
Suriname,SUR,1998,7679734630
Suriname,SUR,1999,7572218309
Suriname,SUR,2000,7731234807
Suriname,SUR,2001,8055946702
Suriname,SUR,2002,8281513265
Suriname,SUR,2003,8803248554
Suriname,SUR,2004,9551524697
Suriname,SUR,2005,9981343329
Suriname,SUR,2006,10559616805
Suriname,SUR,2007,11099370327
Suriname,SUR,2008,11559262393
Suriname,SUR,2009,11907623766
Suriname,SUR,2010,12523108019
Suriname,SUR,2011,13255630651
Suriname,SUR,2012,13612253476
Suriname,SUR,2013,14011560990
Suriname,SUR,2014,14047360953
Suriname,SUR,2015,13567918528
Suriname,SUR,2016,12901508432
Suriname,SUR,2017,13103550934
Suriname,SUR,2018,13751950156
Suriname,SUR,2019,13912516519
Suriname,SUR,2020,11689965333
Suriname,SUR,2021,11405269573
Suriname,SUR,2022,11679705719
Suriname,SUR,2023,11976319643
Suriname,SUR,2024,12316397542
Sweden,SWE,1990,344111333918
Sweden,SWE,1991,340167904480
Sweden,SWE,1992,336226743786
Sweden,SWE,1993,329281589137
Sweden,SWE,1994,342504401549
Sweden,SWE,1995,356527397905
Sweden,SWE,1996,362605552884
Sweden,SWE,1997,373718945788
Sweden,SWE,1998,389586025865
Sweden,SWE,1999,405952821676
Sweden,SWE,2000,424752967768
Sweden,SWE,2001,430532865667
Sweden,SWE,2002,440338988456
Sweden,SWE,2003,448621518760
Sweden,SWE,2004,467371791551
Sweden,SWE,2005,480426312284
Sweden,SWE,2006,502891040416
Sweden,SWE,2007,519108830527
Sweden,SWE,2008,514316817073
Sweden,SWE,2009,492429685641
Sweden,SWE,2010,520748016057
Sweden,SWE,2011,537224017198
Sweden,SWE,2012,534997407717
Sweden,SWE,2013,541084161540
Sweden,SWE,2014,553506175806
Sweden,SWE,2015,577916576871
Sweden,SWE,2016,591496118508
Sweden,SWE,2017,602291845511
Sweden,SWE,2018,613753245955
Sweden,SWE,2019,629401792530
Sweden,SWE,2020,616780162220
Sweden,SWE,2021,653401537327
Sweden,SWE,2022,662936550819
Sweden,SWE,2023,662179729622
Sweden,SWE,2024,668628249137
Switzerland,CHE,1990,429865465276
Switzerland,CHE,1991,425928685916
Switzerland,CHE,1992,425742414487
Switzerland,CHE,1993,425206049461
Switzerland,CHE,1994,430605136437
Switzerland,CHE,1995,432675771746
Switzerland,CHE,1996,434714886233
Switzerland,CHE,1997,444545203934
Switzerland,CHE,1998,458014787166
Switzerland,CHE,1999,465630203839
Switzerland,CHE,2000,484063199415
Switzerland,CHE,2001,491690399241
Switzerland,CHE,2002,491330397018
Switzerland,CHE,2003,491171213705
Switzerland,CHE,2004,504441231227
Switzerland,CHE,2005,518311847253
Switzerland,CHE,2006,539425945956
Switzerland,CHE,2007,560551893013
Switzerland,CHE,2008,576292098193
Switzerland,CHE,2009,563052510335
Switzerland,CHE,2010,581314539446
Switzerland,CHE,2011,591854401636
Switzerland,CHE,2012,598833867469
Switzerland,CHE,2013,609565832737
Switzerland,CHE,2014,623889906953
Switzerland,CHE,2015,634150571985
Switzerland,CHE,2016,647269179490
Switzerland,CHE,2017,656090161634
Switzerland,CHE,2018,674857265070
Switzerland,CHE,2019,682564014843
Switzerland,CHE,2020,667945287968
Switzerland,CHE,2021,705080509164
Switzerland,CHE,2022,726543590171
Switzerland,CHE,2023,731508267222
Switzerland,CHE,2024,741034943164
Syria,SYR,1990,73316725295
Syria,SYR,1991,78937528716
Syria,SYR,1992,89177928601
Syria,SYR,1993,94663169864
Syria,SYR,1994,101491251953
Syria,SYR,1995,108622625650
Syria,SYR,1996,119295417122
Syria,SYR,1997,125288585666
Syria,SYR,1998,133789797737
Syria,SYR,1999,129035644342
Syria,SYR,2000,129907464111
Syria,SYR,2001,131267968227
Syria,SYR,2002,136459395744
Syria,SYR,2003,146290524284
Syria,SYR,2004,156388899832
Syria,SYR,2005,166108591683
Syria,SYR,2006,174490756054
Syria,SYR,2007,184392394149
Syria,SYR,2008,192647038185
Syria,SYR,2009,204036413523
Syria,SYR,2010,214629791994
Syria,SYR,2011,220746747169
Syria,SYR,2012,162604223734
Syria,SYR,2013,119839170351
Syria,SYR,2014,107483344543
Syria,SYR,2015,102990764723
Syria,SYR,2016,96393597835
Syria,SYR,2017,95696400507
Syria,SYR,2018,97029619867
Syria,SYR,2019,98214065502
Syria,SYR,2020,97529361721
Syria,SYR,2021,99337766654
Syria,SYR,2022,100065695233
Syria,SYR,2023,98857637916
Tajikistan,TJK,1990,22529307638
Tajikistan,TJK,1991,20929726999
Tajikistan,TJK,1992,14860105948
Tajikistan,TJK,1993,12423048596
Tajikistan,TJK,1994,9776939492
Tajikistan,TJK,1995,8563003180
Tajikistan,TJK,1996,7132981783
Tajikistan,TJK,1997,7252863963
Tajikistan,TJK,1998,7638199027
Tajikistan,TJK,1999,7920778073
Tajikistan,TJK,2000,8580129343
Tajikistan,TJK,2001,9402177479
Tajikistan,TJK,2002,10417613000
Tajikistan,TJK,2003,11563550334
Tajikistan,TJK,2004,12754595896
Tajikistan,TJK,2005,13609153632
Tajikistan,TJK,2006,14561794823
Tajikistan,TJK,2007,15697614837
Tajikistan,TJK,2008,16937726138
Tajikistan,TJK,2009,17598297652
Tajikistan,TJK,2010,18742186838
Tajikistan,TJK,2011,20129108777
Tajikistan,TJK,2012,21638791827
Tajikistan,TJK,2013,23240062367
Tajikistan,TJK,2014,24797146706
Tajikistan,TJK,2015,26289762181
Tajikistan,TJK,2016,28103755771
Tajikistan,TJK,2017,30099122549
Tajikistan,TJK,2018,32386655528
Tajikistan,TJK,2019,34783268090
Tajikistan,TJK,2020,36313732274
Tajikistan,TJK,2021,39727222945
Tajikistan,TJK,2022,42905400915
Tajikistan,TJK,2023,46466548855
Tajikistan,TJK,2024,50369738870
Tanzania,TZA,1990,45548129428
Tanzania,TZA,1991,46491881301
Tanzania,TZA,1992,46763543653
Tanzania,TZA,1993,47327418840
Tanzania,TZA,1994,48069352690
Tanzania,TZA,1995,49785386216
Tanzania,TZA,1996,52047816781
Tanzania,TZA,1997,53882647114
Tanzania,TZA,1998,55880891332
Tanzania,TZA,1999,58598861751
Tanzania,TZA,2000,61247990089
Tanzania,TZA,2001,64966238148
Tanzania,TZA,2002,69574420093
Tanzania,TZA,2003,74216974922
Tanzania,TZA,2004,79786079165
Tanzania,TZA,2005,85751141168
Tanzania,TZA,2006,91352595553
Tanzania,TZA,2007,97535828141
Tanzania,TZA,2008,103082121916
Tanzania,TZA,2009,108513627413
Tanzania,TZA,2010,115389618835
Tanzania,TZA,2011,124242489748
Tanzania,TZA,2012,129833592573
Tanzania,TZA,2013,138638368792
Tanzania,TZA,2014,147972144106
Tanzania,TZA,2015,157088158594
Tanzania,TZA,2016,167875584975
Tanzania,TZA,2017,179227797329
Tanzania,TZA,2018,189028119923
Tanzania,TZA,2019,199991750878
Tanzania,TZA,2020,203975515772
Tanzania,TZA,2021,212790081675
Tanzania,TZA,2022,222506089071
Tanzania,TZA,2023,233786087616
Tanzania,TZA,2024,246705840510
Thailand,THA,1990,476330440729
Thailand,THA,1991,517096039836
Thailand,THA,1992,558894919190
Thailand,THA,1993,605014457976
Thailand,THA,1994,653397613421
Thailand,THA,1995,706455560096
Thailand,THA,1996,746384036022
Thailand,THA,1997,725831790659
Thailand,THA,1998,670421535643
Thailand,THA,1999,701075271483
Thailand,THA,2000,732309906787
Thailand,THA,2001,757532483500
Thailand,THA,2002,804113429017
Thailand,THA,2003,861923099864
Thailand,THA,2004,916132392623
Thailand,THA,2005,954496704755
Thailand,THA,2006,1001914296022
Thailand,THA,2007,1056369857820
Thailand,THA,2008,1074599620294
Thailand,THA,2009,1067178239392
Thailand,THA,2010,1147359508197
Thailand,THA,2011,1156998843533
Thailand,THA,2012,1240797911836
Thailand,THA,2013,1274144300664
Thailand,THA,2014,1286687854582
Thailand,THA,2015,1327013259893
Thailand,THA,2016,1372598258295
Thailand,THA,2017,1429941035379
Thailand,THA,2018,1490325590490
Thailand,THA,2019,1521839386454
Thailand,THA,2020,1429767518144
Thailand,THA,2021,1451959884645
Thailand,THA,2022,1489425948925
Thailand,THA,2023,1519478855208
Thailand,THA,2024,1557860310007
Togo,TGO,1990,8682094114
Togo,TGO,1991,8621322278
Togo,TGO,1992,8278134439
Togo,TGO,1993,7028481545
Togo,TGO,1994,8081517772
Togo,TGO,1995,8715580106
Togo,TGO,1996,9485707209
Togo,TGO,1997,10849503150
Togo,TGO,1998,10599977969
Togo,TGO,1999,10863043075
Togo,TGO,2000,10777933347
Togo,TGO,2001,10866683027
Togo,TGO,2002,11282509973
Togo,TGO,2003,12040713984
Togo,TGO,2004,11922875690
Togo,TGO,2005,11366518616
Togo,TGO,2006,11667746374
Togo,TGO,2007,11530636307
Togo,TGO,2008,11995971886
Togo,TGO,2009,12650211079
Togo,TGO,2010,13390799053
Togo,TGO,2011,14170579058
Togo,TGO,2012,15063707495
Togo,TGO,2013,15941057864
Togo,TGO,2014,16839055947
Togo,TGO,2015,17759820796
Togo,TGO,2016,18508378702
Togo,TGO,2017,19250219185
Togo,TGO,2018,20173278798
Togo,TGO,2019,21166394368
Togo,TGO,2020,21588061755
Togo,TGO,2021,22881375789
Togo,TGO,2022,24199238355
Togo,TGO,2023,25749906711
Togo,TGO,2024,27114653136
Tonga,TON,1990,447435576
Tonga,TON,1991,476138360
Tonga,TON,1992,477338102
Tonga,TON,1993,495181278
Tonga,TON,1994,519705236
Tonga,TON,1995,552073310
Tonga,TON,1996,552586287
Tonga,TON,1997,549267797
Tonga,TON,1998,561860182
Tonga,TON,1999,574796802
Tonga,TON,2000,596375234
Tonga,TON,2001,605276023
Tonga,TON,2002,632085051
Tonga,TON,2003,632412506
Tonga,TON,2004,619966960
Tonga,TON,2005,615889743
Tonga,TON,2006,602551644
Tonga,TON,2007,587702917
Tonga,TON,2008,616281978
Tonga,TON,2009,584671777
Tonga,TON,2010,589491793
Tonga,TON,2011,629009539
Tonga,TON,2012,634794924
Tonga,TON,2013,637295524
Tonga,TON,2014,649981132
Tonga,TON,2015,657220258
Tonga,TON,2016,700588243
Tonga,TON,2017,723023319
Tonga,TON,2018,727994440
Tonga,TON,2019,726477057
Tonga,TON,2020,739433019
Tonga,TON,2021,742114235
Tonga,TON,2022,724972402
Tonga,TON,2023,740081956
Trinidad and Tobago,TTO,1990,14882188253
Trinidad and Tobago,TTO,1991,15345382651
Trinidad and Tobago,TTO,1992,16894188978
Trinidad and Tobago,TTO,1993,16781147465
Trinidad and Tobago,TTO,1994,17379761303
Trinidad and Tobago,TTO,1995,18041915113
Trinidad and Tobago,TTO,1996,19329111481
Trinidad and Tobago,TTO,1997,20783212438
Trinidad and Tobago,TTO,1998,22471757833
Trinidad and Tobago,TTO,1999,24275075421
Trinidad and Tobago,TTO,2000,25950385667
Trinidad and Tobago,TTO,2001,27032133716
Trinidad and Tobago,TTO,2002,29177595692
Trinidad and Tobago,TTO,2003,33391129234
Trinidad and Tobago,TTO,2004,36045741208
Trinidad and Tobago,TTO,2005,38283798887
Trinidad and Tobago,TTO,2006,43340345481
Trinidad and Tobago,TTO,2007,45400836390
Trinidad and Tobago,TTO,2008,46940713392
Trinidad and Tobago,TTO,2009,44879204353
Trinidad and Tobago,TTO,2010,46370641162
Trinidad and Tobago,TTO,2011,46234147135
Trinidad and Tobago,TTO,2012,49336497089
Trinidad and Tobago,TTO,2013,50986608765
Trinidad and Tobago,TTO,2014,52870750137
Trinidad and Tobago,TTO,2015,52572127177
Trinidad and Tobago,TTO,2016,48679974310
Trinidad and Tobago,TTO,2017,46334286468
Trinidad and Tobago,TTO,2018,45877650453
Trinidad and Tobago,TTO,2019,46094107348
Trinidad and Tobago,TTO,2020,41990443713
Trinidad and Tobago,TTO,2021,41607493861
Trinidad and Tobago,TTO,2022,42057779455
Trinidad and Tobago,TTO,2023,42657991660
Trinidad and Tobago,TTO,2024,43362105898
Tunisia,TUN,1990,56128641746
Tunisia,TUN,1991,58320209991
Tunisia,TUN,1992,62872527463
Tunisia,TUN,1993,64249328216
Tunisia,TUN,1994,66291436138
Tunisia,TUN,1995,67850391855
Tunisia,TUN,1996,72699035794
Tunisia,TUN,1997,76654549258
Tunisia,TUN,1998,80321520823
Tunisia,TUN,1999,85184695317
Tunisia,TUN,2000,89196871393
Tunisia,TUN,2001,92583026945
Tunisia,TUN,2002,93807490386
Tunisia,TUN,2003,98218693376
Tunisia,TUN,2004,104343405545
Tunisia,TUN,2005,107981385901
Tunisia,TUN,2006,113644037578
Tunisia,TUN,2007,121269008115
Tunisia,TUN,2008,126408123676
Tunisia,TUN,2009,130255291873
Tunisia,TUN,2010,134125349509
Tunisia,TUN,2011,131380294644
Tunisia,TUN,2012,136920177462
Tunisia,TUN,2013,140247243251
Tunisia,TUN,2014,144581343121
Tunisia,TUN,2015,145980461272
Tunisia,TUN,2016,147611684827
Tunisia,TUN,2017,150914996206
Tunisia,TUN,2018,154876409380
Tunisia,TUN,2019,157335609265
Tunisia,TUN,2020,143156627805
Tunisia,TUN,2021,149936984870
Tunisia,TUN,2022,153945277603
Tunisia,TUN,2023,154005557289
Tunisia,TUN,2024,156085637253
Turkey,TUR,1990,672761611106
Turkey,TUR,1991,677607371950
Turkey,TUR,1992,711729205521
Turkey,TUR,1993,766185494563
Turkey,TUR,1994,730418826596
Turkey,TUR,1995,787963171069
Turkey,TUR,1996,846112209271
Turkey,TUR,1997,910227746541
Turkey,TUR,1998,932110989247
Turkey,TUR,1999,901694637937
Turkey,TUR,2000,964211288589
Turkey,TUR,2001,908769076294
Turkey,TUR,2002,967363980381
Turkey,TUR,2003,1023115159984
Turkey,TUR,2004,1123338870245
Turkey,TUR,2005,1224352926925
Turkey,TUR,2006,1309420822415
Turkey,TUR,2007,1375461565451
Turkey,TUR,2008,1386671915201
Turkey,TUR,2009,1319790593908
Turkey,TUR,2010,1431010724099
Turkey,TUR,2011,1591285507657
Turkey,TUR,2012,1667484098204
Turkey,TUR,2013,1808983747224
Turkey,TUR,2014,1898342391652
Turkey,TUR,2015,2013846785874
Turkey,TUR,2016,2080768610398
Turkey,TUR,2017,2236867819305
Turkey,TUR,2018,2304268458170
Turkey,TUR,2019,2323129230235
Turkey,TUR,2020,2366336484467
Turkey,TUR,2021,2637031078345
Turkey,TUR,2022,2782949291104
Turkey,TUR,2023,2925190509873
Turkey,TUR,2024,3018329288131
Turkmenistan,TKM,1990,29804326740
Turkmenistan,TKM,1991,28431759044
Turkmenistan,TKM,1992,24176665797
Turkmenistan,TKM,1993,24539315826
Turkmenistan,TKM,1994,20294048427
Turkmenistan,TKM,1995,18832868633
Turkmenistan,TKM,1996,20094669355
Turkmenistan,TKM,1997,17803877003
Turkmenistan,TKM,1998,19067952331
Turkmenistan,TKM,1999,22214164370
Turkmenistan,TKM,2000,23429071266
Turkmenistan,TKM,2001,24446793974
Turkmenistan,TKM,2002,24509666221
Turkmenistan,TKM,2003,25310845190
Turkmenistan,TKM,2004,26576490575
Turkmenistan,TKM,2005,30040479624
Turkmenistan,TKM,2006,33336914076
Turkmenistan,TKM,2007,37023743238
Turkmenistan,TKM,2008,42466233494
Turkmenistan,TKM,2009,45056673786
Turkmenistan,TKM,2010,49201887769
Turkmenistan,TKM,2011,56434565235
Turkmenistan,TKM,2012,62698801955
Turkmenistan,TKM,2013,69094079818
Turkmenistan,TKM,2014,76210770019
Turkmenistan,TKM,2015,81164470001
Turkmenistan,TKM,2016,86196667114
Turkmenistan,TKM,2017,91799450517
Turkmenistan,TKM,2018,97491016395
Turkmenistan,TKM,2019,103632950469
Turkmenistan,TKM,2020,109747294597
Turkmenistan,TKM,2021,116551626881
Turkmenistan,TKM,2022,123777827673
Turkmenistan,TKM,2023,131576025873
Turkmenistan,TKM,2024,134555061341
Turks and Caicos Islands,TCA,2007,574756617
Turks and Caicos Islands,TCA,2008,622299870
Turks and Caicos Islands,TCA,2009,500638710
Turks and Caicos Islands,TCA,2010,505569625
Turks and Caicos Islands,TCA,2011,528929464
Turks and Caicos Islands,TCA,2012,514825265
Turks and Caicos Islands,TCA,2013,520338429
Turks and Caicos Islands,TCA,2014,565666649
Turks and Caicos Islands,TCA,2015,629670865
Turks and Caicos Islands,TCA,2016,675329472
Turks and Caicos Islands,TCA,2017,658512265
Turks and Caicos Islands,TCA,2018,1258660844
Turks and Caicos Islands,TCA,2019,1321363621
Turks and Caicos Islands,TCA,2020,874516799
Turks and Caicos Islands,TCA,2021,1133630688
Turks and Caicos Islands,TCA,2022,1293326643
Turks and Caicos Islands,TCA,2023,1470915240
Turks and Caicos Islands,TCA,2024,1553828160
Tuvalu,TUV,1990,26255744
Tuvalu,TUV,1991,27203362
Tuvalu,TUV,1992,27962006
Tuvalu,TUV,1993,29111475
Tuvalu,TUV,1994,32105118
Tuvalu,TUV,1995,30498432
Tuvalu,TUV,1996,28680308
Tuvalu,TUV,1997,31549286
Tuvalu,TUV,1998,36439793
Tuvalu,TUV,1999,35869922
Tuvalu,TUV,2000,35521808
Tuvalu,TUV,2001,35521808
Tuvalu,TUV,2002,38904838
Tuvalu,TUV,2003,37213323
Tuvalu,TUV,2004,36367565
Tuvalu,TUV,2005,34676051
Tuvalu,TUV,2006,35521808
Tuvalu,TUV,2007,38059080
Tuvalu,TUV,2008,40596352
Tuvalu,TUV,2009,38059080
Tuvalu,TUV,2010,37213323
Tuvalu,TUV,2011,39750595
Tuvalu,TUV,2012,38904838
Tuvalu,TUV,2013,40596352
Tuvalu,TUV,2014,40596352
Tuvalu,TUV,2015,44825139
Tuvalu,TUV,2016,47362411
Tuvalu,TUV,2017,48522029
Tuvalu,TUV,2018,49195167
Tuvalu,TUV,2019,55994972
Tuvalu,TUV,2020,53601225
Tuvalu,TUV,2021,54568264
Tuvalu,TUV,2022,54937860
Tuvalu,TUV,2023,57054510
Uganda,UGA,1990,18976161859
Uganda,UGA,1991,20030116010
Uganda,UGA,1992,20714816861
Uganda,UGA,1993,22439593108
Uganda,UGA,1994,23876542912
Uganda,UGA,1995,26627895166
Uganda,UGA,1996,29043608326
Uganda,UGA,1997,30524832892
Uganda,UGA,1998,32022156984
Uganda,UGA,1999,34601204977
Uganda,UGA,2000,35688342775
Uganda,UGA,2001,37538305526
Uganda,UGA,2002,40816407789
Uganda,UGA,2003,43458559445
Uganda,UGA,2004,46416884994
Uganda,UGA,2005,49356264462
Uganda,UGA,2006,54679211422
Uganda,UGA,2007,59279059602
Uganda,UGA,2008,64441525832
Uganda,UGA,2009,68824527391
Uganda,UGA,2010,72704586957
Uganda,UGA,2011,79532751291
Uganda,UGA,2012,82584785315
Uganda,UGA,2013,85547023791
Uganda,UGA,2014,89915317733
Uganda,UGA,2015,94579998410
Uganda,UGA,2016,99101868411
Uganda,UGA,2017,102205149786
Uganda,UGA,2018,108648084530
Uganda,UGA,2019,115643657676
Uganda,UGA,2020,119056656372
Uganda,UGA,2021,123267190675
Uganda,UGA,2022,128922716406
Uganda,UGA,2023,135803286914
Uganda,UGA,2024,144136790455
Ukraine,UKR,1990,1187655664310
Ukraine,UKR,1991,1084329621518
Ukraine,UKR,1992,976980988966
Ukraine,UKR,1993,838249688539
Ukraine,UKR,1994,646290509870
Ukraine,UKR,1995,567443067661
Ukraine,UKR,1996,510698760895
Ukraine,UKR,1997,495377798076
Ukraine,UKR,1998,485965619902
Ukraine,UKR,1999,484993688662
Ukraine,UKR,2000,513608316294
Ukraine,UKR,2001,558805848147
Ukraine,UKR,2002,588644109011
Ukraine,UKR,2003,644663072355
Ukraine,UKR,2004,720703354358
Ukraine,UKR,2005,742837814816
Ukraine,UKR,2006,799081191364
Ukraine,UKR,2007,864732459089
Ukraine,UKR,2008,884132659139
Ukraine,UKR,2009,750306202906
Ukraine,UKR,2010,781008765492
Ukraine,UKR,2011,823536885927
Ukraine,UKR,2012,824791255865
Ukraine,UKR,2013,825166033543
Ukraine,UKR,2014,741998415578
Ukraine,UKR,2015,669483005304
Ukraine,UKR,2016,685824964588
Ukraine,UKR,2017,702010243648
Ukraine,UKR,2018,726498904612
Ukraine,UKR,2019,749743265134
Ukraine,UKR,2020,721606765377
Ukraine,UKR,2021,746470597165
Ukraine,UKR,2022,531796221835
Ukraine,UKR,2023,561229725729
Ukraine,UKR,2024,577582962153
United Arab Emirates,ARE,1990,205116039140
United Arab Emirates,ARE,1991,206880205165
United Arab Emirates,ARE,1992,213800233951
United Arab Emirates,ARE,1993,216496663143
United Arab Emirates,ARE,1994,231426594647
United Arab Emirates,ARE,1995,246904142534
United Arab Emirates,ARE,1996,261220642382
United Arab Emirates,ARE,1997,282615654347
United Arab Emirates,ARE,1998,283440876068
United Arab Emirates,ARE,1999,291666935833
United Arab Emirates,ARE,2000,323320685674
United Arab Emirates,ARE,2001,327844217009
United Arab Emirates,ARE,2002,335822164437
United Arab Emirates,ARE,2003,365376331079
United Arab Emirates,ARE,2004,400329826280
United Arab Emirates,ARE,2005,419766404594
United Arab Emirates,ARE,2006,461060168098
United Arab Emirates,ARE,2007,475742122784
United Arab Emirates,ARE,2008,490927032426
United Arab Emirates,ARE,2009,465188111511
United Arab Emirates,ARE,2010,472644379374
United Arab Emirates,ARE,2011,502024529755
United Arab Emirates,ARE,2012,511183870837
United Arab Emirates,ARE,2013,537027076390
United Arab Emirates,ARE,2014,559397969493
United Arab Emirates,ARE,2015,597363039159
United Arab Emirates,ARE,2016,630585329384
United Arab Emirates,ARE,2017,635220564855
United Arab Emirates,ARE,2018,643566816035
United Arab Emirates,ARE,2019,650699776835
United Arab Emirates,ARE,2020,618444247716
United Arab Emirates,ARE,2021,645375981350
United Arab Emirates,ARE,2022,693841762286
United Arab Emirates,ARE,2023,718949859453
United Arab Emirates,ARE,2024,745993988412
United Kingdom,GBR,1990,1964046683822
United Kingdom,GBR,1991,1942380859325
United Kingdom,GBR,1992,1950171400991
United Kingdom,GBR,1993,1998727371705
United Kingdom,GBR,1994,2075598609906
United Kingdom,GBR,1995,2128145917346
United Kingdom,GBR,1996,2183094514587
United Kingdom,GBR,1997,2290604241483
United Kingdom,GBR,1998,2368545675182
United Kingdom,GBR,1999,2440983458737
United Kingdom,GBR,2000,2546962031219
United Kingdom,GBR,2001,2612489772163
United Kingdom,GBR,2002,2659401225354
United Kingdom,GBR,2003,2743234767303
United Kingdom,GBR,2004,2810660856396
United Kingdom,GBR,2005,2887466682907
United Kingdom,GBR,2006,2956208429999
United Kingdom,GBR,2007,3033805352459
United Kingdom,GBR,2008,3026257327845
United Kingdom,GBR,2009,2886427482679
United Kingdom,GBR,2010,2950890503159
United Kingdom,GBR,2011,2984482331065
United Kingdom,GBR,2012,3029518120098
United Kingdom,GBR,2013,3084047067998
United Kingdom,GBR,2014,3182571186579
United Kingdom,GBR,2015,3253316193033
United Kingdom,GBR,2016,3315835498878
United Kingdom,GBR,2017,3403920830575
United Kingdom,GBR,2018,3451752394538
United Kingdom,GBR,2019,3507825255476
United Kingdom,GBR,2020,3146627335198
United Kingdom,GBR,2021,3416480549650
United Kingdom,GBR,2022,3581806953564
United Kingdom,GBR,2023,3596029676628
United Kingdom,GBR,2024,3635610019744
United States,USA,1990,11077900302950
United States,USA,1991,11065901509876
United States,USA,1992,11455697578170
United States,USA,1993,11770934990578
United States,USA,1994,12245188636415
United States,USA,1995,12573902243559
United States,USA,1996,13048286993645
United States,USA,1997,13628561009976
United States,USA,1998,14239547573780
United States,USA,1999,14921397636737
United States,USA,2000,15529830421976
United States,USA,2001,15678223906088
United States,USA,2002,15944823845553
United States,USA,2003,16390578292122
United States,USA,2004,17021250324168
United States,USA,2005,17614194078848
United States,USA,2006,18104668294919
United States,USA,2007,18467460193070
United States,USA,2008,18488436872909
United States,USA,2009,18012082253939
United States,USA,2010,18497542558773
United States,USA,2011,18786919382639
United States,USA,2012,19216973269103
United States,USA,2013,19623956112895
United States,USA,2014,20119229405509
United States,USA,2015,20711851459007
United States,USA,2016,21088693546127
United States,USA,2017,21606973981864
United States,USA,2018,22247945960330
United States,USA,2019,22822794023500
United States,USA,2020,22329130338514
United States,USA,2021,23681171000000
United States,USA,2022,24276130895651
United States,USA,2023,24977117772096
United States,USA,2024,25675525530499
United States Virgin Islands,VIR,2002,5891955133
United States Virgin Islands,VIR,2003,5868618225
United States Virgin Islands,VIR,2004,6061454781
United States Virgin Islands,VIR,2005,6272715211
United States Virgin Islands,VIR,2006,6492573449
United States Virgin Islands,VIR,2007,6752964212
United States Virgin Islands,VIR,2008,6835257519
United States Virgin Islands,VIR,2009,6384486718
United States Virgin Islands,VIR,2010,6422562725
United States Virgin Islands,VIR,2011,5895639908
United States Virgin Islands,VIR,2012,5022348247
United States Virgin Islands,VIR,2013,4706685860
United States Virgin Islands,VIR,2014,4623164295
United States Virgin Islands,VIR,2015,4603512162
United States Virgin Islands,VIR,2016,4677207661
United States Virgin Islands,VIR,2017,4642816428
United States Virgin Islands,VIR,2018,4730022768
United States Virgin Islands,VIR,2019,4867587699
United States Virgin Islands,VIR,2020,4788979167
United States Virgin Islands,VIR,2021,4964620106
United States Virgin Islands,VIR,2022,4899522415
Upper-middle-income countries,,1990,12426946481686
Upper-middle-income countries,,1991,12664036573244
Upper-middle-income countries,,1992,13077412255007
Upper-middle-income countries,,1993,13659407375004
Upper-middle-income countries,,1994,14173877976835
Upper-middle-income countries,,1995,14708962348689
Upper-middle-income countries,,1996,15541820067006
Upper-middle-income countries,,1997,16405331317103
Upper-middle-income countries,,1998,16747237918687
Upper-middle-income countries,,1999,17231700167646
Upper-middle-income countries,,2000,18245271348050
Upper-middle-income countries,,2001,18848565332713
Upper-middle-income countries,,2002,19733492049612
Upper-middle-income countries,,2003,20844391640360
Upper-middle-income countries,,2004,22473720568077
Upper-middle-income countries,,2005,24063241548490
Upper-middle-income countries,,2006,26021577304206
Upper-middle-income countries,,2007,28333315548030
Upper-middle-income countries,,2008,29989581568130
Upper-middle-income countries,,2009,30766536902959
Upper-middle-income countries,,2010,33270471609276
Upper-middle-income countries,,2011,35473841404501
Upper-middle-income countries,,2012,37390678300882
Upper-middle-income countries,,2013,39386574224306
Upper-middle-income countries,,2014,41176681221250
Upper-middle-income countries,,2015,42841896061545
Upper-middle-income countries,,2016,44717007961145
Upper-middle-income countries,,2017,46979222831374
Upper-middle-income countries,,2018,49172334900952
Upper-middle-income countries,,2019,51105709621854
Upper-middle-income countries,,2020,50665427339385
Upper-middle-income countries,,2021,54394003325974
Upper-middle-income countries,,2022,56154868806452
Upper-middle-income countries,,2023,58667925570252
Upper-middle-income countries,,2024,61036767083409
Uruguay,URY,1990,43650530878
Uruguay,URY,1991,45195239577
Uruguay,URY,1992,48779939963
Uruguay,URY,1993,50076289359
Uruguay,URY,1994,53722515571
Uruguay,URY,1995,52944828989
Uruguay,URY,1996,55898069188
Uruguay,URY,1997,60676059058
Uruguay,URY,1998,63417943482
Uruguay,URY,1999,62453390858
Uruguay,URY,2000,61248083735
Uruguay,URY,2001,58893627799
Uruguay,URY,2002,54339968248
Uruguay,URY,2003,54777559272
Uruguay,URY,2004,57518716177
Uruguay,URY,2005,61809688403
Uruguay,URY,2006,64343006295
Uruguay,URY,2007,68552011030
Uruguay,URY,2008,73471402512
Uruguay,URY,2009,76589157212
Uruguay,URY,2010,82565722898
Uruguay,URY,2011,86827875346
Uruguay,URY,2012,89900000756
Uruguay,URY,2013,94069148018
Uruguay,URY,2014,97115851334
Uruguay,URY,2015,97475899862
Uruguay,URY,2016,99123045893
Uruguay,URY,2017,100848160024
Uruguay,URY,2018,101014335211
Uruguay,URY,2019,101952102944
Uruguay,URY,2020,94451153281
Uruguay,URY,2021,99971136649
Uruguay,URY,2022,104456068805
Uruguay,URY,2023,105231267359
Uruguay,URY,2024,108502123258
Uzbekistan,UZB,1990,86251276066
Uzbekistan,UZB,1991,85826919783
Uzbekistan,UZB,1992,76214304770
Uzbekistan,UZB,1993,74461375757
Uzbekistan,UZB,1994,70589384223
Uzbekistan,UZB,1995,69954079761
Uzbekistan,UZB,1996,71143299119
Uzbekistan,UZB,1997,74842750671
Uzbekistan,UZB,1998,78060988950
Uzbekistan,UZB,1999,81417611477
Uzbekistan,UZB,2000,84539976877
Uzbekistan,UZB,2001,88060084771
Uzbekistan,UZB,2002,91559141841
Uzbekistan,UZB,2003,95434499149
Uzbekistan,UZB,2004,102543415569
Uzbekistan,UZB,2005,109670190329
Uzbekistan,UZB,2006,117842175154
Uzbekistan,UZB,2007,129005370659
Uzbekistan,UZB,2008,140653473297
Uzbekistan,UZB,2009,151977390655
Uzbekistan,UZB,2010,163523368286
Uzbekistan,UZB,2011,175828730509
Uzbekistan,UZB,2012,188316869190
Uzbekistan,UZB,2013,202057504405
Uzbekistan,UZB,2014,215946610815
Uzbekistan,UZB,2015,231535307548
Uzbekistan,UZB,2016,245270331147
Uzbekistan,UZB,2017,256050635796
Uzbekistan,UZB,2018,270284991805
Uzbekistan,UZB,2019,288610108824
Uzbekistan,UZB,2020,293122074101
Uzbekistan,UZB,2021,316673503929
Uzbekistan,UZB,2022,335678164943
Uzbekistan,UZB,2023,356797075898
Uzbekistan,UZB,2024,379988885832
Vanuatu,VUT,1990,459244127
Vanuatu,VUT,1991,473699472
Vanuatu,VUT,1992,485946563
Vanuatu,VUT,1993,489520447
Vanuatu,VUT,1994,533976081
Vanuatu,VUT,1995,539336907
Vanuatu,VUT,1996,551889086
Vanuatu,VUT,1997,578969250
Vanuatu,VUT,1998,585782875
Vanuatu,VUT,1999,587758680
Vanuatu,VUT,2000,622582260
Vanuatu,VUT,2001,601429514
Vanuatu,VUT,2002,570165291
Vanuatu,VUT,2003,594615889
Vanuatu,VUT,2004,618325560
Vanuatu,VUT,2005,651129750
Vanuatu,VUT,2006,706219868
Vanuatu,VUT,2007,726529991
Vanuatu,VUT,2008,767222877
Vanuatu,VUT,2009,790525764
Vanuatu,VUT,2010,800477434
Vanuatu,VUT,2011,825610848
Vanuatu,VUT,2012,833949911
Vanuatu,VUT,2013,837814355
Vanuatu,VUT,2014,859388412
Vanuatu,VUT,2015,893471065
Vanuatu,VUT,2016,924488312
Vanuatu,VUT,2017,965282893
Vanuatu,VUT,2018,993278320
Vanuatu,VUT,2019,1025472334
Vanuatu,VUT,2020,974275716
Vanuatu,VUT,2021,959152084
Vanuatu,VUT,2022,1008895904
Vanuatu,VUT,2023,999162154
Vanuatu,VUT,2024,1038801497
Vietnam,VNM,1990,161662915527
Vietnam,VNM,1991,171299389618
Vietnam,VNM,1992,186110016142
Vietnam,VNM,1993,201134176471
Vietnam,VNM,1994,218912388019
Vietnam,VNM,1995,239797680998
Vietnam,VNM,1996,262194826367
Vietnam,VNM,1997,283569169231
Vietnam,VNM,1998,299915387686
Vietnam,VNM,1999,314232109294
Vietnam,VNM,2000,335560036797
Vietnam,VNM,2001,356340911874
Vietnam,VNM,2002,378864583034
Vietnam,VNM,2003,405002691161
Vietnam,VNM,2004,435525356944
Vietnam,VNM,2005,468395534555
Vietnam,VNM,2006,501079963291
Vietnam,VNM,2007,536804481752
Vietnam,VNM,2008,567197123348
Vietnam,VNM,2009,597813842917
Vietnam,VNM,2010,636212889630
Vietnam,VNM,2011,677014296785
Vietnam,VNM,2012,714280851405
Vietnam,VNM,2013,753948515703
Vietnam,VNM,2014,802368922391
Vietnam,VNM,2015,858431677101
Vietnam,VNM,2016,915860832928
Vietnam,VNM,2017,979423318291
Vietnam,VNM,2018,1052537336148
Vietnam,VNM,2019,1129996323741
Vietnam,VNM,2020,1162375387665
Vietnam,VNM,2021,1192059299524
Vietnam,VNM,2022,1293831367795
Vietnam,VNM,2023,1359364235987
Vietnam,VNM,2024,1455759302312
World,OWID_WRL,1990,59450647052320
World,OWID_WRL,1991,59956689321229
World,OWID_WRL,1992,60734979503346
World,OWID_WRL,1993,61659660396502
World,OWID_WRL,1994,63301751352883
World,OWID_WRL,1995,65257361860698
World,OWID_WRL,1996,67671298672660
World,OWID_WRL,1997,70345381686285
World,OWID_WRL,1998,72111265798241
World,OWID_WRL,1999,74721329691922
World,OWID_WRL,2000,78305229179556
World,OWID_WRL,2001,80197423217269
World,OWID_WRL,2002,82411757388675
World,OWID_WRL,2003,85448651195489
World,OWID_WRL,2004,89851934071454
World,OWID_WRL,2005,93977591230514
World,OWID_WRL,2006,98867596746620
World,OWID_WRL,2007,104017513385738
World,OWID_WRL,2008,106935530344542
World,OWID_WRL,2009,106213411280046
World,OWID_WRL,2010,111633897788111
World,OWID_WRL,2011,116041405565904
World,OWID_WRL,2012,119666038486789
World,OWID_WRL,2013,123564434835023
World,OWID_WRL,2014,127814806686321
World,OWID_WRL,2015,132067605942275
World,OWID_WRL,2016,136355206610354
World,OWID_WRL,2017,141550444863347
World,OWID_WRL,2018,146736989612843
World,OWID_WRL,2019,151089791472102
World,OWID_WRL,2020,146874672317719
World,OWID_WRL,2021,156452667775447
World,OWID_WRL,2022,162057536780923
World,OWID_WRL,2023,167632719086259
World,OWID_WRL,2024,173162598535009
Zambia,ZMB,1990,18882326322
Zambia,ZMB,1991,18875503499
Zambia,ZMB,1992,18548783223
Zambia,ZMB,1993,19809594852
Zambia,ZMB,1994,18100929747
Zambia,ZMB,1995,18625434758
Zambia,ZMB,1996,19783666077
Zambia,ZMB,1997,20538216584
Zambia,ZMB,1998,20458991205
Zambia,ZMB,1999,21410373117
Zambia,ZMB,2000,22244804500
Zambia,ZMB,2001,23427531453
Zambia,ZMB,2002,24483179366
Zambia,ZMB,2003,26183529803
Zambia,ZMB,2004,28024859074
Zambia,ZMB,2005,30052625499
Zambia,ZMB,2006,32427893191
Zambia,ZMB,2007,35136412295
Zambia,ZMB,2008,37867880381
Zambia,ZMB,2009,41359430886
Zambia,ZMB,2010,45618717444
Zambia,ZMB,2011,48159338865
Zambia,ZMB,2012,51818187350
Zambia,ZMB,2013,54438911322
Zambia,ZMB,2014,56993883582
Zambia,ZMB,2015,58658318773
Zambia,ZMB,2016,60860997487
Zambia,ZMB,2017,63006872740
Zambia,ZMB,2018,65548881175
Zambia,ZMB,2019,66493641150
Zambia,ZMB,2020,64641756629
Zambia,ZMB,2021,68672119764
Zambia,ZMB,2022,72250777479
Zambia,ZMB,2023,76129157926
Zambia,ZMB,2024,79207172680
Zimbabwe,ZWE,1990,40683908250
Zimbabwe,ZWE,1991,42934453516
Zimbabwe,ZWE,1992,39063667773
Zimbabwe,ZWE,1993,39474406086
Zimbabwe,ZWE,1994,43119945973
Zimbabwe,ZWE,1995,43188086564
Zimbabwe,ZWE,1996,47662673252
Zimbabwe,ZWE,1997,48940316096
Zimbabwe,ZWE,1998,50352347869
Zimbabwe,ZWE,1999,49940555778
Zimbabwe,ZWE,2000,48412779415
Zimbabwe,ZWE,2001,49109737241
Zimbabwe,ZWE,2002,44741905605
Zimbabwe,ZWE,2003,37137985313
Zimbabwe,ZWE,2004,34981182695
Zimbabwe,ZWE,2005,32983378070
Zimbabwe,ZWE,2006,31841660025
Zimbabwe,ZWE,2007,30678380115
Zimbabwe,ZWE,2008,25257833597
Zimbabwe,ZWE,2009,28610073120
Zimbabwe,ZWE,2010,34239221638
Zimbabwe,ZWE,2011,39099107904
Zimbabwe,ZWE,2012,45615141963
Zimbabwe,ZWE,2013,46522648617
Zimbabwe,ZWE,2014,47628485323
Zimbabwe,ZWE,2015,48476202606
Zimbabwe,ZWE,2016,48842582863
Zimbabwe,ZWE,2017,51154991589
Zimbabwe,ZWE,2018,53717816451
Zimbabwe,ZWE,2019,50316162716
Zimbabwe,ZWE,2020,46382982069
Zimbabwe,ZWE,2021,50310711158
Zimbabwe,ZWE,2022,53399374351
Zimbabwe,ZWE,2023,56249176341
Zimbabwe,ZWE,2024,57390744456