Entity,Code,Year,Share of the population using improved water sources,"GDP per capita, PPP (constant 2021 international $)",World regions according to OWID
Afghanistan,AFG,2000,30.741058,1617.8264,
Afghanistan,AFG,2001,30.773462,1454.1108,
Afghanistan,AFG,2002,33.28204,1774.3087,
Afghanistan,AFG,2003,35.78966,1815.9282,
Afghanistan,AFG,2004,38.31505,1776.9182,
Afghanistan,AFG,2005,40.85768,1908.1147,
Afghanistan,AFG,2006,43.39852,1929.7239,
Afghanistan,AFG,2007,45.937893,2155.353,
Afghanistan,AFG,2008,48.475437,2191.5044,
Afghanistan,AFG,2009,51.011135,2565.022,
Afghanistan,AFG,2010,53.54498,2848.5862,
Afghanistan,AFG,2011,56.07725,2757.0525,
Afghanistan,AFG,2012,58.607628,2985.319,
Afghanistan,AFG,2013,61.136086,3046.5798,
Afghanistan,AFG,2014,63.662617,3017.9426,
Afghanistan,AFG,2015,66.187485,2967.6921,
Afghanistan,AFG,2016,68.71038,2958.7854,
Afghanistan,AFG,2017,71.23456,2952.999,
Afghanistan,AFG,2018,73.76035,2902.392,
Afghanistan,AFG,2019,76.28727,2927.245,
Afghanistan,AFG,2020,78.81483,2769.6858,
Afghanistan,AFG,2021,81.34359,2144.1665,
Afghanistan,AFG,2022,83.34676,1981.7102,
Afghanistan,AFG,2023,,1983.8126,Asia
Africa (WHO),,2000,56.604706,,
Africa (WHO),,2001,57.633118,,
Africa (WHO),,2002,58.685303,,
Africa (WHO),,2003,59.737423,,
Africa (WHO),,2004,60.79475,,
Africa (WHO),,2005,61.854496,,
Africa (WHO),,2006,62.910973,,
Africa (WHO),,2007,63.96891,,
Africa (WHO),,2008,65.04176,,
Africa (WHO),,2009,66.1157,,
Africa (WHO),,2010,67.18492,,
Africa (WHO),,2011,68.215935,,
Africa (WHO),,2012,69.2804,,
Africa (WHO),,2013,70.34,,
Africa (WHO),,2014,71.39804,,
Africa (WHO),,2015,72.45704,,
Africa (WHO),,2016,73.49301,,
Africa (WHO),,2017,74.51949,,
Africa (WHO),,2018,75.544495,,
Africa (WHO),,2019,76.57932,,
Africa (WHO),,2020,77.57388,,
Africa (WHO),,2021,78.55773,,
Africa (WHO),,2022,79.418564,,
Aland Islands,ALA,2023,,,Europe
Albania,ALB,2000,96.53657,6581.639,
Albania,ALB,2001,96.582756,7232.5757,
Albania,ALB,2002,96.64367,7590.0547,
Albania,ALB,2003,96.70027,8024.8213,
Albania,ALB,2004,96.75253,8482.808,
Albania,ALB,2005,96.800255,8963.804,
Albania,ALB,2006,96.843506,9563.48,
Albania,ALB,2007,96.88221,10262.378,
Albania,ALB,2008,96.91631,11055.718,
Albania,ALB,2009,96.94562,11429.967,
Albania,ALB,2010,96.97034,11828.375,
Albania,ALB,2011,96.9903,12152.417,
Albania,ALB,2012,97.005585,12292.297,
Albania,ALB,2013,97.0156,12525.081,
Albania,ALB,2014,97.02062,12832.212,
Albania,ALB,2015,97.020706,13156.332,
Albania,ALB,2016,97.01604,13692.479,
Albania,ALB,2017,97.006744,14155.04,
Albania,ALB,2018,96.99298,14710.982,
Albania,ALB,2019,96.974915,15078.507,
Albania,ALB,2020,96.9527,14662.796,
Albania,ALB,2021,96.960365,16126.777,
Albania,ALB,2022,96.9678,17111.953,
Albania,ALB,1990,,5560.538,
Albania,ALB,1991,,4027.6746,
Albania,ALB,1992,,3760.9397,
Albania,ALB,1993,,4145.682,
Albania,ALB,1994,,4517.5396,
Albania,ALB,1995,,5151.102,
Albania,ALB,1996,,5563.474,
Albania,ALB,1997,,4942.7207,
Albania,ALB,1998,,5387.2593,
Albania,ALB,1999,,6085.6597,
Albania,ALB,2023,,17991.016,Europe
Albania,ALB,2024,,18919.807,
Algeria,DZA,2000,95.38737,11558.221,
Algeria,DZA,2001,95.630936,11742.595,
Algeria,DZA,2002,95.869965,12213.126,
Algeria,DZA,2003,96.10438,12835.182,
Algeria,DZA,2004,96.33422,13226.765,
Algeria,DZA,2005,96.559456,13738.496,
Algeria,DZA,2006,96.780235,13920.694,
Algeria,DZA,2007,96.99652,14114.675,
Algeria,DZA,2008,97.20845,14206.776,
Algeria,DZA,2009,97.41555,14104.428,
Algeria,DZA,2010,97.618164,14496.421,
Algeria,DZA,2011,97.81631,14641.964,
Algeria,DZA,2012,98.01016,14697.54,
Algeria,DZA,2013,98.199844,14778.191,
Algeria,DZA,2014,98.38554,15073.763,
Algeria,DZA,2015,98.56734,15239.518,
Algeria,DZA,2016,98.74543,15511.686,
Algeria,DZA,2017,98.91991,15427.664,
Algeria,DZA,2018,99.09095,15343.426,
Algeria,DZA,2019,99.25867,15199.199,
Algeria,DZA,2020,99.42321,14194.155,
Algeria,DZA,2021,99.58472,14496.865,
Algeria,DZA,2022,99.58741,14782.2,
Algeria,DZA,1990,,11728.546,
Algeria,DZA,1991,,11314.864,
Algeria,DZA,1992,,11241.415,
Algeria,DZA,1993,,10743.706,
Algeria,DZA,1994,,10414.035,
Algeria,DZA,1995,,10588.443,
Algeria,DZA,1996,,10808.879,
Algeria,DZA,1997,,10725.968,
Algeria,DZA,1998,,11094.888,
Algeria,DZA,1999,,11292.037,
Algeria,DZA,2023,,15159.324,Africa
Algeria,DZA,2024,,15442.124,
American Samoa,ASM,2000,94.93229,,
American Samoa,ASM,2001,95.18597,,
American Samoa,ASM,2002,95.43964,,
American Samoa,ASM,2003,95.69331,,
American Samoa,ASM,2004,95.94699,,
American Samoa,ASM,2005,96.20066,,
American Samoa,ASM,2006,96.45434,,
American Samoa,ASM,2007,96.70801,,
American Samoa,ASM,2008,96.961685,,
American Samoa,ASM,2009,97.215355,,
American Samoa,ASM,2010,97.46903,,
American Samoa,ASM,2011,97.72271,,
American Samoa,ASM,2012,97.97638,,
American Samoa,ASM,2013,98.23006,,
American Samoa,ASM,2014,98.48373,,
American Samoa,ASM,2015,98.737404,,
American Samoa,ASM,2016,98.99108,,
American Samoa,ASM,2017,99.24475,,
American Samoa,ASM,2018,99.24475,,
American Samoa,ASM,2019,99.24475,,
American Samoa,ASM,2020,99.24475,,
American Samoa,ASM,2021,99.24475,,
American Samoa,ASM,2023,,,Oceania
Americas (WHO),,2000,94.47174,,
Americas (WHO),,2001,94.695435,,
Americas (WHO),,2002,94.91722,,
Americas (WHO),,2003,95.13492,,
Americas (WHO),,2004,95.34785,,
Americas (WHO),,2005,95.44427,,
Americas (WHO),,2006,95.65475,,
Americas (WHO),,2007,95.86271,,
Americas (WHO),,2008,96.066986,,
Americas (WHO),,2009,96.26819,,
Americas (WHO),,2010,96.49297,,
Americas (WHO),,2011,96.71451,,
Americas (WHO),,2012,96.93189,,
Americas (WHO),,2013,97.14072,,
Americas (WHO),,2014,97.346725,,
Americas (WHO),,2015,97.54984,,
Americas (WHO),,2016,97.732025,,
Americas (WHO),,2017,97.869255,,
Americas (WHO),,2018,98.061325,,
Americas (WHO),,2019,98.24048,,
Americas (WHO),,2020,98.381775,,
Americas (WHO),,2021,98.625336,,
Americas (WHO),,2022,98.715576,,
Andorra,AND,2000,100,54809.145,
Andorra,AND,2001,100,59109.016,
Andorra,AND,2002,100,61188.637,
Andorra,AND,2003,100,63656.195,
Andorra,AND,2004,100,64353.484,
Andorra,AND,2005,100,65114.805,
Andorra,AND,2006,100,66390.3,
Andorra,AND,2007,100,65534.117,
Andorra,AND,2008,100,60691.605,
Andorra,AND,2009,100,57203.973,
Andorra,AND,2010,100,58285.06,
Andorra,AND,2011,100,60470.465,
Andorra,AND,2012,100,58172.133,
Andorra,AND,2013,100,57332.16,
Andorra,AND,2014,100,59929.246,
Andorra,AND,2015,100,62105.152,
Andorra,AND,2016,99.99999,64402.81,
Andorra,AND,2017,100,63239.656,
Andorra,AND,2018,99.99999,63048.598,
Andorra,AND,2019,100,63215.9,
Andorra,AND,2020,100,55488.492,
Andorra,AND,2021,100,59332.203,
Andorra,AND,2022,100,63913.383,
Andorra,AND,1990,,50036.3,
Andorra,AND,1991,,47624.97,
Andorra,AND,1992,,45246.53,
Andorra,AND,1993,,42605.66,
Andorra,AND,1994,,42716.367,
Andorra,AND,1995,,44375.023,
Andorra,AND,1996,,46386.09,
Andorra,AND,1997,,50032.35,
Andorra,AND,1998,,51092.223,
Andorra,AND,1999,,52921.047,
Andorra,AND,2023,,64631.297,Europe
Andorra,AND,2024,,65928.305,
Angola,AGO,2000,62.232014,6002.9893,
Angola,AGO,2001,62.81121,6049.163,
Angola,AGO,2002,63.39118,6645.4775,
Angola,AGO,2003,63.77105,6609.215,
Angola,AGO,2004,64.14189,7074.026,
Angola,AGO,2005,64.50029,7845.89,
Angola,AGO,2006,64.65104,8435.455,
Angola,AGO,2007,64.79465,9263.98,
Angola,AGO,2008,64.932144,9916.909,
Angola,AGO,2009,65.06162,9629.092,
Angola,AGO,2010,65.18458,9672.839,
Angola,AGO,2011,65.30056,9627.0205,
Angola,AGO,2012,65.40915,10051.34,
Angola,AGO,2013,65.50992,10150.916,
Angola,AGO,2014,65.60342,10250.593,
Angola,AGO,2015,65.68555,9980.93,
Angola,AGO,2016,65.75738,9381.81,
Angola,AGO,2017,65.81857,9042.117,
Angola,AGO,2018,65.86837,8620.215,
Angola,AGO,2019,66.165085,8274.543,
Angola,AGO,2020,66.455086,7556.968,
Angola,AGO,2021,66.73927,7408.1265,
Angola,AGO,2022,67.01719,7397.4863,
Angola,AGO,1990,,7391.7524,
Angola,AGO,1991,,7218.4414,
Angola,AGO,1992,,6578.0684,
Angola,AGO,1993,,4843.156,
Angola,AGO,1994,,4751.4717,
Angola,AGO,1995,,5284.703,
Angola,AGO,1996,,5800.9624,
Angola,AGO,1997,,6015.187,
Angola,AGO,1998,,6090.0957,
Angola,AGO,1999,,6021.229,
Angola,AGO,2023,,7250.403,Africa
Angola,AGO,2024,,7344.1455,
Anguilla,AIA,2000,96.16923,,
Anguilla,AIA,2001,96.27023,,
Anguilla,AIA,2002,96.37124,,
Anguilla,AIA,2003,96.472244,,
Anguilla,AIA,2004,96.57324,,
Anguilla,AIA,2005,96.67425,,
Anguilla,AIA,2006,96.77525,,
Anguilla,AIA,2007,96.87625,,
Anguilla,AIA,2008,96.97726,,
Anguilla,AIA,2009,97.07826,,
Anguilla,AIA,2010,97.17927,,
Anguilla,AIA,2011,97.280266,,
Anguilla,AIA,2012,97.38127,,
Anguilla,AIA,2013,97.48228,,
Anguilla,AIA,2014,97.48228,,
Anguilla,AIA,2015,97.48228,,
Anguilla,AIA,2016,97.48228,,
Anguilla,AIA,2017,97.48228,,
Anguilla,AIA,2023,,,North America
Antigua and Barbuda,ATG,2009,98.366554,28405.69,
Antigua and Barbuda,ATG,2010,98.36617,25826.61,
Antigua and Barbuda,ATG,2011,98.36582,25023.918,
Antigua and Barbuda,ATG,2012,98.36571,25592.906,
Antigua and Barbuda,ATG,2013,98.36559,25206.846,
Antigua and Barbuda,ATG,2014,98.36548,25557.525,
Antigua and Barbuda,ATG,2015,98.365364,25734.152,
Antigua and Barbuda,ATG,2016,98.365265,26627.715,
Antigua and Barbuda,ATG,2017,98.36517,27199.195,
Antigua and Barbuda,ATG,2018,98.3651,28878.607,
Antigua and Barbuda,ATG,2019,98.365036,29651.863,
Antigua and Barbuda,ATG,2020,98.36499,23930.672,
Antigua and Barbuda,ATG,2021,98.36496,25745.496,
Antigua and Barbuda,ATG,2022,98.36494,27941.785,
Antigua and Barbuda,ATG,1990,,21074.576,
Antigua and Barbuda,ATG,1991,,21424.291,
Antigua and Barbuda,ATG,1992,,21330.273,
Antigua and Barbuda,ATG,1993,,22051.438,
Antigua and Barbuda,ATG,1994,,23081.664,
Antigua and Barbuda,ATG,1995,,21639.602,
Antigua and Barbuda,ATG,1996,,22597.314,
Antigua and Barbuda,ATG,1997,,23350.309,
Antigua and Barbuda,ATG,1998,,23996.115,
Antigua and Barbuda,ATG,1999,,24462.203,
Antigua and Barbuda,ATG,2000,,25547.611,
Antigua and Barbuda,ATG,2001,,24014.775,
Antigua and Barbuda,ATG,2002,,23958.164,
Antigua and Barbuda,ATG,2003,,25136.002,
Antigua and Barbuda,ATG,2004,,26303.617,
Antigua and Barbuda,ATG,2005,,27692.635,
Antigua and Barbuda,ATG,2006,,30827.342,
Antigua and Barbuda,ATG,2007,,33245.27,
Antigua and Barbuda,ATG,2008,,32756.307,
Antigua and Barbuda,ATG,2023,,28474.045,North America
Antigua and Barbuda,ATG,2024,,29561.807,
Argentina,ARG,2000,96.28403,22281.38,
Argentina,ARG,2001,96.52282,21066.459,
Argentina,ARG,2002,96.75547,18571.701,
Argentina,ARG,2003,96.982414,20005.139,
Argentina,ARG,2004,97.204346,21591.45,
Argentina,ARG,2005,97.42119,23262.408,
Argentina,ARG,2006,97.63322,24877.25,
Argentina,ARG,2007,97.84036,26850.664,
Argentina,ARG,2008,98.04288,27658.484,
Argentina,ARG,2009,98.24073,25747.197,
Argentina,ARG,2010,98.43405,28056.258,
Argentina,ARG,2011,98.621864,29425.76,
Argentina,ARG,2012,98.80529,28825.967,
Argentina,ARG,2013,98.8642,29227.66,
Argentina,ARG,2014,98.92325,28200.814,
Argentina,ARG,2015,98.98231,28669.207,
Argentina,ARG,2016,99.041374,27802.105,
Argentina,ARG,1990,,17007.285,
Argentina,ARG,1991,,18295.61,
Argentina,ARG,1992,,19476.283,
Argentina,ARG,1993,,20791.346,
Argentina,ARG,1994,,21711.844,
Argentina,ARG,1995,,20819.5,
Argentina,ARG,1996,,21695.596,
Argentina,ARG,1997,,23172.158,
Argentina,ARG,1998,,23783.102,
Argentina,ARG,1999,,22714.512,
Argentina,ARG,2017,,28334.904,
Argentina,ARG,2018,,27367.115,
Argentina,ARG,2019,,26629.553,
Argentina,ARG,2020,,23877.094,
Argentina,ARG,2021,,26300.273,
Argentina,ARG,2022,,27627.963,
Argentina,ARG,2023,,27104.98,South America
Argentina,ARG,2024,,26547.05,
Armenia,ARM,2000,97.44227,4589.0083,
Armenia,ARM,2001,97.56995,5044.1167,
Armenia,ARM,2002,97.70626,5731.3535,
Armenia,ARM,2003,97.845985,6569.2603,
Armenia,ARM,2004,97.98638,7299.4,
Armenia,ARM,2005,98.12742,8362.9,
Armenia,ARM,2006,98.26919,9525.231,
Armenia,ARM,2007,98.411606,10898.849,
Armenia,ARM,2008,98.55474,11727.482,
Armenia,ARM,2009,98.69853,10143.235,
Armenia,ARM,2010,98.843,10438.564,
Armenia,ARM,2011,98.988174,10990.177,
Armenia,ARM,2012,99.134026,11796.274,
Armenia,ARM,2013,99.28088,12194.019,
Armenia,ARM,2014,99.4285,12667.376,
Armenia,ARM,2015,99.52456,13112.76,
Armenia,ARM,2016,99.52935,13192.994,
Armenia,ARM,2017,99.53441,14243.875,
Armenia,ARM,2018,99.914825,15037.045,
Armenia,ARM,2019,99.92817,16215.36,
Armenia,ARM,2020,99.94151,15052.936,
Armenia,ARM,2021,99.954895,15921.705,
Armenia,ARM,2022,99.96831,17886.178,
Armenia,ARM,1990,,6137.6006,
Armenia,ARM,1991,,5326.753,
Armenia,ARM,1992,,3136.7244,
Armenia,ARM,1993,,2958.8804,
Armenia,ARM,1994,,3200.8965,
Armenia,ARM,1995,,3480.7559,
Armenia,ARM,1996,,3717.3357,
Armenia,ARM,1997,,3879.1794,
Armenia,ARM,1998,,4211.5127,
Armenia,ARM,1999,,4406.9673,
Armenia,ARM,2023,,19402.752,Asia
Armenia,ARM,2024,,20078.785,
Aruba,ABW,2000,94.48881,39244.83,
Aruba,ABW,2001,94.77049,40505.53,
Aruba,ABW,2002,95.05218,39846.062,
Aruba,ABW,2003,95.33386,39832.58,
Aruba,ABW,2004,95.61555,41834.926,
Aruba,ABW,2005,95.89723,40608.82,
Aruba,ABW,2006,96.17892,40335.418,
Aruba,ABW,2007,96.4606,41272.28,
Aruba,ABW,2008,96.74229,41710.496,
Aruba,ABW,2009,97.02397,36590.56,
Aruba,ABW,2010,97.30566,35508.594,
Aruba,ABW,2011,97.58734,36435.555,
Aruba,ABW,2012,97.869026,35530.26,
Aruba,ABW,2013,97.869026,37255.35,
Aruba,ABW,2014,97.869026,36275.68,
Aruba,ABW,2015,97.869026,35682.3,
Aruba,ABW,2016,97.869026,36021.832,
Aruba,ABW,1990,,34579.22,
Aruba,ABW,1991,,35552.086,
Aruba,ABW,1992,,35947.37,
Aruba,ABW,1993,,36124.305,
Aruba,ABW,1994,,37118.273,
Aruba,ABW,1995,,37009.65,
Aruba,ABW,1996,,35997.855,
Aruba,ABW,1997,,37070.01,
Aruba,ABW,1998,,36889.42,
Aruba,ABW,1999,,36842.957,
Aruba,ABW,2017,,38558.004,
Aruba,ABW,2018,,39419.555,
Aruba,ABW,2019,,38435.426,
Aruba,ABW,2020,,28521.69,
Aruba,ABW,2021,,35696.31,
Aruba,ABW,2022,,38877.676,
Aruba,ABW,2023,,40516.81,North America
Australia,AUS,2000,99.712296,45013.01,
Australia,AUS,2001,99.71124,45338.684,
Australia,AUS,2002,99.7122,46609.746,
Australia,AUS,2003,99.73436,47500.836,
Australia,AUS,2004,99.75634,48980.895,
Australia,AUS,2005,99.77815,49914.516,
Australia,AUS,2006,99.799774,50602.35,
Australia,AUS,2007,99.82125,51562.094,
Australia,AUS,2008,99.84255,52351.586,
Australia,AUS,2009,99.86368,52254.324,
Australia,AUS,2010,99.88315,52589.816,
Australia,AUS,2011,99.89196,53112.53,
Australia,AUS,2012,99.90077,54237.594,
Australia,AUS,2013,99.90959,54699.35,
Australia,AUS,2014,99.96148,55288.117,
Australia,AUS,2015,99.97,55691.7,
Australia,AUS,2016,99.96996,56341.52,
Australia,AUS,2017,99.96994,56684.65,
Australia,AUS,2018,99.969894,57450.383,
Australia,AUS,2019,99.96986,57837.062,
Australia,AUS,2020,99.96982,57059.742,
Australia,AUS,2021,99.96977,58182.336,
Australia,AUS,2022,99.969734,59883.65,
Australia,AUS,1990,,36205.273,
Australia,AUS,1991,,35610.08,
Australia,AUS,1992,,35364.43,
Australia,AUS,1993,,36469.67,
Australia,AUS,1994,,37557.84,
Australia,AUS,1995,,38585.17,
Australia,AUS,1996,,39592.535,
Australia,AUS,1997,,40699.117,
Australia,AUS,1998,,42174.535,
Australia,AUS,1999,,43813.004,
Australia,AUS,2023,,60461.156,Oceania
Australia,AUS,2024,,60082.004,
Australia and New Zealand (SDG),,2000,99.76079,,
Australia and New Zealand (SDG),,2001,99.75979,,
Australia and New Zealand (SDG),,2002,99.76071,,
Australia and New Zealand (SDG),,2003,99.77938,,
Australia and New Zealand (SDG),,2004,99.79777,,
Australia and New Zealand (SDG),,2005,99.81587,,
Australia and New Zealand (SDG),,2006,99.83373,,
Australia and New Zealand (SDG),,2007,99.85137,,
Australia and New Zealand (SDG),,2008,99.86885,,
Australia and New Zealand (SDG),,2009,99.88627,,
Australia and New Zealand (SDG),,2010,99.902405,,
Australia and New Zealand (SDG),,2011,99.90967,,
Australia and New Zealand (SDG),,2012,99.91689,,
Australia and New Zealand (SDG),,2013,99.92419,,
Australia and New Zealand (SDG),,2014,99.96769,,
Australia and New Zealand (SDG),,2015,99.974846,,
Australia and New Zealand (SDG),,2016,99.97482,,
Australia and New Zealand (SDG),,2017,99.9748,,
Australia and New Zealand (SDG),,2018,99.97478,,
Australia and New Zealand (SDG),,2019,99.974785,,
Australia and New Zealand (SDG),,2020,99.974785,,
Australia and New Zealand (SDG),,2021,99.97477,,
Australia and New Zealand (SDG),,2022,99.97474,,
Austria,AUT,2000,100,53599.61,
Austria,AUT,2001,100,54098.027,
Austria,AUT,2002,100,54631.6,
Austria,AUT,2003,100,54986.742,
Austria,AUT,2004,100,56048.48,
Austria,AUT,2005,100,56959.637,
Austria,AUT,2006,100,58531.51,
Austria,AUT,2007,100,60544.633,
Austria,AUT,2008,100,61232.55,
Austria,AUT,2009,100,58882.14,
Austria,AUT,2010,100,59803.37,
Austria,AUT,2011,100,61346.96,
Austria,AUT,2012,100,61451.55,
Austria,AUT,2013,100,60937.258,
Austria,AUT,2014,100,60919.84,
Austria,AUT,2015,100,61026,
Austria,AUT,2016,100,61647.78,
Austria,AUT,2017,100,62612.14,
Austria,AUT,2018,100,63855.78,
Austria,AUT,2019,100,64688.145,
Austria,AUT,2020,100,60349.902,
Austria,AUT,2021,100,62968.94,
Austria,AUT,2022,100,65661.45,
Austria,AUT,1990,,43310.914,
Austria,AUT,1991,,44356.434,
Austria,AUT,1992,,44789.395,
Austria,AUT,1993,,44655.582,
Austria,AUT,1994,,45552.605,
Austria,AUT,1995,,46696.395,
Austria,AUT,1996,,47666.676,
Austria,AUT,1997,,48634.38,
Austria,AUT,1998,,50277.92,
Austria,AUT,1999,,52067.934,
Austria,AUT,2023,,64394.09,Europe
Austria,AUT,2024,,63314.46,
Austria-Hungary,OWID_AUH,2023,,,Europe
Azerbaijan,AZE,2000,81.13367,5656.9297,
Azerbaijan,AZE,2001,81.99644,6168.9854,
Azerbaijan,AZE,2002,82.853806,6701.0815,
Azerbaijan,AZE,2003,83.70635,7329.4062,
Azerbaijan,AZE,2004,84.55378,7937.8594,
Azerbaijan,AZE,2005,85.395836,10054.101,
Azerbaijan,AZE,2006,86.232796,13371.658,
Azerbaijan,AZE,2007,87.06489,16587.365,
Azerbaijan,AZE,2008,87.89165,17963.021,
Azerbaijan,AZE,2009,88.71332,19242.39,
Azerbaijan,AZE,2010,89.5329,19925.39,
Azerbaijan,AZE,2011,90.34959,19358.078,
Azerbaijan,AZE,2012,91.16284,19523.373,
Azerbaijan,AZE,2013,91.97222,20398.646,
Azerbaijan,AZE,2014,92.77698,20709.201,
Azerbaijan,AZE,2015,93.576546,20678.754,
Azerbaijan,AZE,2016,94.37034,19822.41,
Azerbaijan,AZE,2017,95.1578,19659.004,
Azerbaijan,AZE,2018,95.93834,19781.852,
Azerbaijan,AZE,2019,96.71133,20101.492,
Azerbaijan,AZE,2020,97.413246,19126.098,
Azerbaijan,AZE,2021,98.06526,20111.375,
Azerbaijan,AZE,2022,98.70669,21051.244,
Azerbaijan,AZE,1990,,10776.067,
Azerbaijan,AZE,1991,,10559.212,
Azerbaijan,AZE,1992,,8050.2163,
Azerbaijan,AZE,1993,,6097.4863,
Azerbaijan,AZE,1994,,4830.699,
Azerbaijan,AZE,1995,,4211.721,
Azerbaijan,AZE,1996,,4223.523,
Azerbaijan,AZE,1997,,4425.5884,
Azerbaijan,AZE,1998,,4822.16,
Azerbaijan,AZE,1999,,5133.748,
Azerbaijan,AZE,2023,,21310.738,Asia
Azerbaijan,AZE,2024,,22072.105,
Bahamas,BHS,2000,98.2455,34597.074,
Bahamas,BHS,2001,98.28826,35072.277,
Bahamas,BHS,2002,98.331024,35610.59,
Bahamas,BHS,2003,98.37379,34740.676,
Bahamas,BHS,2004,98.41655,34617.72,
Bahamas,BHS,2005,98.45932,35365.38,
Bahamas,BHS,2006,98.50208,35789.043,
Bahamas,BHS,2007,98.544846,35797.027,
Bahamas,BHS,2008,98.58761,34497.95,
Bahamas,BHS,2009,98.63037,32630.182,
Bahamas,BHS,2010,98.67314,32711.377,
Bahamas,BHS,2011,98.715904,32535.58,
Bahamas,BHS,2012,98.75867,33667.496,
Bahamas,BHS,2013,98.80143,32402.836,
Bahamas,BHS,2014,98.84419,32712.662,
Bahamas,BHS,2015,98.88696,32777.395,
Bahamas,BHS,2016,98.88696,32172.229,
Bahamas,BHS,2017,98.88696,33049.87,
Bahamas,BHS,2018,98.88696,33650.24,
Bahamas,BHS,2019,98.88696,33202.355,
Bahamas,BHS,1990,,33072.08,
Bahamas,BHS,1991,,31148.826,
Bahamas,BHS,1992,,29412.807,
Bahamas,BHS,1993,,28955.28,
Bahamas,BHS,1994,,29346.287,
Bahamas,BHS,1995,,30128.117,
Bahamas,BHS,1996,,30907.744,
Bahamas,BHS,1997,,30838.947,
Bahamas,BHS,1998,,31836.447,
Bahamas,BHS,1999,,33657.72,
Bahamas,BHS,2020,,26452.525,
Bahamas,BHS,2021,,31064.682,
Bahamas,BHS,2022,,34342.79,
Bahamas,BHS,2023,,35221.31,North America
Bahamas,BHS,2024,,36244.035,
Bahrain,BHR,2000,99.958664,57968.996,
Bahrain,BHR,2001,99.956726,57280.7,
Bahrain,BHR,2002,99.95479,55096.656,
Bahrain,BHR,2003,99.95285,54431.875,
Bahrain,BHR,2004,99.95091,54045.094,
Bahrain,BHR,2005,99.948975,53478.266,
Bahrain,BHR,2006,99.94704,52691.934,
Bahrain,BHR,2007,99.9451,52731.793,
Bahrain,BHR,2008,99.94316,52765.39,
Bahrain,BHR,2009,99.94122,50665.75,
Bahrain,BHR,2010,99.939285,50704.848,
Bahrain,BHR,2011,99.93735,53132.33,
Bahrain,BHR,2012,99.9354,54516.84,
Bahrain,BHR,2013,99.933464,55376.402,
Bahrain,BHR,2014,99.931526,55065.82,
Bahrain,BHR,2015,99.92959,54149.914,
Bahrain,BHR,2016,99.92765,54107.074,
Bahrain,BHR,2017,99.92571,53859.773,
Bahrain,BHR,2018,99.923775,54893.074,
Bahrain,BHR,2019,99.92184,56749.96,
Bahrain,BHR,2020,99.9199,53814.246,
Bahrain,BHR,2021,99.9199,54954.676,
Bahrain,BHR,2022,99.9199,57572.996,
Bahrain,BHR,1990,,41856.543,
Bahrain,BHR,1991,,47644.023,
Bahrain,BHR,1992,,49511.95,
Bahrain,BHR,1993,,54433.137,
Bahrain,BHR,1994,,52886.58,
Bahrain,BHR,1995,,53537.684,
Bahrain,BHR,1996,,54289.438,
Bahrain,BHR,1997,,54512.855,
Bahrain,BHR,1998,,55638.695,
Bahrain,BHR,1999,,56522.227,
Bahrain,BHR,2023,,57819.906,Asia
Bahrain,BHR,2024,,59129.14,
Bangladesh,BGD,2000,95.949196,2712.935,
Bangladesh,BGD,2001,96.119545,2803.5547,
Bangladesh,BGD,2002,96.29316,2866.4346,
Bangladesh,BGD,2003,96.46528,2958.915,
Bangladesh,BGD,2004,96.635826,3071.838,
Bangladesh,BGD,2005,96.80469,3231.6138,
Bangladesh,BGD,2006,96.97189,3407.4272,
Bangladesh,BGD,2007,97.13738,3608.9155,
Bangladesh,BGD,2008,97.301056,3787.9382,
Bangladesh,BGD,2009,97.46287,3942.1362,
Bangladesh,BGD,2010,97.6228,4125.464,
Bangladesh,BGD,2011,97.78076,4352.4263,
Bangladesh,BGD,2012,97.93665,4592.0483,
Bangladesh,BGD,2013,98.09038,4822.726,
Bangladesh,BGD,2014,98.24197,5068.6396,
Bangladesh,BGD,2015,98.39136,5352.7114,
Bangladesh,BGD,2016,98.53858,5682.5356,
Bangladesh,BGD,2017,98.68359,6005.707,
Bangladesh,BGD,2018,98.8264,6392.5933,
Bangladesh,BGD,2019,98.967,6838.326,
Bangladesh,BGD,2020,99.10541,7015.1978,
Bangladesh,BGD,2021,99.21233,7441.0693,
Bangladesh,BGD,2022,99.28415,7888.164,
Bangladesh,BGD,1990,,2069.7822,
Bangladesh,BGD,1991,,2101.3835,
Bangladesh,BGD,1992,,2174.3823,
Bangladesh,BGD,1993,,2234.81,
Bangladesh,BGD,1994,,2279.0942,
Bangladesh,BGD,1995,,2351.7039,
Bangladesh,BGD,1996,,2413.543,
Bangladesh,BGD,1997,,2475.5957,
Bangladesh,BGD,1998,,2555.0613,
Bangladesh,BGD,1999,,2624.0654,
Bangladesh,BGD,2023,,8242.398,Asia
Bangladesh,BGD,2024,,8486.785,
Barbados,BRB,2000,98.59151,18851.576,
Barbados,BRB,2001,98.60154,18380.26,
Barbados,BRB,2002,98.611565,18404.15,
Barbados,BRB,2003,98.6216,18689.342,
Barbados,BRB,2004,98.63162,18845.24,
Barbados,BRB,2005,98.64165,19488.002,
Barbados,BRB,2006,98.65168,20571.81,
Barbados,BRB,2007,98.661705,20899.99,
Barbados,BRB,2008,98.67174,20922.408,
Barbados,BRB,2009,98.68176,19770.527,
Barbados,BRB,2010,98.691795,19253.408,
Barbados,BRB,2011,98.70182,19050.566,
Barbados,BRB,2012,98.71185,18936.088,
Barbados,BRB,2013,98.72188,18695.684,
Barbados,BRB,2014,98.73191,18665.178,
Barbados,BRB,2015,98.741936,18464.664,
Barbados,BRB,2016,98.75197,18754.666,
Barbados,BRB,2017,98.76199,18740.35,
Barbados,BRB,2018,98.772026,18484.697,
Barbados,BRB,2019,98.78205,18572.51,
Barbados,BRB,2020,98.78205,15749.038,
Barbados,BRB,2021,98.78205,15683.885,
Barbados,BRB,2022,98.78205,18469.576,
Barbados,BRB,1990,,16976.762,
Barbados,BRB,1991,,16264.93,
Barbados,BRB,1992,,15286.356,
Barbados,BRB,1993,,15362.728,
Barbados,BRB,1994,,15636.116,
Barbados,BRB,1995,,15925.521,
Barbados,BRB,1996,,16543.328,
Barbados,BRB,1997,,17320.367,
Barbados,BRB,1998,,17963.139,
Barbados,BRB,1999,,18017.693,
Barbados,BRB,2023,,19224.463,North America
Barbados,BRB,2024,,19945.736,
Belarus,BLR,2000,99.71013,11182.455,
Belarus,BLR,2001,99.711815,11771.087,
Belarus,BLR,2002,99.713486,12443.933,
Belarus,BLR,2003,99.71514,13413.927,
Belarus,BLR,2004,99.69609,15052.118,
Belarus,BLR,2005,99.677704,16579.873,
Belarus,BLR,2006,99.65998,18349.871,
Belarus,BLR,2007,99.64291,20019.611,
Belarus,BLR,2008,99.62647,22137.947,
Belarus,BLR,2009,99.61065,22236.838,
Belarus,BLR,2010,99.59595,24012.613,
Belarus,BLR,2011,99.58214,25404.756,
Belarus,BLR,2012,99.56901,25879.133,
Belarus,BLR,2013,99.55656,26147.625,
Belarus,BLR,2014,99.54474,26564.436,
Belarus,BLR,2015,99.533585,25513.213,
Belarus,BLR,2016,99.52304,24846.83,
Belarus,BLR,2017,99.51311,25503.98,
Belarus,BLR,2018,99.50369,26363.463,
Belarus,BLR,2019,99.494774,26798.82,
Belarus,BLR,2020,99.48636,26731.496,
Belarus,BLR,2021,99.478386,27611.18,
Belarus,BLR,2022,99.47085,26537.508,
Belarus,BLR,1990,,12351.636,
Belarus,BLR,1991,,12197.788,
Belarus,BLR,1992,,11002.602,
Belarus,BLR,1993,,10143.984,
Belarus,BLR,1994,,8967.73,
Belarus,BLR,1995,,8061.196,
Belarus,BLR,1996,,8314.856,
Belarus,BLR,1997,,9301.327,
Belarus,BLR,1998,,10128.156,
Belarus,BLR,1999,,10519.749,
Belarus,BLR,2023,,27782.438,Europe
Belarus,BLR,2024,,29037.53,
Belgium,BEL,2000,100,50477.992,
Belgium,BEL,2001,100,50857.824,
Belgium,BEL,2002,100,51494.562,
Belgium,BEL,2003,100,51811.69,
Belgium,BEL,2004,100,53430.254,
Belgium,BEL,2005,100,54370.87,
Belgium,BEL,2006,100,55392.05,
Belgium,BEL,2007,100,57008.6,
Belgium,BEL,2008,99.99999,56812.79,
Belgium,BEL,2009,100,55283.086,
Belgium,BEL,2010,100,56265.016,
Belgium,BEL,2011,99.99999,56610.266,
Belgium,BEL,2012,100,56381.688,
Belgium,BEL,2013,99.99999,56287.996,
Belgium,BEL,2014,100,57028.06,
Belgium,BEL,2015,100,57534.4,
Belgium,BEL,2016,100,57927.043,
Belgium,BEL,2017,100,58555.152,
Belgium,BEL,2018,100,59383.88,
Belgium,BEL,2019,100,60506.66,
Belgium,BEL,2020,100,57358.836,
Belgium,BEL,2021,100,60669.215,
Belgium,BEL,2022,100,62744.203,
Belgium,BEL,1990,,41658.43,
Belgium,BEL,1991,,42264.715,
Belgium,BEL,1992,,42737.895,
Belgium,BEL,1993,,42161.79,
Belgium,BEL,1994,,43388.41,
Belgium,BEL,1995,,44330.176,
Belgium,BEL,1996,,44828.293,
Belgium,BEL,1997,,46416.473,
Belgium,BEL,1998,,47226.137,
Belgium,BEL,1999,,48787.28,
Belgium,BEL,2023,,62920.645,Europe
Belgium,BEL,2024,,63083.184,
Belize,BLZ,2000,88.517784,11352.719,
Belize,BLZ,2001,89.177086,11555.907,
Belize,BLZ,2002,89.836464,11816.598,
Belize,BLZ,2003,90.49592,12577.097,
Belize,BLZ,2004,91.15545,12794.806,
Belize,BLZ,2005,91.81504,12702.742,
Belize,BLZ,2006,92.47472,12900.111,
Belize,BLZ,2007,93.13447,12962.467,
Belize,BLZ,2008,93.79429,12398.513,
Belize,BLZ,2009,94.45418,12024.196,
Belize,BLZ,2010,95.11415,11868.438,
Belize,BLZ,2011,95.77485,11584.285,
Belize,BLZ,2012,96.436195,11761.563,
Belize,BLZ,2013,97.09808,12026.071,
Belize,BLZ,2014,97.760345,12249.222,
Belize,BLZ,2015,98.403534,12339.48,
Belize,BLZ,2016,98.81997,12062.798,
Belize,BLZ,2017,99.23529,11574.452,
Belize,BLZ,2018,99.64912,11486.803,
Belize,BLZ,2019,99.65004,11803.088,
Belize,BLZ,2020,99.65107,10032.545,
Belize,BLZ,2021,99.6522,11677.461,
Belize,BLZ,2022,99.653465,12569.818,
Belize,BLZ,1990,,8243.732,
Belize,BLZ,1991,,9019.605,
Belize,BLZ,1992,,9957.971,
Belize,BLZ,1993,,10356.671,
Belize,BLZ,1994,,10136.446,
Belize,BLZ,1995,,9958.204,
Belize,BLZ,1996,,9773.262,
Belize,BLZ,1997,,9852.857,
Belize,BLZ,1998,,9884.917,
Belize,BLZ,1999,,10450.553,
Belize,BLZ,2023,,12455.296,North America
Belize,BLZ,2024,,13277.936,
Benin,BEN,2000,69.105125,2536.169,
Benin,BEN,2001,69.40901,2591.065,
Benin,BEN,2002,69.72205,2630.1807,
Benin,BEN,2003,70.05103,2639.0437,
Benin,BEN,2004,70.37543,2672.844,
Benin,BEN,2005,70.69487,2632.4724,
Benin,BEN,2006,71.00951,2652.2185,
Benin,BEN,2007,71.31944,2729.1375,
Benin,BEN,2008,71.62449,2777.6196,
Benin,BEN,2009,71.92434,2758.0725,
Benin,BEN,2010,72.21927,2733.574,
Benin,BEN,2011,72.50923,2732.0125,
Benin,BEN,2012,72.79421,2779.7266,
Benin,BEN,2013,73.07393,2893.0466,
Benin,BEN,2014,73.34921,2987.3823,
Benin,BEN,2015,73.61972,2952.0022,
Benin,BEN,2016,73.88539,2962.6638,
Benin,BEN,2017,74.14613,3041.7793,
Benin,BEN,2018,74.40188,3155.4512,
Benin,BEN,2019,74.65255,3281.1047,
Benin,BEN,2020,74.89807,3317.8596,
Benin,BEN,2021,75.1382,3464.2886,
Benin,BEN,2022,75.37304,3588.3252,
Benin,BEN,1990,,2207.0679,
Benin,BEN,1991,,2230.4604,
Benin,BEN,1992,,2226.5667,
Benin,BEN,1993,,2254.2456,
Benin,BEN,1994,,2215.3662,
Benin,BEN,1995,,2300.141,
Benin,BEN,1996,,2337.6304,
Benin,BEN,1997,,2399.786,
Benin,BEN,1998,,2419.1,
Benin,BEN,1999,,2470.685,
Benin,BEN,2023,,3721.2126,Africa
Benin,BEN,2024,,3901.326,
Bermuda,BMU,2000,99.99414,98019.93,
Bermuda,BMU,2001,99.98656,104560.836,
Bermuda,BMU,2002,99.97897,102559.766,
Bermuda,BMU,2003,99.97139,105642.98,
Bermuda,BMU,2004,99.963806,107803.2,
Bermuda,BMU,2005,99.95622,109335.38,
Bermuda,BMU,2006,99.94864,115170.9,
Bermuda,BMU,2007,99.941055,118691.07,
Bermuda,BMU,2008,99.93347,115942.73,
Bermuda,BMU,2009,99.92589,108962.82,
Bermuda,BMU,2010,99.918304,105968.875,
Bermuda,BMU,2011,99.91072,101989.93,
Bermuda,BMU,2012,99.90314,96711.07,
Bermuda,BMU,2013,99.90314,96549.79,
Bermuda,BMU,2014,99.90314,93042.27,
Bermuda,BMU,2015,99.90314,93859.875,
Bermuda,BMU,2016,99.90314,93265.07,
Bermuda,BMU,2017,99.90314,96437.195,
Bermuda,BMU,2018,99.90314,95639.23,
Bermuda,BMU,2019,99.90314,95519.92,
Bermuda,BMU,2020,99.90314,88618.086,
Bermuda,BMU,2021,99.90314,92319.67,
Bermuda,BMU,2022,99.90314,98145.17,
Bermuda,BMU,1990,,79747.484,
Bermuda,BMU,1991,,76365.05,
Bermuda,BMU,1992,,75766.695,
Bermuda,BMU,1993,,77503.46,
Bermuda,BMU,1994,,77470.3,
Bermuda,BMU,1995,,80427.24,
Bermuda,BMU,1996,,82122.78,
Bermuda,BMU,1997,,85380.836,
Bermuda,BMU,1998,,88034.81,
Bermuda,BMU,1999,,90290.56,
Bermuda,BMU,2023,,103052.35,North America
Bermuda,BMU,2024,,105322.914,
Bhutan,BTN,2000,84.3614,5287.574,
Bhutan,BTN,2001,85.50157,5545.6304,
Bhutan,BTN,2002,86.62056,5991.255,
Bhutan,BTN,2003,87.71733,6323.541,
Bhutan,BTN,2004,88.79101,6517.997,
Bhutan,BTN,2005,89.83453,6850.804,
Bhutan,BTN,2006,90.805305,7140.856,
Bhutan,BTN,2007,91.75895,8195.07,
Bhutan,BTN,2008,92.69508,8470.035,
Bhutan,BTN,2009,93.61312,9019.118,
Bhutan,BTN,2010,94.51293,9985.284,
Bhutan,BTN,2011,95.394196,10714.687,
Bhutan,BTN,2012,96.2559,11143.944,
Bhutan,BTN,2013,97.09819,11212.4795,
Bhutan,BTN,2014,97.92136,11744.519,
Bhutan,BTN,2015,98.72572,12400.298,
Bhutan,BTN,2016,99.344795,13320.976,
Bhutan,BTN,2017,99.732254,13482.343,
Bhutan,BTN,2018,99.74455,13854.8545,
Bhutan,BTN,2019,99.757545,14555.188,
Bhutan,BTN,2020,99.771194,12979.937,
Bhutan,BTN,2021,99.7855,13458.8125,
Bhutan,BTN,2022,99.78212,14061.3125,
Bhutan,BTN,1990,,3411.3838,
Bhutan,BTN,1991,,3338.0095,
Bhutan,BTN,1992,,3624.598,
Bhutan,BTN,1993,,3850.5513,
Bhutan,BTN,1994,,4042.4941,
Bhutan,BTN,1995,,4379.8706,
Bhutan,BTN,1996,,4616.92,
Bhutan,BTN,1997,,4778.705,
Bhutan,BTN,1998,,4965.8765,
Bhutan,BTN,1999,,5241.3667,
Bhutan,BTN,2023,,14645.266,Asia
Bolivia,BOL,2000,81.118546,6146.0293,
Bolivia,BOL,2001,81.83047,6144.9785,
Bolivia,BOL,2002,82.518265,6193.2637,
Bolivia,BOL,2003,83.19353,6255.5156,
Bolivia,BOL,2004,83.85999,6407.838,
Bolivia,BOL,2005,84.51704,6579.3125,
Bolivia,BOL,2006,85.16574,6778.385,
Bolivia,BOL,2007,85.80519,6967.57,
Bolivia,BOL,2008,86.43641,7272.166,
Bolivia,BOL,2009,87.05851,7392.1626,
Bolivia,BOL,2010,87.67192,7571.678,
Bolivia,BOL,2011,88.27698,7837.493,
Bolivia,BOL,2012,88.87347,8108.205,
Bolivia,BOL,2013,89.44728,8524.032,
Bolivia,BOL,2014,90.00526,8851.712,
Bolivia,BOL,2015,90.556656,9141.929,
Bolivia,BOL,2016,91.101776,9390.791,
Bolivia,BOL,2017,91.6402,9642.813,
Bolivia,BOL,2018,92.173294,9907.0625,
Bolivia,BOL,2019,92.701004,9985.23,
Bolivia,BOL,2020,93.22304,9000.976,
Bolivia,BOL,2021,93.73934,9454.198,
Bolivia,BOL,2022,94.25005,9681.707,
Bolivia,BOL,1990,,5124.488,
Bolivia,BOL,1991,,5283.118,
Bolivia,BOL,1992,,5261.6616,
Bolivia,BOL,1993,,5378.544,
Bolivia,BOL,1994,,5521.66,
Bolivia,BOL,1995,,5671.822,
Bolivia,BOL,1996,,5810.6743,
Bolivia,BOL,1997,,5989.4146,
Bolivia,BOL,1998,,6180.55,
Bolivia,BOL,1999,,6099.5117,
Bolivia,BOL,2023,,9843.97,South America
Bolivia,BOL,2024,,9844.276,
Bonaire Sint Eustatius and Saba,BES,2023,,,North America
"Bonaire, Sint Eustatius and Saba",,2000,98.62191,,
"Bonaire, Sint Eustatius and Saba",,2001,98.68754,,
"Bonaire, Sint Eustatius and Saba",,2002,98.75316,,
"Bonaire, Sint Eustatius and Saba",,2003,98.81879,,
"Bonaire, Sint Eustatius and Saba",,2004,98.88441,,
"Bonaire, Sint Eustatius and Saba",,2005,98.95003,,
"Bonaire, Sint Eustatius and Saba",,2006,99.015656,,
"Bonaire, Sint Eustatius and Saba",,2007,99.081276,,
"Bonaire, Sint Eustatius and Saba",,2008,99.1469,,
"Bonaire, Sint Eustatius and Saba",,2009,99.212524,,
"Bonaire, Sint Eustatius and Saba",,2010,99.278145,,
"Bonaire, Sint Eustatius and Saba",,2011,99.343765,,
"Bonaire, Sint Eustatius and Saba",,2012,99.40939,,
"Bonaire, Sint Eustatius and Saba",,2013,99.47501,,
"Bonaire, Sint Eustatius and Saba",,2014,99.540634,,
"Bonaire, Sint Eustatius and Saba",,2015,99.60626,,
"Bonaire, Sint Eustatius and Saba",,2016,99.67188,,
"Bonaire, Sint Eustatius and Saba",,2017,99.73751,,
"Bonaire, Sint Eustatius and Saba",,2018,99.80313,,
"Bonaire, Sint Eustatius and Saba",,2019,99.86875,,
"Bonaire, Sint Eustatius and Saba",,2020,99.93438,,
"Bonaire, Sint Eustatius and Saba",,2021,100,,
"Bonaire, Sint Eustatius and Saba",,2022,100,,
Bosnia and Herzegovina,BIH,2000,98.398994,7827.902,
Bosnia and Herzegovina,BIH,2001,98.52971,7979.8687,
Bosnia and Herzegovina,BIH,2002,98.659386,8363.914,
Bosnia and Herzegovina,BIH,2003,98.788,8707.065,
Bosnia and Herzegovina,BIH,2004,98.91558,9341.728,
Bosnia and Herzegovina,BIH,2005,99.04207,9811.211,
Bosnia and Herzegovina,BIH,2006,99.167496,10426.948,
Bosnia and Herzegovina,BIH,2007,99.29186,11174.76,
Bosnia and Herzegovina,BIH,2008,99.41515,11979.741,
Bosnia and Herzegovina,BIH,2009,99.53737,11822.724,
Bosnia and Herzegovina,BIH,2010,99.658516,12138.83,
Bosnia and Herzegovina,BIH,2011,99.77859,12483.503,
Bosnia and Herzegovina,BIH,2012,99.82832,12622.734,
Bosnia and Herzegovina,BIH,2013,99.92761,13131.355,
Bosnia and Herzegovina,BIH,2014,99.94034,13454.384,
Bosnia and Herzegovina,BIH,2015,99.93991,14219.543,
Bosnia and Herzegovina,BIH,2016,99.939476,14873.068,
Bosnia and Herzegovina,BIH,2017,99.93902,15554.06,
Bosnia and Herzegovina,BIH,2018,99.938545,16348.134,
Bosnia and Herzegovina,BIH,2019,99.938065,17028.643,
Bosnia and Herzegovina,BIH,2020,99.93756,16746.39,
Bosnia and Herzegovina,BIH,2021,99.93704,18285.672,
Bosnia and Herzegovina,BIH,2022,99.936516,19297.072,
Bosnia and Herzegovina,BIH,1990,,2413.1367,
Bosnia and Herzegovina,BIH,1991,,2182.801,
Bosnia and Herzegovina,BIH,1992,,2150.1965,
Bosnia and Herzegovina,BIH,1993,,2281.132,
Bosnia and Herzegovina,BIH,1994,,2656.9207,
Bosnia and Herzegovina,BIH,1995,,3089.3523,
Bosnia and Herzegovina,BIH,1996,,4567.466,
Bosnia and Herzegovina,BIH,1997,,6018.9614,
Bosnia and Herzegovina,BIH,1998,,6897.0063,
Bosnia and Herzegovina,BIH,1999,,7478.8203,
Bosnia and Herzegovina,BIH,2023,,19803.846,Europe
Bosnia and Herzegovina,BIH,2024,,20428.525,
Botswana,BWA,2000,95.643974,13185.817,
Botswana,BWA,2001,95.75694,12949.641,
Botswana,BWA,2002,95.83829,13479.696,
Botswana,BWA,2003,95.91312,13857.259,
Botswana,BWA,2004,95.98551,13984.842,
Botswana,BWA,2005,96.055275,14361.958,
Botswana,BWA,2006,96.12263,15275.583,
Botswana,BWA,2007,96.26038,15850.234,
Botswana,BWA,2008,96.389305,16040.315,
Botswana,BWA,2009,96.50878,13489.951,
Botswana,BWA,2010,96.6193,14545.02,
Botswana,BWA,2011,96.72078,15236.719,
Botswana,BWA,2012,96.78449,14957.619,
Botswana,BWA,2013,96.83829,16369.425,
Botswana,BWA,2014,96.887436,17052.193,
Botswana,BWA,2015,96.93196,15994.964,
Botswana,BWA,2016,96.97195,16905.588,
Botswana,BWA,2017,97.00737,17352.896,
Botswana,BWA,2018,97.037926,17825.02,
Botswana,BWA,2019,97.06383,18106.01,
Botswana,BWA,2020,97.08518,16289.392,
Botswana,BWA,2021,97.10214,17960.625,
Botswana,BWA,2022,97.12273,18647.373,
Botswana,BWA,1990,,10520.918,
Botswana,BWA,1991,,11001.802,
Botswana,BWA,1992,,11008.681,
Botswana,BWA,1993,,10902.951,
Botswana,BWA,1994,,10989.67,
Botswana,BWA,1995,,11457.699,
Botswana,BWA,1996,,11832.938,
Botswana,BWA,1997,,12526.353,
Botswana,BWA,1998,,12306.25,
Botswana,BWA,1999,,13207.447,
Botswana,BWA,2023,,18932.48,Africa
Botswana,BWA,2024,,18068.506,
Brazil,BRA,2000,94.07708,14005.348,
Brazil,BRA,2001,94.41835,14016.132,
Brazil,BRA,2002,94.74546,14265.905,
Brazil,BRA,2003,95.06534,14259.366,
Brazil,BRA,2004,95.377914,14911.261,
Brazil,BRA,2005,95.68334,15221.014,
Brazil,BRA,2006,95.98193,15657.4795,
Brazil,BRA,2007,96.2738,16440.584,
Brazil,BRA,2008,96.55906,17113.367,
Brazil,BRA,2009,96.83757,16939.441,
Brazil,BRA,2010,97.10975,18062.158,
Brazil,BRA,2011,97.376785,18627.81,
Brazil,BRA,2012,97.63756,18832.219,
Brazil,BRA,2013,97.89198,19241.506,
Brazil,BRA,2014,98.14051,19183.172,
Brazil,BRA,2015,98.383064,18357.068,
Brazil,BRA,2016,98.53009,17620.928,
Brazil,BRA,2017,98.85073,17724.48,
Brazil,BRA,2018,99.076126,17917.75,
Brazil,BRA,2019,99.2962,18018.621,
Brazil,BRA,2020,99.44741,17327.516,
Brazil,BRA,2021,99.5894,18075.705,
Brazil,BRA,2022,99.59377,18554.047,
Brazil,BRA,1990,,12633.288,
Brazil,BRA,1991,,12546.561,
Brazil,BRA,1992,,12271.979,
Brazil,BRA,1993,,12669.429,
Brazil,BRA,1994,,13202.931,
Brazil,BRA,1995,,13550.439,
Brazil,BRA,1996,,13641.63,
Brazil,BRA,1997,,13896.625,
Brazil,BRA,1998,,13737.703,
Brazil,BRA,1999,,13602.414,
Brazil,BRA,2023,,19079.812,South America
Brazil,BRA,2024,,19647.91,
British Indian Ocean Territory,IOT,2023,,,Asia
British Virgin Islands,VGB,2000,95.30274,,
British Virgin Islands,VGB,2001,95.68288,,
British Virgin Islands,VGB,2002,96.06301,,
British Virgin Islands,VGB,2003,96.44315,,
British Virgin Islands,VGB,2004,96.82329,,
British Virgin Islands,VGB,2005,97.20342,,
British Virgin Islands,VGB,2006,97.583565,,
British Virgin Islands,VGB,2007,97.9637,,
British Virgin Islands,VGB,2008,98.343834,,
British Virgin Islands,VGB,2009,98.723976,,
British Virgin Islands,VGB,2010,99.10411,,
British Virgin Islands,VGB,2011,99.484245,,
British Virgin Islands,VGB,2012,99.86438,,
British Virgin Islands,VGB,2013,99.86438,,
British Virgin Islands,VGB,2014,99.86438,,
British Virgin Islands,VGB,2015,99.86438,,
British Virgin Islands,VGB,2016,99.86438,,
British Virgin Islands,VGB,2017,99.86438,,
British Virgin Islands,VGB,2018,99.86438,,
British Virgin Islands,VGB,2019,99.86438,,
British Virgin Islands,VGB,2020,99.86438,,
British Virgin Islands,VGB,2021,99.86438,,
British Virgin Islands,VGB,2022,99.86438,,
British Virgin Islands,VGB,2023,,,North America
Brunei,BRN,2000,99.90002,100323.44,
Brunei,BRN,2001,99.90002,99680.766,
Brunei,BRN,2002,99.90002,101571.586,
Brunei,BRN,2003,99.90002,103226.914,
Brunei,BRN,2004,99.90002,101497.76,
Brunei,BRN,2005,99.90002,99795.69,
Brunei,BRN,2006,99.90002,102248.51,
Brunei,BRN,2007,99.900024,96752.62,
Brunei,BRN,2008,99.900024,91275.5,
Brunei,BRN,2009,99.900024,87875.83,
Brunei,BRN,2010,99.900024,88586.516,
Brunei,BRN,2011,99.90003,90279.664,
Brunei,BRN,2012,99.90003,89718.46,
Brunei,BRN,2013,99.90003,86606.65,
Brunei,BRN,2014,99.90003,83310.62,
Brunei,BRN,2015,99.90004,81910.19,
Brunei,BRN,2016,99.90004,78880.625,
Brunei,BRN,2017,99.90004,78966.87,
Brunei,BRN,2018,99.90004,78099.05,
Brunei,BRN,2019,99.90005,80228.16,
Brunei,BRN,2020,99.90005,80280.9,
Brunei,BRN,2021,99.90005,78248.8,
Brunei,BRN,2022,99.900055,76357.83,
Brunei,BRN,1990,,118163.68,
Brunei,BRN,1991,,118220.69,
Brunei,BRN,1992,,111457.22,
Brunei,BRN,1993,,107899.13,
Brunei,BRN,1994,,106239.234,
Brunei,BRN,1995,,105043.85,
Brunei,BRN,1996,,102522.125,
Brunei,BRN,1997,,106503.42,
Brunei,BRN,1998,,97171.64,
Brunei,BRN,1999,,99083.32,
Brunei,BRN,2023,,76616.7,Asia
Brunei,BRN,2024,,79184.09,
Bulgaria,BGR,2000,99.81302,12558.974,
Bulgaria,BGR,2001,99.77143,13301.355,
Bulgaria,BGR,2002,99.73061,14391.43,
Bulgaria,BGR,2003,99.69052,15265.574,
Bulgaria,BGR,2004,99.65116,16382.618,
Bulgaria,BGR,2005,99.612526,17671.193,
Bulgaria,BGR,2006,99.574585,19017.182,
Bulgaria,BGR,2007,99.53736,20432.344,
Bulgaria,BGR,2008,99.50083,21837.502,
Bulgaria,BGR,2009,99.46499,21242.994,
Bulgaria,BGR,2010,99.42983,21715.879,
Bulgaria,BGR,2011,99.39534,22312.395,
Bulgaria,BGR,2012,99.36156,22610.057,
Bulgaria,BGR,2013,99.32848,22945.514,
Bulgaria,BGR,2014,99.29611,23446.406,
Bulgaria,BGR,2015,99.26446,24553.145,
Bulgaria,BGR,2016,99.233505,25626.824,
Bulgaria,BGR,2017,99.20327,26681.43,
Bulgaria,BGR,2018,99.17373,27739.502,
Bulgaria,BGR,2019,99.144875,29199.834,
Bulgaria,BGR,2020,99.11674,28545.709,
Bulgaria,BGR,2021,99.0893,30971.914,
Bulgaria,BGR,2022,99.06253,32433.15,
Bulgaria,BGR,1990,,14954.217,
Bulgaria,BGR,1991,,13827.556,
Bulgaria,BGR,1992,,12960.393,
Bulgaria,BGR,1993,,12870.809,
Bulgaria,BGR,1994,,13149.379,
Bulgaria,BGR,1995,,13586.095,
Bulgaria,BGR,1996,,14367.21,
Bulgaria,BGR,1997,,12414.573,
Bulgaria,BGR,1998,,12971.246,
Bulgaria,BGR,1999,,11948.973,
Bulgaria,BGR,2023,,33139.938,Europe
Bulgaria,BGR,2024,,34083.234,
Burkina Faso,BFA,2000,67.97092,1428.574,
Burkina Faso,BFA,2001,68.16255,1477.2849,
Burkina Faso,BFA,2002,68.725204,1494.678,
Burkina Faso,BFA,2003,69.29048,1561.8331,
Burkina Faso,BFA,2004,69.85909,1581.2562,
Burkina Faso,BFA,2005,70.42983,1664.9955,
Burkina Faso,BFA,2006,71.00337,1714.7604,
Burkina Faso,BFA,2007,71.53557,1731.9304,
Burkina Faso,BFA,2008,72.03405,1779.3271,
Burkina Faso,BFA,2009,72.53227,1779.323,
Burkina Faso,BFA,2010,73.030685,1873.9714,
Burkina Faso,BFA,2011,73.52925,1939.8666,
Burkina Faso,BFA,2012,74.02766,2003.6647,
Burkina Faso,BFA,2013,74.525856,2057.064,
Burkina Faso,BFA,2014,75.02405,2083.1985,
Burkina Faso,BFA,2015,75.52194,2101.7026,
Burkina Faso,BFA,2016,76.019485,2162.7258,
Burkina Faso,BFA,2017,76.5159,2232.2878,
Burkina Faso,BFA,2018,77.011406,2316.3943,
Burkina Faso,BFA,2019,77.506195,2391.5364,
Burkina Faso,BFA,2020,77.999756,2380.9316,
Burkina Faso,BFA,2021,78.492294,2486.431,
Burkina Faso,BFA,2022,78.983315,2466.0532,
Burkina Faso,BFA,1990,,1107.856,
Burkina Faso,BFA,1991,,1178.077,
Burkina Faso,BFA,1992,,1152.0448,
Burkina Faso,BFA,1993,,1162.6493,
Burkina Faso,BFA,1994,,1148.6072,
Burkina Faso,BFA,1995,,1183.5286,
Burkina Faso,BFA,1996,,1280.696,
Burkina Faso,BFA,1997,,1326.9423,
Burkina Faso,BFA,1998,,1385.0931,
Burkina Faso,BFA,1999,,1444.5669,
Burkina Faso,BFA,2023,,2482.0723,Africa
Burkina Faso,BFA,2024,,2547.9326,
Burundi,BDI,2000,70.08499,988.03687,
Burundi,BDI,2001,70.67982,983.39685,
Burundi,BDI,2002,71.27577,998.5613,
Burundi,BDI,2003,71.87266,955.6692,
Burundi,BDI,2004,72.470474,965.2041,
Burundi,BDI,2005,73.069214,938.3816,
Burundi,BDI,2006,73.669075,954.19086,
Burundi,BDI,2007,74.26985,951.2901,
Burundi,BDI,2008,74.87195,957.22266,
Burundi,BDI,2009,75.474754,944.62994,
Burundi,BDI,2010,76.07907,947.6214,
Burundi,BDI,2011,76.68469,951.1885,
Burundi,BDI,2012,77.29141,958.6574,
Burundi,BDI,2013,77.89983,970.37537,
Burundi,BDI,2014,78.50935,977.76587,
Burundi,BDI,2015,79.12036,918.5572,
Burundi,BDI,2016,79.73286,897.45905,
Burundi,BDI,2017,80.34683,880.99347,
Burundi,BDI,2018,80.96229,868.5555,
Burundi,BDI,2019,81.579216,855.7327,
Burundi,BDI,2020,81.64681,833.9202,
Burundi,BDI,2021,81.715996,836.6656,
Burundi,BDI,2022,81.78696,829.38715,
Burundi,BDI,1990,,1396.0776,
Burundi,BDI,1991,,1435.8196,
Burundi,BDI,1992,,1412.0605,
Burundi,BDI,1993,,1366.2921,
Burundi,BDI,1994,,1305.452,
Burundi,BDI,1995,,1132.2188,
Burundi,BDI,1996,,1040.9224,
Burundi,BDI,1997,,1024.45,
Burundi,BDI,1998,,1052.807,
Burundi,BDI,1999,,1017.4978,
Burundi,BDI,2023,,828.58295,Africa
Burundi,BDI,2024,,835.62085,
Cambodia,KHM,2000,51.89988,1922.0317,
Cambodia,KHM,2001,53.608425,2032.0809,
Cambodia,KHM,2002,55.314846,2126.3416,
Cambodia,KHM,2003,57.019142,2309.8394,
Cambodia,KHM,2004,58.72161,2491.3093,
Cambodia,KHM,2005,60.42223,2781.8904,
Cambodia,KHM,2006,62.12069,3041.1047,
Cambodia,KHM,2007,63.817265,3308.1575,
Cambodia,KHM,2008,65.5218,3501.9258,
Cambodia,KHM,2009,67.275276,3587.609,
Cambodia,KHM,2010,69.02347,3711.5376,
Cambodia,KHM,2011,70.76624,3921.979,
Cambodia,KHM,2012,72.50347,4159.1636,
Cambodia,KHM,2013,74.23479,4419.399,
Cambodia,KHM,2014,75.96051,4702.7305,
Cambodia,KHM,2015,77.680275,4968.5728,
Cambodia,KHM,2016,79.39394,5283.7295,
Cambodia,KHM,2017,81.10119,5632.0312,
Cambodia,KHM,2018,82.80296,6050.591,
Cambodia,KHM,2019,84.498825,6448.885,
Cambodia,KHM,2020,86.1887,6128.782,
Cambodia,KHM,2021,87.789696,6225.5327,
Cambodia,KHM,2022,89.54703,6458.368,
Cambodia,KHM,1990,,2646.098,
Cambodia,KHM,1991,,2731.3796,
Cambodia,KHM,1992,,2769.4883,
Cambodia,KHM,1993,,2714.5916,
Cambodia,KHM,1994,,1650.391,
Cambodia,KHM,1995,,1672.7393,
Cambodia,KHM,1996,,1643.0157,
Cambodia,KHM,1997,,1595.1713,
Cambodia,KHM,1998,,1602.3837,
Cambodia,KHM,1999,,1775.4124,
Cambodia,KHM,2023,,6695.292,Asia
Cambodia,KHM,2024,,7011.5815,
Cameroon,CMR,2000,62.869457,3822.9443,
Cameroon,CMR,2001,63.945972,3884.873,
Cameroon,CMR,2002,65.01155,3951.4194,
Cameroon,CMR,2003,66.06567,4054.7812,
Cameroon,CMR,2004,67.108734,4222.9663,
Cameroon,CMR,2005,68.13939,4199.7227,
Cameroon,CMR,2006,69.15852,4241.5176,
Cameroon,CMR,2007,70.166084,4302.619,
Cameroon,CMR,2008,71.16206,4300.2666,
Cameroon,CMR,2009,72.14603,4286.577,
Cameroon,CMR,2010,73.118355,4286.583,
Cameroon,CMR,2011,74.07864,4307.852,
Cameroon,CMR,2012,75.0269,4382.1113,
Cameroon,CMR,2013,75.96276,4473.5723,
Cameroon,CMR,2014,76.88625,4588.4863,
Cameroon,CMR,2015,77.79741,4698.667,
Cameroon,CMR,2016,78.696266,4767.132,
Cameroon,CMR,2017,79.58221,4797.9756,
Cameroon,CMR,2018,80.45593,4851.48,
Cameroon,CMR,2019,81.31689,4882.3555,
Cameroon,CMR,2020,82.16545,4763.482,
Cameroon,CMR,2021,83.001114,4793.556,
Cameroon,CMR,2022,83.82428,4843.6504,
Cameroon,CMR,1990,,4517.6187,
Cameroon,CMR,1991,,4220.653,
Cameroon,CMR,1992,,3974.2776,
Cameroon,CMR,1993,,3556.3186,
Cameroon,CMR,1994,,3522.7488,
Cameroon,CMR,1995,,3526.5437,
Cameroon,CMR,1996,,3577.592,
Cameroon,CMR,1997,,3641.7075,
Cameroon,CMR,1998,,3714.132,
Cameroon,CMR,1999,,3780.0623,
Cameroon,CMR,2023,,4870.571,Africa
Cameroon,CMR,2024,,4919.1416,
Canada,CAN,2000,99.22699,48399.305,
Canada,CAN,2001,99.231514,48774.168,
Canada,CAN,2002,99.232574,49695.008,
Canada,CAN,2003,99.23365,50139.785,
Canada,CAN,2004,99.23471,51210.68,
Canada,CAN,2005,99.23464,52356.56,
Canada,CAN,2006,99.23462,53195.78,
Canada,CAN,2007,99.2355,53761.863,
Canada,CAN,2008,99.23608,53711.68,
Canada,CAN,2009,99.23636,51552.42,
Canada,CAN,2010,99.23635,52558.44,
Canada,CAN,2011,99.23589,53681.13,
Canada,CAN,2012,99.23432,54034.805,
Canada,CAN,2013,99.23269,54712.18,
Canada,CAN,2014,99.23098,55723.484,
Canada,CAN,2015,99.22922,55660.867,
Canada,CAN,2016,99.227394,55606.156,
Canada,CAN,2017,99.22553,56612.33,
Canada,CAN,2018,99.22363,57337.492,
Canada,CAN,2019,99.22166,57583.848,
Canada,CAN,2020,99.22181,54092.88,
Canada,CAN,2021,99.221985,56995.117,
Canada,CAN,2022,99.22218,58321.062,
Canada,CAN,1990,,40475.113,
Canada,CAN,1991,,39139.312,
Canada,CAN,1992,,39023.184,
Canada,CAN,1993,,39622.48,
Canada,CAN,1994,,40952.137,
Canada,CAN,1995,,41617.723,
Canada,CAN,1996,,41880.55,
Canada,CAN,1997,,43241.242,
Canada,CAN,1998,,44553.28,
Canada,CAN,1999,,46464.547,
Canada,CAN,2023,,57517.44,North America
Canada,CAN,2024,,56691.906,
Cape Verde,CPV,2000,90.290215,4510.1357,
Cape Verde,CPV,2001,90.47917,4540.907,
Cape Verde,CPV,2002,90.6635,4710.241,
Cape Verde,CPV,2003,90.842995,4841.2656,
Cape Verde,CPV,2004,91.244995,5268.303,
Cape Verde,CPV,2005,91.64883,5565.7695,
Cape Verde,CPV,2006,92.05469,5941.3823,
Cape Verde,CPV,2007,92.46234,6767.4067,
Cape Verde,CPV,2008,92.871994,7169.1396,
Cape Verde,CPV,2009,93.28315,6994.574,
Cape Verde,CPV,2010,93.69515,7072.1216,
Cape Verde,CPV,2011,94.08454,7325.784,
Cape Verde,CPV,2012,94.47509,7397.8223,
Cape Verde,CPV,2013,94.86674,7440.6626,
Cape Verde,CPV,2014,95.25945,7491.022,
Cape Verde,CPV,2015,95.65322,7560.1367,
Cape Verde,CPV,2016,96.04777,7881.303,
Cape Verde,CPV,2017,96.44299,8234.56,
Cape Verde,CPV,2018,96.83894,8531.13,
Cape Verde,CPV,2019,97.003006,9111.63,
Cape Verde,CPV,2020,97.132195,7207.8687,
Cape Verde,CPV,2021,97.25838,7685.4194,
Cape Verde,CPV,2022,97.29529,8850.106,
Cape Verde,CPV,1990,,1848.7587,
Cape Verde,CPV,1991,,1830.076,
Cape Verde,CPV,1992,,1984.6807,
Cape Verde,CPV,1993,,2111.6213,
Cape Verde,CPV,1994,,2465.994,
Cape Verde,CPV,1995,,2763.3972,
Cape Verde,CPV,1996,,3022.8882,
Cape Verde,CPV,1997,,3302.974,
Cape Verde,CPV,1998,,3657.381,
Cape Verde,CPV,1999,,4006.4797,
Cape Verde,CPV,2023,,9280.9795,Africa
Cape Verde,CPV,2024,,9907.589,
Cayman Islands,CYM,2001,96.13927,,
Cayman Islands,CYM,2002,96.13927,,
Cayman Islands,CYM,2003,96.13927,,
Cayman Islands,CYM,2004,96.13927,,
Cayman Islands,CYM,2005,96.13927,,
Cayman Islands,CYM,2006,96.10153,92169.88,
Cayman Islands,CYM,2007,96.063805,92300.48,
Cayman Islands,CYM,2008,96.02608,89338.29,
Cayman Islands,CYM,2009,95.98834,80594.08,
Cayman Islands,CYM,2010,95.950615,76259.03,
Cayman Islands,CYM,2011,95.91288,75059.66,
Cayman Islands,CYM,2012,95.87515,73948.02,
Cayman Islands,CYM,2013,95.837425,72954.52,
Cayman Islands,CYM,2014,95.79969,73017.59,
Cayman Islands,CYM,2015,95.76196,73281.05,
Cayman Islands,CYM,2016,95.724236,73907.23,
Cayman Islands,CYM,2017,95.6865,74564.74,
Cayman Islands,CYM,2018,95.64877,76088.9,
Cayman Islands,CYM,2019,95.611046,77440.555,
Cayman Islands,CYM,2020,95.57331,72149.33,
Cayman Islands,CYM,2021,95.53558,74150.86,
Cayman Islands,CYM,2022,95.497856,76359.09,
Cayman Islands,CYM,2023,,78109.35,North America
Central African Republic,CAF,2000,67.17525,1245.814,
Central African Republic,CAF,2001,66.90515,1272.857,
Central African Republic,CAF,2002,66.63561,1290.3832,
Central African Republic,CAF,2003,66.366295,1191.8732,
Central African Republic,CAF,2004,66.09719,1236.2854,
Central African Republic,CAF,2005,65.83554,1219.594,
Central African Republic,CAF,2006,65.58142,1251.8708,
Central African Republic,CAF,2007,65.335266,1284.5529,
Central African Republic,CAF,2008,65.09682,1283.2728,
Central African Republic,CAF,2009,64.86615,1402.6816,
Central African Republic,CAF,2010,64.6437,1479.4137,
Central African Republic,CAF,2011,64.429214,1517.1484,
Central African Republic,CAF,2012,64.22312,1577.9806,
Central African Republic,CAF,2013,64.025505,996.89636,
Central African Republic,CAF,2014,63.836098,1001.85596,
Central African Republic,CAF,2015,63.655342,1043.9218,
Central African Republic,CAF,2016,63.48369,1073.9448,
Central African Republic,CAF,2017,63.320503,1103.8661,
Central African Republic,CAF,2018,63.16623,1125.7009,
Central African Republic,CAF,2019,63.020958,1145.0956,
Central African Republic,CAF,2020,62.884777,1136.5706,
Central African Republic,CAF,2021,62.75777,1128.5524,
Central African Republic,CAF,2022,62.93034,1136.8018,
Central African Republic,CAF,1990,,1481.2526,
Central African Republic,CAF,1991,,1427.6902,
Central African Republic,CAF,1992,,1294.2025,
Central African Republic,CAF,1993,,1257.8284,
Central African Republic,CAF,1994,,1278.915,
Central African Republic,CAF,1995,,1334.1033,
Central African Republic,CAF,1996,,1247.9688,
Central African Republic,CAF,1997,,1278.4883,
Central African Republic,CAF,1998,,1302.7515,
Central African Republic,CAF,1999,,1313.2357,
Central African Republic,CAF,2023,,1132.6764,Africa
Central African Republic,CAF,2024,,1111.6533,
Central and Southern Asia (SDG),,2000,85.59908,,
Central and Southern Asia (SDG),,2001,86.13397,,
Central and Southern Asia (SDG),,2002,86.6608,,
Central and Southern Asia (SDG),,2003,87.175896,,
Central and Southern Asia (SDG),,2004,87.71794,,
Central and Southern Asia (SDG),,2005,88.25966,,
Central and Southern Asia (SDG),,2006,88.79328,,
Central and Southern Asia (SDG),,2007,89.33943,,
Central and Southern Asia (SDG),,2008,89.88028,,
Central and Southern Asia (SDG),,2009,90.40883,,
Central and Southern Asia (SDG),,2010,90.94061,,
Central and Southern Asia (SDG),,2011,91.46475,,
Central and Southern Asia (SDG),,2012,91.98454,,
Central and Southern Asia (SDG),,2013,92.50592,,
Central and Southern Asia (SDG),,2014,93.02441,,
Central and Southern Asia (SDG),,2015,93.543945,,
Central and Southern Asia (SDG),,2016,94.0625,,
Central and Southern Asia (SDG),,2017,94.57588,,
Central and Southern Asia (SDG),,2018,95.08245,,
Central and Southern Asia (SDG),,2019,95.58476,,
Central and Southern Asia (SDG),,2020,96.076935,,
Central and Southern Asia (SDG),,2021,96.56075,,
Central and Southern Asia (SDG),,2022,97.00251,,
Chad,TCD,2000,49.191536,1501.1449,
Chad,TCD,2001,49.89355,1620.5527,
Chad,TCD,2002,50.595177,1697.9716,
Chad,TCD,2003,51.29713,1871.6399,
Chad,TCD,2004,51.999058,2392.0928,
Chad,TCD,2005,52.700954,2695.812,
Chad,TCD,2006,53.402817,2586.9878,
Chad,TCD,2007,54.10501,2608.2686,
Chad,TCD,2008,54.806816,2596.8645,
Chad,TCD,2009,55.508595,2472.1787,
Chad,TCD,2010,56.21676,2717.5076,
Chad,TCD,2011,56.931297,2742.6997,
Chad,TCD,2012,57.65254,2887.7483,
Chad,TCD,2013,58.38009,2864.715,
Chad,TCD,2014,59.113937,2821.2751,
Chad,TCD,2015,59.854412,2823.3606,
Chad,TCD,2016,60.601482,2623.1206,
Chad,TCD,2017,61.355125,2496.4927,
Chad,TCD,2018,62.115665,2552.6062,
Chad,TCD,2019,62.88273,2604.9163,
Chad,TCD,2020,63.656982,2513.0159,
Chad,TCD,2021,64.43806,2435.0728,
Chad,TCD,2022,64.53727,2655.71,
Chad,TCD,1990,,1705.0422,
Chad,TCD,1991,,1784.1168,
Chad,TCD,1992,,1846.8229,
Chad,TCD,1993,,1520.4119,
Chad,TCD,1994,,1636.4435,
Chad,TCD,1995,,1585.2584,
Chad,TCD,1996,,1550.1611,
Chad,TCD,1997,,1582.2268,
Chad,TCD,1998,,1634.9895,
Chad,TCD,1999,,1567.7671,
Chad,TCD,2023,,2641.4329,Africa
Chad,TCD,2024,,2605.7717,
Channel Islands,OWID_CIS,2009,94.15,,
Channel Islands,OWID_CIS,2010,94.15,,
Channel Islands,OWID_CIS,2011,94.15,,
Channel Islands,OWID_CIS,2012,94.15,,
Channel Islands,OWID_CIS,2013,94.15,,
Channel Islands,OWID_CIS,2014,94.15,,
Channel Islands,OWID_CIS,2015,94.15,,
Channel Islands,OWID_CIS,2016,94.15,,
Channel Islands,OWID_CIS,2017,94.15,,
Chile,CHL,2000,95.74912,17525.271,
Chile,CHL,2001,96.06289,17870.3,
Chile,CHL,2002,96.35846,18240.201,
Chile,CHL,2003,96.61069,18902.871,
Chile,CHL,2004,96.86142,19961.984,
Chile,CHL,2005,97.11012,20918.527,
Chile,CHL,2006,97.35732,21968.537,
Chile,CHL,2007,97.602715,22878.883,
Chile,CHL,2008,97.84659,23509.781,
Chile,CHL,2009,98.08868,23013.582,
Chile,CHL,2010,98.32901,24116.77,
Chile,CHL,2011,98.56782,25366.27,
Chile,CHL,2012,98.80492,26670.498,
Chile,CHL,2013,99.04039,27291.357,
Chile,CHL,2014,99.27425,27505.049,
Chile,CHL,2015,99.50649,27811.375,
Chile,CHL,2016,99.73719,27958.729,
Chile,CHL,2017,99.96545,27892.994,
Chile,CHL,2018,100,28492.662,
Chile,CHL,2019,100,28218.535,
Chile,CHL,2020,100,26248.562,
Chile,CHL,2021,100,29089.85,
Chile,CHL,2022,100,29569.479,
Chile,CHL,1990,,10952.655,
Chile,CHL,1991,,11607.53,
Chile,CHL,1992,,12735.602,
Chile,CHL,1993,,13377.306,
Chile,CHL,1994,,13846.349,
Chile,CHL,1995,,14908.035,
Chile,CHL,1996,,15744.738,
Chile,CHL,1997,,16683.906,
Chile,CHL,1998,,17156.973,
Chile,CHL,1999,,16896.125,
Chile,CHL,2023,,29563.678,South America
Chile,CHL,2024,,30182.787,
China,CHN,2000,79.28054,4066.0364,
China,CHN,2001,79.6403,4372.157,
China,CHN,2002,80.87767,4744.3984,
China,CHN,2003,82.08457,5192.006,
China,CHN,2004,83.259705,5684.169,
China,CHN,2005,84.40072,6298.323,
China,CHN,2006,85.497574,7057.1,
China,CHN,2007,86.55522,8013.716,
China,CHN,2008,87.579124,8743.745,
China,CHN,2009,88.567406,9518.433,
China,CHN,2010,89.52074,10476.3125,
China,CHN,2011,90.42821,11405.018,
China,CHN,2012,91.296715,12217.8545,
China,CHN,2013,92.1309,13080.829,
China,CHN,2014,92.931496,13968.581,
China,CHN,2015,93.69825,14856.78,
China,CHN,2016,94.431366,15772.765,
China,CHN,2017,95.13046,16757.973,
China,CHN,2018,95.794655,17806.791,
China,CHN,2019,96.425,18820.514,
China,CHN,2020,97.02295,19215.154,
China,CHN,2021,97.58993,20843.297,
China,CHN,2022,98.127396,21499.383,
China,CHN,1990,,1666.9277,
China,CHN,1991,,1798.2761,
China,CHN,1992,,2030.3864,
China,CHN,1993,,2286.7598,
China,CHN,1994,,2556.6406,
China,CHN,1995,,2808.034,
China,CHN,1996,,3055.9697,
China,CHN,1997,,3305.7905,
China,CHN,1998,,3533.566,
China,CHN,1999,,3774.1377,
China,CHN,2023,,22687.076,Asia
China,CHN,2024,,23845.62,
Christmas Island,CXR,2023,,,Asia
Cocos Islands,CCK,2023,,,Asia
Colombia,COL,2000,92.10664,10813.494,
Colombia,COL,2001,92.4185,10823.45,
Colombia,COL,2002,92.72517,10925.148,
Colombia,COL,2003,93.02667,11183.291,
Colombia,COL,2004,93.32288,11607.938,
Colombia,COL,2005,93.61387,11999.255,
Colombia,COL,2006,93.899704,12636.625,
Colombia,COL,2007,94.18026,13318.304,
Colombia,COL,2008,94.45583,13591.061,
Colombia,COL,2009,94.726494,13586.752,
Colombia,COL,2010,94.992134,14037.064,
Colombia,COL,2011,95.25285,14852.37,
Colombia,COL,2012,95.508896,15279.479,
Colombia,COL,2013,95.7602,15912.247,
Colombia,COL,2014,96.00683,16480.363,
Colombia,COL,2015,96.24904,16821.38,
Colombia,COL,2016,96.48692,17003.244,
Colombia,COL,2017,96.72039,16986.033,
Colombia,COL,2018,96.93522,17104.13,
Colombia,COL,2019,97.09089,17336.771,
Colombia,COL,2020,97.242035,15861.5,
Colombia,COL,2021,97.59763,17383.09,
Colombia,COL,2022,97.744225,18458.72,
Colombia,COL,1990,,9998.811,
Colombia,COL,1991,,9996.098,
Colombia,COL,1992,,10196.433,
Colombia,COL,1993,,10533.115,
Colombia,COL,1994,,10927.938,
Colombia,COL,1995,,11279,
Colombia,COL,1996,,11303.131,
Colombia,COL,1997,,11483.505,
Colombia,COL,1998,,11343.88,
Colombia,COL,1999,,10679.709,
Colombia,COL,2023,,18382.998,South America
Colombia,COL,2024,,18503.67,
Comoros,COM,2000,92.61111,2408.417,
Comoros,COM,2001,92.502525,2414.43,
Comoros,COM,2002,92.39331,2418.8342,
Comoros,COM,2003,92.28346,2422.5872,
Comoros,COM,2004,92.17297,2422.7214,
Comoros,COM,2005,92.06213,2441.1357,
Comoros,COM,2006,91.95127,2455.7153,
Comoros,COM,2007,91.84074,2426.5151,
Comoros,COM,2008,91.73084,2473.089,
Comoros,COM,2009,91.62195,2581.6624,
Comoros,COM,2010,91.51446,2652.3555,
Comoros,COM,2011,91.408615,2752.953,
Comoros,COM,2012,91.30482,2868.4,
Comoros,COM,2013,91.20347,3059.1162,
Comoros,COM,2014,91.10478,3109.8958,
Comoros,COM,2015,91.00926,3105.593,
Comoros,COM,2016,91.0225,3127.132,
Comoros,COM,2017,91.037155,3236.986,
Comoros,COM,2018,91.05323,3303.2568,
Comoros,COM,2019,91.070915,3357.898,
Comoros,COM,1990,,2380.9817,
Comoros,COM,1991,,2198.3203,
Comoros,COM,1992,,2336.8347,
Comoros,COM,1993,,2363.5369,
Comoros,COM,1994,,2199.5344,
Comoros,COM,1995,,2239.7168,
Comoros,COM,1996,,2173.043,
Comoros,COM,1997,,2222.0212,
Comoros,COM,1998,,2212.0952,
Comoros,COM,1999,,2214.8396,
Comoros,COM,2020,,3424.5398,
Comoros,COM,2021,,3449.0435,
Comoros,COM,2022,,3478.1736,
Comoros,COM,2023,,3516.4817,Africa
Comoros,COM,2024,,3567.514,
Congo,COG,2000,66.91391,7570.583,
Congo,COG,2001,67.22913,7567.439,
Congo,COG,2002,67.63064,7729.3887,
Congo,COG,2003,68.032104,7577.4565,
Congo,COG,2004,69.267334,7577.446,
Congo,COG,2005,70.48329,7876.118,
Congo,COG,2006,71.68008,8192.58,
Congo,COG,2007,72.85844,7375.8247,
Congo,COG,2008,74.01958,7587.288,
Congo,COG,2009,75.163475,8138.45,
Congo,COG,2010,76.29059,8583.662,
Congo,COG,2011,77.39976,8492.421,
Congo,COG,2012,78.49149,9079.687,
Congo,COG,2013,79.56572,8798.494,
Congo,COG,2014,80.621925,9159.257,
Congo,COG,2015,81.66011,8977.707,
Congo,COG,2016,82.68027,8001.8257,
Congo,COG,2017,83.68239,7372.7705,
Congo,COG,2018,83.87029,7029.3364,
Congo,COG,2019,84.05819,6939.369,
Congo,COG,2020,84.24568,6350.5093,
Congo,COG,2021,84.43235,6263.2114,
Congo,COG,1990,,8699.526,
Congo,COG,1991,,8658.161,
Congo,COG,1992,,8636.637,
Congo,COG,1993,,8302.697,
Congo,COG,1994,,7617.6074,
Congo,COG,1995,,7701.3247,
Congo,COG,1996,,7812.048,
Congo,COG,1997,,7599.0483,
Congo,COG,1998,,7711.6323,
Congo,COG,1999,,7312.3267,
Congo,COG,2022,,6205.105,
Congo,COG,2023,,6172.2876,Africa
Congo,COG,2024,,6181.4707,
Cook Islands,COK,2000,99.863976,,
Cook Islands,COK,2001,99.86996,,
Cook Islands,COK,2002,99.87593,,
Cook Islands,COK,2003,99.88191,,
Cook Islands,COK,2004,99.88789,,
Cook Islands,COK,2005,99.893875,,
Cook Islands,COK,2006,99.89986,,
Cook Islands,COK,2007,99.90583,,
Cook Islands,COK,2008,99.91181,,
Cook Islands,COK,2009,99.91779,,
Cook Islands,COK,2010,99.923775,,
Cook Islands,COK,2011,99.92975,,
Cook Islands,COK,2012,99.93573,,
Cook Islands,COK,2013,99.94171,,
Cook Islands,COK,2014,99.94769,,
Cook Islands,COK,2015,99.953674,,
Cook Islands,COK,2016,99.95965,,
Cook Islands,COK,2017,99.96563,,
Cook Islands,COK,2018,99.97161,,
Cook Islands,COK,2019,99.97161,,
Cook Islands,COK,2020,99.97161,,
Cook Islands,COK,2021,99.97161,,
Cook Islands,COK,2022,99.97161,,
Cook Islands,COK,2023,,,Oceania
Costa Rica,CRI,2000,94.74767,14018.742,
Costa Rica,CRI,2001,95.18796,14250.463,
Costa Rica,CRI,2002,95.609665,14495.992,
Costa Rica,CRI,2003,96.012985,14891.34,
Costa Rica,CRI,2004,96.39794,15323.289,
Costa Rica,CRI,2005,96.76451,15703.963,
Costa Rica,CRI,2006,97.11335,16620.135,
Costa Rica,CRI,2007,97.44467,17743.623,
Costa Rica,CRI,2008,97.758965,18334.014,
Costa Rica,CRI,2009,98.05625,17932.615,
Costa Rica,CRI,2010,98.33744,18660.92,
Costa Rica,CRI,2011,98.602776,19254.914,
Costa Rica,CRI,2012,98.8519,19960.793,
Costa Rica,CRI,2013,99.08582,20232.268,
Costa Rica,CRI,2014,99.3056,20724.922,
Costa Rica,CRI,2015,99.512276,21254.783,
Costa Rica,CRI,2016,99.70682,21925.6,
Costa Rica,CRI,2017,99.890144,22622.553,
Costa Rica,CRI,2018,100,23005.312,
Costa Rica,CRI,2019,100,23364.783,
Costa Rica,CRI,2020,99.99999,22211.861,
Costa Rica,CRI,2021,100,23852.926,
Costa Rica,CRI,2022,100,24831.719,
Costa Rica,CRI,1990,,10953.426,
Costa Rica,CRI,1991,,10920.1,
Costa Rica,CRI,1992,,11626.836,
Costa Rica,CRI,1993,,12144.449,
Costa Rica,CRI,1994,,12385.454,
Costa Rica,CRI,1995,,12593.226,
Costa Rica,CRI,1996,,12467.621,
Costa Rica,CRI,1997,,12856.583,
Costa Rica,CRI,1998,,13481.06,
Costa Rica,CRI,1999,,13760.924,
Costa Rica,CRI,2023,,25979.629,North America
Costa Rica,CRI,2024,,26973.436,
Cote d'Ivoire,CIV,2000,79.05553,4838.3403,
Cote d'Ivoire,CIV,2001,79.167694,4609.1445,
Cote d'Ivoire,CIV,2002,79.27818,4368.928,
Cote d'Ivoire,CIV,2003,79.38672,4060.0005,
Cote d'Ivoire,CIV,2004,79.493546,4088.945,
Cote d'Ivoire,CIV,2005,79.59792,4032.2458,
Cote d'Ivoire,CIV,2006,79.70033,4049.2603,
Cote d'Ivoire,CIV,2007,79.800766,3999.691,
Cote d'Ivoire,CIV,2008,79.89923,4096.7236,
Cote d'Ivoire,CIV,2009,79.99524,4151.0537,
Cote d'Ivoire,CIV,2010,80.089264,4338.6523,
Cote d'Ivoire,CIV,2011,80.18129,4017.4077,
Cote d'Ivoire,CIV,2012,80.271095,4234.1807,
Cote d'Ivoire,CIV,2013,80.35867,4597.1865,
Cote d'Ivoire,CIV,2014,80.44403,4907.5747,
Cote d'Ivoire,CIV,2015,80.52909,5110.8623,
Cote d'Ivoire,CIV,2016,80.613365,5320.8467,
Cote d'Ivoire,CIV,2017,80.697,5556.114,
Cote d'Ivoire,CIV,2018,80.77994,5670.2,
Cote d'Ivoire,CIV,2019,80.8619,5894.879,
Cote d'Ivoire,CIV,2020,80.94285,5787.8154,
Cote d'Ivoire,CIV,2021,81.02271,6045.2046,
Cote d'Ivoire,CIV,2022,81.10145,6272.264,
Cote d'Ivoire,CIV,1990,,5255.51,
Cote d'Ivoire,CIV,1991,,5052.8516,
Cote d'Ivoire,CIV,1992,,4843.2935,
Cote d'Ivoire,CIV,1993,,4645.4673,
Cote d'Ivoire,CIV,1994,,4502.4595,
Cote d'Ivoire,CIV,1995,,4638.7573,
Cote d'Ivoire,CIV,1996,,4807.4243,
Cote d'Ivoire,CIV,1997,,5072.597,
Cote d'Ivoire,CIV,1998,,5093.132,
Cote d'Ivoire,CIV,1999,,4987.357,
Cote d'Ivoire,CIV,2023,,6511.751,Africa
Cote d'Ivoire,CIV,2024,,6733.154,
Croatia,HRV,2000,98.64941,21302.537,
Croatia,HRV,2001,98.65562,22826.932,
Croatia,HRV,2002,98.66049,24137.44,
Croatia,HRV,2003,98.66539,25474.248,
Croatia,HRV,2004,98.670265,26529.244,
Croatia,HRV,2005,98.67513,27641.578,
Croatia,HRV,2006,98.68001,29039.344,
Croatia,HRV,2007,98.684875,30512.174,
Croatia,HRV,1990,,23398.35,
Croatia,HRV,1991,,18811.828,
Croatia,HRV,1992,,17019.229,
Croatia,HRV,1993,,15569.48,
Croatia,HRV,1994,,16300.787,
Croatia,HRV,1995,,17522.986,
Croatia,HRV,1996,,18850.234,
Croatia,HRV,1997,,20110.785,
Croatia,HRV,1998,,20576.25,
Croatia,HRV,1999,,20489.953,
Croatia,HRV,2008,,31116.53,
Croatia,HRV,2009,,29026.732,
Croatia,HRV,2010,,28704.527,
Croatia,HRV,2011,,28775.648,
Croatia,HRV,2012,,28260.836,
Croatia,HRV,2013,,28401.686,
Croatia,HRV,2014,,28460.73,
Croatia,HRV,2015,,29471.752,
Croatia,HRV,2016,,30824.86,
Croatia,HRV,2017,,32351.873,
Croatia,HRV,2018,,33730.875,
Croatia,HRV,2019,,35123.49,
Croatia,HRV,2020,,32493.625,
Croatia,HRV,2021,,36930.47,
Croatia,HRV,2022,,39861.79,
Croatia,HRV,2023,,41135.086,Europe
Croatia,HRV,2024,,42631.316,
Cuba,CUB,2000,94.732956,,
Cuba,CUB,2001,94.89303,,
Cuba,CUB,2002,95.05006,,
Cuba,CUB,2003,95.19576,,
Cuba,CUB,2004,95.33139,,
Cuba,CUB,2005,95.46576,,
Cuba,CUB,2006,95.599014,,
Cuba,CUB,2007,95.73116,,
Cuba,CUB,2008,95.86219,,
Cuba,CUB,2009,95.99201,,
Cuba,CUB,2010,96.12074,,
Cuba,CUB,2011,96.24835,,
Cuba,CUB,2012,96.37487,,
Cuba,CUB,2013,96.497246,,
Cuba,CUB,2014,96.618355,,
Cuba,CUB,2015,96.739105,,
Cuba,CUB,2016,96.85939,,
Cuba,CUB,2017,96.97982,,
Cuba,CUB,2018,97.10014,,
Cuba,CUB,2019,97.22011,,
Cuba,CUB,2020,97.33952,,
Cuba,CUB,2021,97.45815,,
Cuba,CUB,2022,97.57574,,
Cuba,CUB,2023,,,North America
Curacao,CUW,2000,98.68521,34307.125,
Curacao,CUW,2001,98.74771,35339.062,
Curacao,CUW,2002,98.81022,35435.996,
Curacao,CUW,2003,98.87272,34812.79,
Curacao,CUW,2004,98.93522,34288.74,
Curacao,CUW,2005,98.99773,33651.504,
Curacao,CUW,2006,99.06023,33334.855,
Curacao,CUW,2007,99.122734,33490.254,
Curacao,CUW,2008,99.185234,33795.13,
Curacao,CUW,2009,99.24774,33397.4,
Curacao,CUW,2010,99.31024,33004.555,
Curacao,CUW,2011,99.37274,32704.355,
Curacao,CUW,2012,99.43525,32320.877,
Curacao,CUW,2013,99.49775,31753.385,
Curacao,CUW,2014,99.49775,31128.646,
Curacao,CUW,2015,99.49775,30861.32,
Curacao,CUW,2016,99.49775,30209.787,
Curacao,CUW,2017,99.49775,29729.102,
Curacao,CUW,2018,,29256.814,
Curacao,CUW,2019,,28659.656,
Curacao,CUW,2020,,23751.498,
Curacao,CUW,2021,,25163.867,
Curacao,CUW,2022,,27587.244,
Curacao,CUW,2023,,27675.572,North America
Cyprus,CYP,2000,99.88939,36122.703,
Cyprus,CYP,2001,99.88932,37147.91,
Cyprus,CYP,2002,99.88936,38091.87,
Cyprus,CYP,2003,99.881546,38618.92,
Cyprus,CYP,2004,99.87374,40021.074,
Cyprus,CYP,2005,99.865944,41363.28,
Cyprus,CYP,2006,99.85816,42596.426,
Cyprus,CYP,2007,99.85039,43825.02,
Cyprus,CYP,2008,99.84263,44296.902,
Cyprus,CYP,2009,99.834885,42254.6,
Cyprus,CYP,2010,99.82715,42103.492,
Cyprus,CYP,2011,99.81942,41213.87,
Cyprus,CYP,2012,99.811714,39191.348,
Cyprus,CYP,2013,99.80399,36694.83,
Cyprus,CYP,2014,99.796265,36442.01,
Cyprus,CYP,2015,99.78852,37903.125,
Cyprus,CYP,2016,99.78076,40209.863,
Cyprus,CYP,2017,99.77299,42128.566,
Cyprus,CYP,2018,99.76518,44227.91,
Cyprus,CYP,2019,99.76519,46195.594,
Cyprus,CYP,2020,99.765175,44203.89,
Cyprus,CYP,2021,99.76513,48781.277,
Cyprus,CYP,2022,99.76506,51588.445,
Cyprus,CYP,1990,,27667.33,
Cyprus,CYP,1991,,27159.707,
Cyprus,CYP,1992,,28932.646,
Cyprus,CYP,1993,,28440.031,
Cyprus,CYP,1994,,29501.47,
Cyprus,CYP,1995,,31394.148,
Cyprus,CYP,1996,,31283.508,
Cyprus,CYP,1997,,31657.74,
Cyprus,CYP,1998,,33182.94,
Cyprus,CYP,1999,,34453.715,
Cyprus,CYP,2023,,52190.875,Europe
Cyprus,CYP,2024,,53252.46,
Czechia,CZE,2000,99.80612,29427.406,
Czechia,CZE,2001,99.80583,30399.873,
Czechia,CZE,2002,99.81139,30919.549,
Czechia,CZE,2003,99.81698,31949.297,
Czechia,CZE,2004,99.82258,33452.34,
Czechia,CZE,2005,99.8282,35535.746,
Czechia,CZE,2006,99.83384,37786.88,
Czechia,CZE,2007,99.8395,39629.008,
Czechia,CZE,2008,99.84518,40328.344,
Czechia,CZE,2009,99.85088,38175.14,
Czechia,CZE,2010,99.8566,39097.387,
Czechia,CZE,2011,99.862335,39708.164,
Czechia,CZE,2012,99.86818,39347.05,
Czechia,CZE,2013,99.87411,39317.555,
Czechia,CZE,2014,99.88001,40158.016,
Czechia,CZE,2015,99.8801,42066.574,
Czechia,CZE,2016,99.88017,43069.465,
Czechia,CZE,2017,99.88026,45177.523,
Czechia,CZE,2018,99.880356,46301.082,
Czechia,CZE,2019,99.88047,47763.617,
Czechia,CZE,2020,99.880585,45119.938,
Czechia,CZE,2021,99.88072,47796.035,
Czechia,CZE,2022,99.88086,48390.66,
Czechia,CZE,1990,,27918.137,
Czechia,CZE,1991,,24734.77,
Czechia,CZE,1992,,24584.33,
Czechia,CZE,1993,,24573.992,
Czechia,CZE,1994,,25279.791,
Czechia,CZE,1995,,26869.02,
Czechia,CZE,1996,,28021.67,
Czechia,CZE,1997,,27884.74,
Czechia,CZE,1998,,27801.44,
Czechia,CZE,1999,,28213.455,
Czechia,CZE,2023,,47509.523,Europe
Czechia,CZE,2024,,47961.81,
Czechoslovakia,OWID_CZS,2023,,,Europe
Democratic Republic of Congo,COD,2000,45.00808,886.72076,
Democratic Republic of Congo,COD,2001,45.591076,841.03564,
Democratic Republic of Congo,COD,2002,46.17737,839.76624,
Democratic Republic of Congo,COD,2003,46.76697,861.0816,
Democratic Republic of Congo,COD,2004,47.359905,892.4353,
Democratic Republic of Congo,COD,2005,47.958363,918.53485,
Democratic Republic of Congo,COD,2006,48.563473,938.04114,
Democratic Republic of Congo,COD,2007,49.175293,967.05414,
Democratic Republic of Congo,COD,2008,49.792763,996.74414,
Democratic Republic of Congo,COD,2009,50.41703,993.9978,
Democratic Republic of Congo,COD,2010,51.04704,1031.2501,
Democratic Republic of Congo,COD,2011,51.683926,1066.5795,
Democratic Republic of Congo,COD,2012,52.326633,1104.6641,
Democratic Republic of Congo,COD,2013,52.975197,1158.282,
Democratic Republic of Congo,COD,2014,53.63022,1225.7021,
Democratic Republic of Congo,COD,2015,54.291176,1267.9055,
Democratic Republic of Congo,COD,2016,54.958107,1253.1582,
Democratic Republic of Congo,COD,2017,55.63048,1253.1874,
Democratic Republic of Congo,COD,2018,56.3089,1282.4823,
Democratic Republic of Congo,COD,2019,56.992836,1296.9476,
Democratic Republic of Congo,COD,2020,57.68232,1277.6328,
Democratic Republic of Congo,COD,2021,58.37681,1313.6182,
Democratic Republic of Congo,COD,2022,59.076317,1385.4647,
Democratic Republic of Congo,COD,1990,,2172.0017,
Democratic Republic of Congo,COD,1991,,1923.97,
Democratic Republic of Congo,COD,1992,,1664.7537,
Democratic Republic of Congo,COD,1993,,1389.9509,
Democratic Republic of Congo,COD,1994,,1273.9946,
Democratic Republic of Congo,COD,1995,,1230.7449,
Democratic Republic of Congo,COD,1996,,1194.9591,
Democratic Republic of Congo,COD,1997,,1109.8584,
Democratic Republic of Congo,COD,1998,,1062.5687,
Democratic Republic of Congo,COD,1999,,983.60223,
Democratic Republic of Congo,COD,2023,,1456.4824,Africa
Democratic Republic of Congo,COD,2024,,1504.1438,
Democratic Republic of Vietnam,,2023,,,Asia
Denmark,DNK,2000,100,57431.973,
Denmark,DNK,2001,100,57770.223,
Denmark,DNK,2002,100,57848.844,
Denmark,DNK,2003,100,57946.176,
Denmark,DNK,2004,100,59401.258,
Denmark,DNK,2005,100,60635.625,
Denmark,DNK,2006,100,62743.234,
Denmark,DNK,2007,100,63082.246,
Denmark,DNK,2008,100,62451.074,
Denmark,DNK,2009,99.99999,59027.766,
Denmark,DNK,2010,100,59696.355,
Denmark,DNK,2011,100,60230.355,
Denmark,DNK,2012,99.99999,60000.89,
Denmark,DNK,2013,100,60583.406,
Denmark,DNK,2014,100,61047.332,
Denmark,DNK,2015,100,61893.246,
Denmark,DNK,2016,100,63299.336,
Denmark,DNK,2017,100,64815.73,
Denmark,DNK,2018,100,65694.76,
Denmark,DNK,2019,100,66580.19,
Denmark,DNK,2020,100,65204.55,
Denmark,DNK,2021,100,69715.18,
Denmark,DNK,2022,100,70233.64,
Denmark,DNK,1990,,45821.082,
Denmark,DNK,1991,,46368.742,
Denmark,DNK,1992,,47150.523,
Denmark,DNK,1993,,46956.617,
Denmark,DNK,1994,,49276.137,
Denmark,DNK,1995,,50509.336,
Denmark,DNK,1996,,51678.668,
Denmark,DNK,1997,,53094.992,
Denmark,DNK,1998,,54133.195,
Denmark,DNK,1999,,55555.363,
Denmark,DNK,2023,,71454.52,Europe
Denmark,DNK,2024,,73709,
Djibouti,DJI,2000,90.262344,,
Djibouti,DJI,2001,90.27213,,
Djibouti,DJI,2002,90.282486,,
Djibouti,DJI,2003,90.29338,,
Djibouti,DJI,2004,90.30483,,
Djibouti,DJI,2005,90.31651,,
Djibouti,DJI,2006,90.32907,,
Djibouti,DJI,2007,90.34217,,
Djibouti,DJI,2008,90.35583,,
Djibouti,DJI,2009,90.3697,,
Djibouti,DJI,2010,90.387596,,
Djibouti,DJI,2011,90.40971,,
Djibouti,DJI,2012,90.43585,,
Djibouti,DJI,2013,90.46655,4469.074,
Djibouti,DJI,2014,90.50125,4705.0493,
Djibouti,DJI,2015,90.541214,4961.868,
Djibouti,DJI,2016,90.58551,5226.5005,
Djibouti,DJI,2017,90.63465,5421.9565,
Djibouti,DJI,2018,90.68881,5590.5044,
Djibouti,DJI,2019,90.74815,5809.3047,
Djibouti,DJI,2020,90.8074,5791.4775,
Djibouti,DJI,2021,90.86988,5960.108,
Djibouti,DJI,2022,90.93558,6180.68,
Djibouti,DJI,2023,,6545.1035,Africa
Djibouti,DJI,2024,,6841.1665,
Dominica,DMA,2000,93.83142,14054.655,
Dominica,DMA,2001,93.95367,14091.549,
Dominica,DMA,2002,94.07592,13640.703,
Dominica,DMA,2003,94.198166,14398.002,
Dominica,DMA,2004,94.32041,14962.246,
Dominica,DMA,2005,94.442665,15080.5205,
Dominica,DMA,2006,94.56491,15727.705,
Dominica,DMA,2007,94.687164,16560.518,
Dominica,DMA,2008,94.80941,17738.041,
Dominica,DMA,2009,94.93166,17534.033,
Dominica,DMA,2010,95.05391,17516.787,
Dominica,DMA,2011,95.176155,17475.041,
Dominica,DMA,2012,95.29841,17431.129,
Dominica,DMA,2013,95.420654,17282.637,
Dominica,DMA,2014,95.420654,17520.855,
Dominica,DMA,2015,95.420654,16920.912,
Dominica,DMA,2016,95.420654,17364.078,
Dominica,DMA,2017,95.420654,16314.2295,
Dominica,DMA,1990,,11311.552,
Dominica,DMA,1991,,11518.765,
Dominica,DMA,1992,,11747.612,
Dominica,DMA,1993,,11982.858,
Dominica,DMA,1994,,11979.399,
Dominica,DMA,1995,,12343.899,
Dominica,DMA,1996,,12737.897,
Dominica,DMA,1997,,13037.149,
Dominica,DMA,1998,,13563.453,
Dominica,DMA,1999,,13661.679,
Dominica,DMA,2018,,16877.125,
Dominica,DMA,2019,,17619.434,
Dominica,DMA,2020,,14919.531,
Dominica,DMA,2021,,15808.975,
Dominica,DMA,2022,,17550.8,
Dominica,DMA,2023,,18278.225,North America
Dominica,DMA,2024,,18739.363,
Dominican Republic,DOM,2000,94.92293,10896.318,
Dominican Republic,DOM,2001,95.04089,10991.137,
Dominican Republic,DOM,2002,95.15583,11313.069,
Dominican Republic,DOM,2003,95.30683,11000.868,
Dominican Republic,DOM,2004,95.46856,11131.2705,
Dominican Republic,DOM,2005,95.62333,12022.508,
Dominican Republic,DOM,2006,95.77162,12961.918,
Dominican Republic,DOM,2007,95.91331,13754.921,
Dominican Republic,DOM,2008,96.04853,14030.141,
Dominican Republic,DOM,2009,96.17677,13992.41,
Dominican Republic,DOM,2010,96.29877,14975.001,
Dominican Republic,DOM,2011,96.40641,15258.086,
Dominican Republic,DOM,2012,96.503235,15487.277,
Dominican Republic,DOM,2013,96.59499,16054.768,
Dominican Republic,DOM,2014,96.68195,16993.588,
Dominican Republic,DOM,2015,96.76431,17973.188,
Dominican Republic,DOM,2016,96.84212,18968.975,
Dominican Republic,DOM,2017,96.915276,19501.875,
Dominican Republic,DOM,2018,96.98292,20662.848,
Dominican Republic,DOM,2019,97.045296,21451.287,
Dominican Republic,DOM,2020,97.10271,19545.41,
Dominican Republic,DOM,2021,97.15549,22053.459,
Dominican Republic,DOM,2022,97.2039,22986.959,
Dominican Republic,DOM,1990,,7327.7266,
Dominican Republic,DOM,1991,,7246.2466,
Dominican Republic,DOM,1992,,7900.768,
Dominican Republic,DOM,1993,,8318.492,
Dominican Republic,DOM,1994,,8372.071,
Dominican Republic,DOM,1995,,8685.017,
Dominican Republic,DOM,1996,,9036.884,
Dominican Republic,DOM,1997,,9671.148,
Dominican Republic,DOM,1998,,10150.446,
Dominican Republic,DOM,1999,,10582.077,
Dominican Republic,DOM,2023,,23282.49,North America
Dominican Republic,DOM,2024,,24229.469,
Duchy of Modena and Reggio,,2023,,,Europe
Duchy of Parma and Piacenza,,2023,,,Europe
East Asia and Pacific (WB),,1990,,5742.9233,
East Asia and Pacific (WB),,1991,,5973.3833,
East Asia and Pacific (WB),,1992,,6207.0386,
East Asia and Pacific (WB),,1993,,6452.6743,
East Asia and Pacific (WB),,1994,,6765.197,
East Asia and Pacific (WB),,1995,,7115.008,
East Asia and Pacific (WB),,1996,,7470.029,
East Asia and Pacific (WB),,1997,,7716.833,
East Asia and Pacific (WB),,1998,,7626.711,
East Asia and Pacific (WB),,1999,,7866.1733,
East Asia and Pacific (WB),,2000,,8248.938,
East Asia and Pacific (WB),,2001,,8481.634,
East Asia and Pacific (WB),,2002,,8837.473,
East Asia and Pacific (WB),,2003,,9262.483,
East Asia and Pacific (WB),,2004,,9787.535,
East Asia and Pacific (WB),,2005,,10353.463,
East Asia and Pacific (WB),,2006,,11014.086,
East Asia and Pacific (WB),,2007,,11829.117,
East Asia and Pacific (WB),,2008,,12336.951,
East Asia and Pacific (WB),,2009,,12672.724,
East Asia and Pacific (WB),,2010,,13604.453,
East Asia and Pacific (WB),,2011,,14313.034,
East Asia and Pacific (WB),,2012,,15001.448,
East Asia and Pacific (WB),,2013,,15717.654,
East Asia and Pacific (WB),,2014,,16412.299,
East Asia and Pacific (WB),,2015,,17117.84,
East Asia and Pacific (WB),,2016,,17848.705,
East Asia and Pacific (WB),,2017,,18679.475,
East Asia and Pacific (WB),,2018,,19526.164,
East Asia and Pacific (WB),,2019,,20291.39,
East Asia and Pacific (WB),,2020,,20199.123,
East Asia and Pacific (WB),,2021,,21435.049,
East Asia and Pacific (WB),,2022,,22097.72,
East Asia and Pacific (WB),,2023,,23016.828,
East Asia and Pacific (WB),,2024,,23953.918,
East Germany,OWID_GDR,2023,,,Europe
East Timor,TLS,2002,56.092907,3482.6528,
East Timor,TLS,2003,57.779358,3266.5073,
East Timor,TLS,2004,59.462738,3236.5225,
East Timor,TLS,2005,61.132973,3265.505,
East Timor,TLS,2006,62.800205,3040.4053,
East Timor,TLS,2007,64.4644,3258.1267,
East Timor,TLS,2008,66.126015,3532.5703,
East Timor,TLS,2009,67.7845,3794.1714,
East Timor,TLS,2010,69.43984,4049.185,
East Timor,TLS,2011,71.09244,4191.8027,
East Timor,TLS,2012,72.741806,4299.9697,
East Timor,TLS,2013,74.38789,4342.3535,
East Timor,TLS,2014,76.0309,4447.4844,
East Timor,TLS,2015,77.67077,4469.936,
East Timor,TLS,2016,79.30744,4517.581,
East Timor,TLS,2017,80.94069,4292.078,
East Timor,TLS,2018,82.570854,4210.4907,
East Timor,TLS,2019,84.197685,5096.4517,
East Timor,TLS,2020,85.82132,6598.0347,
East Timor,TLS,2021,87.441345,6824.7925,
East Timor,TLS,2022,88.93021,5347.008,
East Timor,TLS,1990,,2144.817,
East Timor,TLS,1991,,2319.9028,
East Timor,TLS,1992,,2495.1008,
East Timor,TLS,1993,,2675.6777,
East Timor,TLS,1994,,2788.0085,
East Timor,TLS,1995,,2893.247,
East Timor,TLS,1996,,3039.6829,
East Timor,TLS,1997,,3075.44,
East Timor,TLS,1998,,2932.8823,
East Timor,TLS,1999,,2137.671,
East Timor,TLS,2000,,3785.5923,
East Timor,TLS,2001,,4040.3945,
East Timor,TLS,2023,,4330.464,Asia
East Timor,TLS,2024,,4186.215,
Eastern Mediterranean (WHO),,2000,85.08926,,
Eastern Mediterranean (WHO),,2001,85.40813,,
Eastern Mediterranean (WHO),,2002,85.69057,,
Eastern Mediterranean (WHO),,2003,86.0222,,
Eastern Mediterranean (WHO),,2004,86.44423,,
Eastern Mediterranean (WHO),,2005,86.972275,,
Eastern Mediterranean (WHO),,2006,87.51317,,
Eastern Mediterranean (WHO),,2007,88.07826,,
Eastern Mediterranean (WHO),,2008,88.66107,,
Eastern Mediterranean (WHO),,2009,89.204994,,
Eastern Mediterranean (WHO),,2010,89.75571,,
Eastern Mediterranean (WHO),,2011,90.28977,,
Eastern Mediterranean (WHO),,2012,90.799194,,
Eastern Mediterranean (WHO),,2013,91.311676,,
Eastern Mediterranean (WHO),,2014,91.82524,,
Eastern Mediterranean (WHO),,2015,92.51631,,
Eastern Mediterranean (WHO),,2016,93.02363,,
Eastern Mediterranean (WHO),,2017,93.52539,,
Eastern Mediterranean (WHO),,2018,94.033646,,
Eastern Mediterranean (WHO),,2019,94.53557,,
Eastern Mediterranean (WHO),,2020,95.011856,,
Eastern Mediterranean (WHO),,2021,95.458466,,
Eastern Mediterranean (WHO),,2022,95.73832,,
Eastern and South-Eastern Asia (SDG),,2000,81.12003,,
Eastern and South-Eastern Asia (SDG),,2001,81.5545,,
Eastern and South-Eastern Asia (SDG),,2002,82.91876,,
Eastern and South-Eastern Asia (SDG),,2003,83.88018,,
Eastern and South-Eastern Asia (SDG),,2004,84.81885,,
Eastern and South-Eastern Asia (SDG),,2005,85.73183,,
Eastern and South-Eastern Asia (SDG),,2006,86.61454,,
Eastern and South-Eastern Asia (SDG),,2007,87.472694,,
Eastern and South-Eastern Asia (SDG),,2008,88.30835,,
Eastern and South-Eastern Asia (SDG),,2009,89.12015,,
Eastern and South-Eastern Asia (SDG),,2010,89.907196,,
Eastern and South-Eastern Asia (SDG),,2011,90.6617,,
Eastern and South-Eastern Asia (SDG),,2012,91.39022,,
Eastern and South-Eastern Asia (SDG),,2013,92.09599,,
Eastern and South-Eastern Asia (SDG),,2014,92.779594,,
Eastern and South-Eastern Asia (SDG),,2015,93.44084,,
Eastern and South-Eastern Asia (SDG),,2016,94.07936,,
Eastern and South-Eastern Asia (SDG),,2017,94.6934,,
Eastern and South-Eastern Asia (SDG),,2018,95.28036,,
Eastern and South-Eastern Asia (SDG),,2019,95.85225,,
Eastern and South-Eastern Asia (SDG),,2020,96.39096,,
Eastern and South-Eastern Asia (SDG),,2021,96.90848,,
Eastern and South-Eastern Asia (SDG),,2022,97.38914,,
Ecuador,ECU,2000,83.23351,9183.052,
Ecuador,ECU,2001,83.97027,9405.117,
Ecuador,ECU,2002,84.667854,9697.556,
Ecuador,ECU,2003,85.33971,9802.814,
Ecuador,ECU,2004,86.0104,10290.663,
Ecuador,ECU,2005,86.679726,10660.205,
Ecuador,ECU,2006,87.34771,10933.49,
Ecuador,ECU,2007,88.01473,10952.822,
Ecuador,ECU,2008,88.68041,11474.525,
Ecuador,ECU,2009,89.34476,11403.527,
Ecuador,ECU,2010,90.00796,11665.698,
Ecuador,ECU,2011,90.66411,12449.078,
Ecuador,ECU,2012,91.315216,12961.026,
Ecuador,ECU,2013,91.965515,13689.152,
Ecuador,ECU,2014,92.614845,14064.799,
Ecuador,ECU,2015,93.26354,13881.57,
Ecuador,ECU,2016,93.91127,13586.516,
Ecuador,ECU,2017,94.413536,14179.153,
Ecuador,ECU,2018,94.7307,14083.507,
Ecuador,ECU,2019,95.047325,13870.489,
Ecuador,ECU,2020,95.36321,12440.326,
Ecuador,ECU,2021,95.678,13507.444,
Ecuador,ECU,2022,95.70335,14186.639,
Ecuador,ECU,1990,,9104.816,
Ecuador,ECU,1991,,9292.618,
Ecuador,ECU,1992,,9291.371,
Ecuador,ECU,1993,,9284.315,
Ecuador,ECU,1994,,9494.175,
Ecuador,ECU,1995,,9525.177,
Ecuador,ECU,1996,,9509.275,
Ecuador,ECU,1997,,9739.267,
Ecuador,ECU,1998,,9876.751,
Ecuador,ECU,1999,,9242.967,
Ecuador,ECU,2023,,14343.019,South America
Ecuador,ECU,2024,,13935.539,
Egypt,EGY,2000,98.896805,9981.628,
Egypt,EGY,2001,98.902695,10117.333,
Egypt,EGY,2002,98.90855,10143.506,
Egypt,EGY,2003,98.91437,10250.377,
Egypt,EGY,2004,98.92017,10451.821,
Egypt,EGY,2005,98.92595,10700.609,
Egypt,EGY,2006,98.931694,11211.832,
Egypt,EGY,2007,98.936966,11782.006,
Egypt,EGY,2008,98.94198,12391.585,
Egypt,EGY,2009,98.947014,12728.081,
Egypt,EGY,2010,98.95204,13128.988,
Egypt,EGY,2011,98.9571,13082.427,
Egypt,EGY,2012,98.961845,13076.806,
Egypt,EGY,2013,98.96663,13058.075,
Egypt,EGY,2014,98.97144,13136.365,
Egypt,EGY,2015,98.97629,13425.912,
Egypt,EGY,2016,98.98117,13727.32,
Egypt,EGY,2017,98.98629,14018.36,
Egypt,EGY,2018,98.991615,14488.209,
Egypt,EGY,2019,98.99713,15026.568,
Egypt,EGY,2020,99.002815,15309.236,
Egypt,EGY,2021,99.00336,15579.016,
Egypt,EGY,2022,99.00407,16360.391,
Egypt,EGY,1990,,8006.6216,
Egypt,EGY,1991,,7876.5527,
Egypt,EGY,1992,,8034.5625,
Egypt,EGY,1993,,8079.0547,
Egypt,EGY,1994,,8221.047,
Egypt,EGY,1995,,8423.578,
Egypt,EGY,1996,,8662.331,
Egypt,EGY,1997,,8950.654,
Egypt,EGY,1998,,9245.479,
Egypt,EGY,1999,,9588.859,
Egypt,EGY,2023,,16691.387,Africa
Egypt,EGY,2024,,16798.152,
El Salvador,SLV,2000,85.270515,7545.4478,
El Salvador,SLV,2001,85.4191,7580.323,
El Salvador,SLV,2002,86.2293,7675.671,
El Salvador,SLV,2003,87.02552,7780.272,
El Salvador,SLV,2004,87.80833,7841.532,
El Salvador,SLV,2005,88.57688,8050.5347,
El Salvador,SLV,2006,89.33199,8404.247,
El Salvador,SLV,2007,90.083565,8548.835,
El Salvador,SLV,2008,90.8796,8704.806,
El Salvador,SLV,2009,91.651794,8494.498,
El Salvador,SLV,2010,92.40089,8648.93,
El Salvador,SLV,2011,93.1274,8943.062,
El Salvador,SLV,2012,93.83138,9165.42,
El Salvador,SLV,2013,94.51298,9327.564,
El Salvador,SLV,2014,95.17289,9451.744,
El Salvador,SLV,2015,95.81141,9646.154,
El Salvador,SLV,2016,96.42782,9863.761,
El Salvador,SLV,2017,97.02287,10064.794,
El Salvador,SLV,2018,97.5976,10297.203,
El Salvador,SLV,2019,98.0323,10543.938,
El Salvador,SLV,2020,98.238014,9692.449,
El Salvador,SLV,2021,98.397644,10809.714,
El Salvador,SLV,2022,98.792145,11085.618,
El Salvador,SLV,1990,,5976.0176,
El Salvador,SLV,1991,,5960.059,
El Salvador,SLV,1992,,6275.1875,
El Salvador,SLV,1993,,6553.0723,
El Salvador,SLV,1994,,6795.506,
El Salvador,SLV,1995,,7057.9204,
El Salvador,SLV,1996,,7062.3003,
El Salvador,SLV,1997,,7234.9443,
El Salvador,SLV,1998,,7381.1147,
El Salvador,SLV,1999,,7498.4673,
El Salvador,SLV,2023,,11424.6455,North America
El Salvador,SLV,2024,,11669.082,
Equatorial Guinea,GNQ,2000,53.40947,11767.471,
Equatorial Guinea,GNQ,2001,54.13561,18031.965,
Equatorial Guinea,GNQ,2002,54.92368,20242.432,
Equatorial Guinea,GNQ,2003,55.771194,21709.574,
Equatorial Guinea,GNQ,2004,56.67743,28225.986,
Equatorial Guinea,GNQ,2005,57.63809,31302.957,
Equatorial Guinea,GNQ,2006,58.65326,32251.768,
Equatorial Guinea,GNQ,2007,59.71977,35540.45,
Equatorial Guinea,GNQ,2008,60.83563,39994.617,
Equatorial Guinea,GNQ,2009,61.996166,38706.605,
Equatorial Guinea,GNQ,2010,63.200127,33668.875,
Equatorial Guinea,GNQ,2011,64.44448,34341.934,
Equatorial Guinea,GNQ,2012,65.72646,35711.492,
Equatorial Guinea,GNQ,2013,66.58244,32894.37,
Equatorial Guinea,GNQ,2014,66.84947,31765.9,
Equatorial Guinea,GNQ,2015,67.11353,27797.795,
Equatorial Guinea,GNQ,2016,67.37214,24435.064,
Equatorial Guinea,GNQ,2017,67.62382,22250.44,
Equatorial Guinea,GNQ,1990,,1122.8176,
Equatorial Guinea,GNQ,1991,,1070.8276,
Equatorial Guinea,GNQ,1992,,1390.4791,
Equatorial Guinea,GNQ,1993,,1487.812,
Equatorial Guinea,GNQ,1994,,1672.3455,
Equatorial Guinea,GNQ,1995,,1892.1166,
Equatorial Guinea,GNQ,1996,,3033.8403,
Equatorial Guinea,GNQ,1997,,7296.1,
Equatorial Guinea,GNQ,1998,,8684.657,
Equatorial Guinea,GNQ,1999,,10492.465,
Equatorial Guinea,GNQ,2018,,20165.48,
Equatorial Guinea,GNQ,2019,,18446.592,
Equatorial Guinea,GNQ,2020,,17089.154,
Equatorial Guinea,GNQ,2021,,16821.45,
Equatorial Guinea,GNQ,2022,,16932.771,
Equatorial Guinea,GNQ,2023,,15688.238,Africa
Equatorial Guinea,GNQ,2024,,15454.429,
Eritrea,ERI,2000,68.6656,,
Eritrea,ERI,2001,68.62242,,
Eritrea,ERI,2002,68.59389,,
Eritrea,ERI,2003,68.57985,,
Eritrea,ERI,2004,68.58052,,
Eritrea,ERI,2005,68.5953,,
Eritrea,ERI,2006,68.625206,,
Eritrea,ERI,2007,68.669205,,
Eritrea,ERI,2008,68.72875,,
Eritrea,ERI,2009,68.62615,,
Eritrea,ERI,2010,68.53077,,
Eritrea,ERI,2011,68.44311,,
Eritrea,ERI,2012,68.362785,,
Eritrea,ERI,2013,68.63085,,
Eritrea,ERI,2014,68.90069,,
Eritrea,ERI,2015,69.17272,,
Eritrea,ERI,2016,69.44697,,
Eritrea,ERI,2023,,,Africa
Estonia,EST,2000,97.36215,20739.39,
Estonia,EST,2001,97.52317,22099.34,
Estonia,EST,2002,97.68529,23781.652,
Estonia,EST,2003,97.84845,25749.28,
Estonia,EST,2004,98.01272,27665.307,
Estonia,EST,2005,98.17809,30473.78,
Estonia,EST,2006,98.344536,33646.617,
Estonia,EST,2007,98.51209,36359.465,
Estonia,EST,2008,98.68077,34588.55,
Estonia,EST,2009,98.850555,29585.145,
Estonia,EST,2010,99.02144,30379.11,
Estonia,EST,2011,99.19345,32789.434,
Estonia,EST,2012,99.368164,34115.363,
Estonia,EST,2013,99.54379,34838.363,
Estonia,EST,2014,99.718124,36090.492,
Estonia,EST,2015,99.89119,36729.81,
Estonia,EST,2016,99.91524,37854.844,
Estonia,EST,2017,99.93915,39939.457,
Estonia,EST,2018,99.96316,41273.2,
Estonia,EST,2019,99.98729,42652.535,
Estonia,EST,2020,100,41340.766,
Estonia,EST,2021,100,44251.54,
Estonia,EST,2022,100,43690.414,
Estonia,EST,1990,,19360.027,
Estonia,EST,1991,,17900.922,
Estonia,EST,1992,,14371.319,
Estonia,EST,1993,,13899.588,
Estonia,EST,1994,,13966.819,
Estonia,EST,1995,,14862.045,
Estonia,EST,1996,,15828.491,
Estonia,EST,1997,,18099.44,
Estonia,EST,1998,,19067.197,
Estonia,EST,1999,,18930.328,
Estonia,EST,2023,,41706.52,Europe
Estonia,EST,2024,,41546.12,
Eswatini,SWZ,2000,58.17507,6189.645,
Eswatini,SWZ,2001,59.25166,6197.5034,
Eswatini,SWZ,2002,60.331,6417.81,
Eswatini,SWZ,2003,61.413074,6621.4663,
Eswatini,SWZ,2004,62.49712,6820.126,
Eswatini,SWZ,2005,63.584236,7189.969,
Eswatini,SWZ,2006,64.673676,7582.758,
Eswatini,SWZ,2007,65.78138,7873.565,
Eswatini,SWZ,2008,66.98861,7884.8647,
Eswatini,SWZ,2009,68.19224,7957.0938,
Eswatini,SWZ,2010,69.39226,8210.697,
Eswatini,SWZ,2011,70.58892,8348.774,
Eswatini,SWZ,2012,71.760735,8752.114,
Eswatini,SWZ,2013,72.93013,9040.765,
Eswatini,SWZ,2014,74.09681,9119.664,
Eswatini,SWZ,2015,75.26104,9253.291,
Eswatini,SWZ,2016,76.42458,9629.556,
Eswatini,SWZ,2017,77.58699,9696.552,
Eswatini,SWZ,2018,78.74831,9632.162,
Eswatini,SWZ,2019,79.90831,10123.316,
Eswatini,SWZ,2020,81.06679,9727.514,
Eswatini,SWZ,2021,82.22352,9946.041,
Eswatini,SWZ,2022,83.378494,9955.709,
Eswatini,SWZ,1990,,5522.299,
Eswatini,SWZ,1991,,5398.2373,
Eswatini,SWZ,1992,,5364.323,
Eswatini,SWZ,1993,,5372.064,
Eswatini,SWZ,1994,,5501.631,
Eswatini,SWZ,1995,,5771.75,
Eswatini,SWZ,1996,,5875.988,
Eswatini,SWZ,1997,,5957.236,
Eswatini,SWZ,1998,,6034.327,
Eswatini,SWZ,1999,,6145.32,
Eswatini,SWZ,2023,,10201.638,Africa
Eswatini,SWZ,2024,,10367.269,
Ethiopia,ETH,2000,25.498114,810.27075,
Ethiopia,ETH,2001,28.006351,851.3134,
Ethiopia,ETH,2002,30.508553,838.29803,
Ethiopia,ETH,2003,33.00239,795.77216,
Ethiopia,ETH,2004,35.488457,877.1145,
Ethiopia,ETH,2005,37.966602,952.11566,
Ethiopia,ETH,2006,40.437294,1024.7291,
Ethiopia,ETH,2007,42.909115,1109.1433,
Ethiopia,ETH,2008,45.470142,1193.7473,
Ethiopia,ETH,2009,48.01575,1262.464,
Ethiopia,ETH,2010,50.547054,1381.1904,
Ethiopia,ETH,2011,53.06243,1492.5339,
Ethiopia,ETH,2012,55.56233,1576.7688,
Ethiopia,ETH,2013,58.03766,1696.8651,
Ethiopia,ETH,2014,60.496708,1821.3916,
Ethiopia,ETH,2015,62.93851,1957.4146,
Ethiopia,ETH,2016,65.36293,2084.8406,
Ethiopia,ETH,2017,67.768715,2222.8281,
Ethiopia,ETH,2018,70.1564,2311.165,
Ethiopia,ETH,2019,72.52537,2437.9705,
Ethiopia,ETH,2020,74.87469,2516.549,
Ethiopia,ETH,2021,77.20404,2588.413,
Ethiopia,ETH,2022,79.51256,2655.5928,
Ethiopia,ETH,1990,,874.3469,
Ethiopia,ETH,1991,,777.52356,
Ethiopia,ETH,1992,,680.8348,
Ethiopia,ETH,1993,,743.7085,
Ethiopia,ETH,1994,,741.17664,
Ethiopia,ETH,1995,,760.26434,
Ethiopia,ETH,1996,,826.99164,
Ethiopia,ETH,1997,,826.0052,
Ethiopia,ETH,1998,,772.7866,
Ethiopia,ETH,1999,,787.67957,
Ethiopia,ETH,2023,,2757.9592,Africa
Ethiopia,ETH,2024,,2884.2646,
Ethiopia (former),OWID_ERE,2023,,,Africa
Europe (WHO),,2000,97.47969,,
Europe (WHO),,2001,97.525406,,
Europe (WHO),,2002,97.602554,,
Europe (WHO),,2003,97.68188,,
Europe (WHO),,2004,97.76128,,
Europe (WHO),,2005,97.91863,,
Europe (WHO),,2006,97.99545,,
Europe (WHO),,2007,98.07233,,
Europe (WHO),,2008,98.153824,,
Europe (WHO),,2009,98.22894,,
Europe (WHO),,2010,98.2724,,
Europe (WHO),,2011,98.31532,,
Europe (WHO),,2012,98.35676,,
Europe (WHO),,2013,98.39696,,
Europe (WHO),,2014,98.43557,,
Europe (WHO),,2015,98.47416,,
Europe (WHO),,2016,98.51305,,
Europe (WHO),,2017,98.5525,,
Europe (WHO),,2018,98.58743,,
Europe (WHO),,2019,98.61929,,
Europe (WHO),,2020,98.6384,,
Europe (WHO),,2021,98.63629,,
Europe (WHO),,2022,98.61388,,
Europe and Central Asia (WB),,1990,,28303.111,
Europe and Central Asia (WB),,1991,,27818.629,
Europe and Central Asia (WB),,1992,,26890.139,
Europe and Central Asia (WB),,1993,,26233.746,
Europe and Central Asia (WB),,1994,,25898.807,
Europe and Central Asia (WB),,1995,,26213.533,
Europe and Central Asia (WB),,1996,,26510.943,
Europe and Central Asia (WB),,1997,,27220.38,
Europe and Central Asia (WB),,1998,,27718.611,
Europe and Central Asia (WB),,1999,,28496.81,
Europe and Central Asia (WB),,2000,,29840.36,
Europe and Central Asia (WB),,2001,,30566.281,
Europe and Central Asia (WB),,2002,,31151.129,
Europe and Central Asia (WB),,2003,,31866.83,
Europe and Central Asia (WB),,2004,,33038.332,
Europe and Central Asia (WB),,2005,,34031.465,
Europe and Central Asia (WB),,2006,,35511.223,
Europe and Central Asia (WB),,2007,,36980.34,
Europe and Central Asia (WB),,2008,,37451.137,
Europe and Central Asia (WB),,2009,,35503.695,
Europe and Central Asia (WB),,2010,,36392.715,
Europe and Central Asia (WB),,2011,,37343.21,
Europe and Central Asia (WB),,2012,,37463.918,
Europe and Central Asia (WB),,2013,,37729.74,
Europe and Central Asia (WB),,2014,,38210.57,
Europe and Central Asia (WB),,2015,,38660.05,
Europe and Central Asia (WB),,2016,,39174.887,
Europe and Central Asia (WB),,2017,,40198.49,
Europe and Central Asia (WB),,2018,,41007.37,
Europe and Central Asia (WB),,2019,,41700.03,
Europe and Central Asia (WB),,2020,,39619.543,
Europe and Central Asia (WB),,2021,,42234.934,
Europe and Central Asia (WB),,2022,,43268.746,
Europe and Central Asia (WB),,2023,,43956.47,
Europe and Central Asia (WB),,2024,,44689.504,
Europe and Northern America (SDG),,2000,98.813965,,
Europe and Northern America (SDG),,2001,98.8282,,
Europe and Northern America (SDG),,2002,98.85445,,
Europe and Northern America (SDG),,2003,98.88135,,
Europe and Northern America (SDG),,2004,98.90779,,
Europe and Northern America (SDG),,2005,98.90153,,
Europe and Northern America (SDG),,2006,98.92544,,
Europe and Northern America (SDG),,2007,98.94909,,
Europe and Northern America (SDG),,2008,98.9762,,
Europe and Northern America (SDG),,2009,98.99814,,
Europe and Northern America (SDG),,2010,99.01678,,
Europe and Northern America (SDG),,2011,99.035164,,
Europe and Northern America (SDG),,2012,99.05221,,
Europe and Northern America (SDG),,2013,99.06837,,
Europe and Northern America (SDG),,2014,99.08403,,
Europe and Northern America (SDG),,2015,99.09889,,
Europe and Northern America (SDG),,2016,99.11335,,
Europe and Northern America (SDG),,2017,99.127815,,
Europe and Northern America (SDG),,2018,99.142525,,
Europe and Northern America (SDG),,2019,99.15627,,
Europe and Northern America (SDG),,2020,99.16997,,
Europe and Northern America (SDG),,2021,99.18237,,
Europe and Northern America (SDG),,2022,99.206924,,
European Union (27),,1990,,33427.37,
European Union (27),,1991,,33588.76,
European Union (27),,1992,,33687.715,
European Union (27),,1993,,33386.113,
European Union (27),,1994,,34203.68,
European Union (27),,1995,,35118.984,
European Union (27),,1996,,35779.22,
European Union (27),,1997,,36643.305,
European Union (27),,1998,,37667.035,
European Union (27),,1999,,38693.86,
European Union (27),,2000,,40167.445,
European Union (27),,2001,,41016.188,
European Union (27),,2002,,41430.637,
European Union (27),,2003,,41736.848,
European Union (27),,2004,,42733.555,
European Union (27),,2005,,43484.223,
European Union (27),,2006,,44953.477,
European Union (27),,2007,,46281.79,
European Union (27),,2008,,46530.23,
European Union (27),,2009,,44438.83,
European Union (27),,2010,,45260.875,
European Union (27),,2011,,46216.594,
European Union (27),,2012,,45800.617,
European Union (27),,2013,,45735.46,
European Union (27),,2014,,46465.14,
European Union (27),,2015,,47500.19,
European Union (27),,2016,,48356.707,
European Union (27),,2017,,49714.68,
European Union (27),,2018,,50726.645,
European Union (27),,2019,,51683.465,
European Union (27),,2020,,48792.117,
European Union (27),,2021,,51978.496,
European Union (27),,2022,,53686.57,
European Union (27),,2023,,53779.48,
European Union (27),,2024,,54290.992,
Falkland Islands,FLK,2012,94.48846,,
Falkland Islands,FLK,2013,94.602165,,
Falkland Islands,FLK,2014,94.71283,,
Falkland Islands,FLK,2015,94.82,,
Falkland Islands,FLK,2016,94.923904,,
Falkland Islands,FLK,2017,95.02474,,
Falkland Islands,FLK,2018,95.12253,,
Falkland Islands,FLK,2019,95.217255,,
Falkland Islands,FLK,2020,95.30893,,
Falkland Islands,FLK,2023,,,South America
Faroe Islands,FRO,2000,100,,
Faroe Islands,FRO,2001,100,,
Faroe Islands,FRO,2002,100,,
Faroe Islands,FRO,2003,100,,
Faroe Islands,FRO,2004,100,,
Faroe Islands,FRO,2005,100,,
Faroe Islands,FRO,2006,100,,
Faroe Islands,FRO,2007,100,,
Faroe Islands,FRO,2008,100,53528.785,
Faroe Islands,FRO,2009,100,50835.953,
Faroe Islands,FRO,2010,100,50782.34,
Faroe Islands,FRO,2011,100,52716.934,
Faroe Islands,FRO,2012,100,56744.652,
Faroe Islands,FRO,2013,100,60123.727,
Faroe Islands,FRO,2014,100,63151.504,
Faroe Islands,FRO,2015,100,63139.805,
Faroe Islands,FRO,2016,100,63286.586,
Faroe Islands,FRO,2017,100,64574.492,
Faroe Islands,FRO,2018,100,65297.312,
Faroe Islands,FRO,2019,100,67210.43,
Faroe Islands,FRO,2020,100,65136.57,
Faroe Islands,FRO,2021,100,67770.49,
Faroe Islands,FRO,2022,100,69370.95,
Faroe Islands,FRO,2023,,70428.96,Europe
Federal Republic of Central America,,2023,,,North America
Fiji,FJI,2000,95.66216,9426.114,
Fiji,FJI,2001,95.68556,9516.328,
Fiji,FJI,2002,95.70897,9724.101,
Fiji,FJI,2003,95.727066,9727.956,
Fiji,FJI,2004,95.745514,10148.878,
Fiji,FJI,2005,95.76414,10127.111,
Fiji,FJI,2006,95.78311,10222.198,
Fiji,FJI,2007,95.80239,10050.951,
Fiji,FJI,2008,95.8279,10092.18,
Fiji,FJI,2009,95.855225,9910.175,
Fiji,FJI,2010,95.88299,10167.35,
Fiji,FJI,2011,95.91108,10412.996,
Fiji,FJI,2012,95.93961,10537.692,
Fiji,FJI,2013,95.968346,11019.299,
Fiji,FJI,2014,95.99746,11621.13,
Fiji,FJI,2015,96.026955,12131.092,
Fiji,FJI,2016,96.05677,12419.826,
Fiji,FJI,2017,96.08684,13090.501,
Fiji,FJI,2018,96.11722,13612.952,
Fiji,FJI,2019,96.14771,13567.474,
Fiji,FJI,2020,96.17825,11254.97,
Fiji,FJI,2021,96.20889,10685.197,
Fiji,FJI,2022,96.23965,12762.347,
Fiji,FJI,1990,,8126.8906,
Fiji,FJI,1991,,7843.1626,
Fiji,FJI,1992,,8261.304,
Fiji,FJI,1993,,8383.651,
Fiji,FJI,1994,,8762.415,
Fiji,FJI,1995,,8936.778,
Fiji,FJI,1996,,9306.982,
Fiji,FJI,1997,,9008.645,
Fiji,FJI,1998,,9013.452,
Fiji,FJI,1999,,9693.8125,
Fiji,FJI,2023,,13652.491,Oceania
Fiji,FJI,2024,,14104.443,
Finland,FIN,2000,100,46968.84,
Finland,FIN,2001,100,48099.3,
Finland,FIN,2002,100,48792.49,
Finland,FIN,2003,100,49655.547,
Finland,FIN,2004,100,51494.707,
Finland,FIN,2005,100,52744.047,
Finland,FIN,2006,100,54653.98,
Finland,FIN,2007,100,57313.293,
Finland,FIN,2008,100,57494.586,
Finland,FIN,2009,100,52599.15,
Finland,FIN,2010,100,54017.945,
Finland,FIN,2011,100,55053.39,
Finland,FIN,2012,100,53957.668,
Finland,FIN,2013,100,53183.43,
Finland,FIN,2014,100,52710.734,
Finland,FIN,2015,100,52782.49,
Finland,FIN,2016,100,53984.633,
Finland,FIN,2017,100,55637.227,
Finland,FIN,2018,100,56226.336,
Finland,FIN,2019,100,56922.49,
Finland,FIN,2020,100,55424.86,
Finland,FIN,2021,100,56790.375,
Finland,FIN,2022,100,57068.305,
Finland,FIN,1990,,38807.117,
Finland,FIN,1991,,36326.082,
Finland,FIN,1992,,34926.383,
Finland,FIN,1993,,34486.754,
Finland,FIN,1994,,35699.72,
Finland,FIN,1995,,37069.63,
Finland,FIN,1996,,38301.51,
Finland,FIN,1997,,40630.92,
Finland,FIN,1998,,42733.445,
Finland,FIN,1999,,44505.71,
Finland,FIN,2023,,56246.44,Europe
Finland,FIN,2024,,55628.68,
France,FRA,2000,100,45922.48,
France,FRA,2001,100,46454.87,
France,FRA,2002,100,46610.78,
France,FRA,2003,100,46730.977,
France,FRA,2004,100,47720.44,
France,FRA,2005,100,48257.465,
France,FRA,2006,100,49223.246,
France,FRA,2007,100,50157.785,
France,FRA,2008,100,50068.297,
France,FRA,2009,100,48404.965,
France,FRA,2010,100,49130.42,
France,FRA,2011,100,50085.684,
France,FRA,2012,100,49935.625,
France,FRA,2013,100,50066.53,
France,FRA,2014,100,50326.566,
France,FRA,2015,100,50682.895,
France,FRA,2016,100,50984.074,
France,FRA,2017,100,51895.566,
France,FRA,2018,100,52560.953,
France,FRA,2019,100,53448.555,
France,FRA,2020,100,49311.332,
France,FRA,2021,100,52517.336,
France,FRA,2022,100,53691.617,
France,FRA,1990,,38655.887,
France,FRA,1991,,38937.953,
France,FRA,1992,,39331.902,
France,FRA,1993,,39020.613,
France,FRA,1994,,39801.39,
France,FRA,1995,,40570.72,
France,FRA,1996,,40990.74,
France,FRA,1997,,41876.934,
France,FRA,1998,,43162.543,
France,FRA,1999,,44400.137,
France,FRA,2023,,54017.875,Europe
France,FRA,2024,,54464.98,
French Guiana,GUF,2001,92.75883,,
French Guiana,GUF,2002,92.75883,,
French Guiana,GUF,2003,92.75883,,
French Guiana,GUF,2004,92.75883,,
French Guiana,GUF,2005,92.75883,,
French Guiana,GUF,2006,92.858826,,
French Guiana,GUF,2007,92.95883,,
French Guiana,GUF,2008,93.05883,,
French Guiana,GUF,2009,93.15883,,
French Guiana,GUF,2010,93.25883,,
French Guiana,GUF,2011,93.35883,,
French Guiana,GUF,2012,93.45883,,
French Guiana,GUF,2013,93.55883,,
French Guiana,GUF,2014,93.65884,,
French Guiana,GUF,2015,93.758835,,
French Guiana,GUF,2016,93.85883,,
French Guiana,GUF,2017,93.95883,,
French Guiana,GUF,2018,94.05884,,
French Guiana,GUF,2019,94.15884,,
French Guiana,GUF,2020,94.258835,,
French Guiana,GUF,2021,94.35884,,
French Guiana,GUF,2022,94.35884,,
French Guiana,GUF,2023,,,South America
French Polynesia,PYF,2000,99.99984,,
French Polynesia,PYF,2001,99.999886,,
French Polynesia,PYF,2002,99.99992,,
French Polynesia,PYF,2003,99.99997,,
French Polynesia,PYF,2004,100,,
French Polynesia,PYF,2005,100,,
French Polynesia,PYF,2006,100,,
French Polynesia,PYF,2007,100,,
French Polynesia,PYF,2008,100,,
French Polynesia,PYF,2009,100,,
French Polynesia,PYF,2010,100,,
French Polynesia,PYF,2011,100,,
French Polynesia,PYF,2012,100,,
French Polynesia,PYF,2013,100,,
French Polynesia,PYF,2014,100,,
French Polynesia,PYF,2015,100,,
French Polynesia,PYF,2016,100,,
French Polynesia,PYF,2017,100,,
French Polynesia,PYF,2018,100,,
French Polynesia,PYF,2019,100,,
French Polynesia,PYF,2020,100,,
French Polynesia,PYF,2021,100,,
French Polynesia,PYF,2022,100,,
French Polynesia,PYF,2023,,,Oceania
Gabon,GAB,2000,84.18373,21717.225,
Gabon,GAB,2001,84.87855,21604.781,
Gabon,GAB,2002,85.55054,20981.48,
Gabon,GAB,2003,86.19977,20875.455,
Gabon,GAB,2004,86.82677,20438.932,
Gabon,GAB,2005,87.431625,20385.29,
Gabon,GAB,2006,88.01582,19224.127,
Gabon,GAB,2007,88.57942,19751.877,
Gabon,GAB,2008,89.123825,18493.092,
Gabon,GAB,2009,89.64827,17911.146,
Gabon,GAB,2010,90.15456,18530.576,
Gabon,GAB,2011,90.64277,19153.088,
Gabon,GAB,2012,91.114204,19450.402,
Gabon,GAB,2013,91.56819,19836.455,
Gabon,GAB,2014,92.00267,20008.99,
Gabon,GAB,2015,92.41801,20147.71,
Gabon,GAB,2016,92.81567,19988.176,
Gabon,GAB,2017,93.19706,19555.707,
Gabon,GAB,2018,93.56316,19225.598,
Gabon,GAB,2019,93.91461,19491.406,
Gabon,GAB,2020,94.25298,18681.484,
Gabon,GAB,2021,94.57882,18523.58,
Gabon,GAB,2022,94.89295,18662.049,
Gabon,GAB,1990,,23884.81,
Gabon,GAB,1991,,24665.68,
Gabon,GAB,1992,,23268.998,
Gabon,GAB,1993,,23551.682,
Gabon,GAB,1994,,23794.314,
Gabon,GAB,1995,,24344.186,
Gabon,GAB,1996,,24595.973,
Gabon,GAB,1997,,25359.66,
Gabon,GAB,1998,,25585.508,
Gabon,GAB,1999,,22713.715,
Gabon,GAB,2023,,18702.691,Africa
Gabon,GAB,2024,,18923.09,
Gambia,GMB,2000,82.873085,2658.6177,
Gambia,GMB,2001,83.35941,2737.696,
Gambia,GMB,2002,83.83784,2578.5571,
Gambia,GMB,2003,84.303734,2682.48,
Gambia,GMB,2004,84.74513,2794.1936,
Gambia,GMB,2005,85.17994,2653.6423,
Gambia,GMB,2006,85.608154,2564.6865,
Gambia,GMB,2007,86.0298,2567.1572,
Gambia,GMB,2008,86.444984,2649.611,
Gambia,GMB,2009,86.85332,2745.3254,
Gambia,GMB,2010,87.25513,2824.2126,
Gambia,GMB,2011,87.65026,2519.8398,
Gambia,GMB,2012,88.03892,2574.935,
Gambia,GMB,2013,88.420715,2572.4473,
Gambia,GMB,2014,88.79565,2465.1096,
Gambia,GMB,2015,89.16374,2495.9575,
Gambia,GMB,2016,89.52496,2478.4604,
Gambia,GMB,2017,89.87951,2533.1868,
Gambia,GMB,2018,90.227455,2651.4329,
Gambia,GMB,2019,90.56892,2750.8213,
Gambia,GMB,2020,90.90403,2702.319,
Gambia,GMB,2021,91.23288,2777.7961,
Gambia,GMB,2022,91.555664,2863.1804,
Gambia,GMB,1990,,2653.783,
Gambia,GMB,1991,,2623.6416,
Gambia,GMB,1992,,2604.269,
Gambia,GMB,1993,,2586.1304,
Gambia,GMB,1994,,2508.104,
Gambia,GMB,1995,,2456.0007,
Gambia,GMB,1996,,2439.0454,
Gambia,GMB,1997,,2486.938,
Gambia,GMB,1998,,2502.765,
Gambia,GMB,1999,,2589.9778,
Gambia,GMB,2023,,2932.2805,Africa
Gambia,GMB,2024,,3030.974,
Georgia,GEO,2000,94.560585,5706.2725,
Georgia,GEO,2001,94.66595,6074.0864,
Georgia,GEO,2002,94.79655,6464.325,
Georgia,GEO,2003,94.95608,7227.737,
Georgia,GEO,2004,95.114075,7693.915,
Georgia,GEO,2005,95.27055,8485.587,
Georgia,GEO,2006,95.4256,9337.989,
Georgia,GEO,2007,95.57919,10567.274,
Georgia,GEO,2008,95.73127,10856.104,
Georgia,GEO,2009,95.881836,10553.09,
Georgia,GEO,2010,96.030975,11294.368,
Georgia,GEO,2011,96.17861,12288.683,
Georgia,GEO,2012,96.32481,13193.96,
Georgia,GEO,2013,96.46945,13913.002,
Georgia,GEO,2014,96.61267,14475.313,
Georgia,GEO,2015,96.75441,14936.844,
Georgia,GEO,2016,96.895195,15442.956,
Georgia,GEO,2017,97.03484,16237.624,
Georgia,GEO,2018,97.1734,17228.68,
Georgia,GEO,2019,97.3108,18186.88,
Georgia,GEO,2020,97.44704,17031.145,
Georgia,GEO,2021,97.582,18915.654,
Georgia,GEO,2022,97.71569,20966.527,
Georgia,GEO,1990,,12917.095,
Georgia,GEO,1991,,10120.163,
Georgia,GEO,1992,,5533.211,
Georgia,GEO,1993,,3882.0203,
Georgia,GEO,1994,,3532.32,
Georgia,GEO,1995,,3762.8115,
Georgia,GEO,1996,,4339.005,
Georgia,GEO,1997,,4951.813,
Georgia,GEO,1998,,5233.2886,
Georgia,GEO,1999,,5495.245,
Georgia,GEO,2023,,22590.53,Asia
Georgia,GEO,2024,,25000.633,
Germany,DEU,2000,100,49979.133,
Germany,DEU,2001,100,50711.68,
Germany,DEU,2002,100,50510.906,
Germany,DEU,2003,100,50215.426,
Germany,DEU,2004,100,50810.145,
Germany,DEU,2005,100,51289.28,
Germany,DEU,2006,100,53326.977,
Germany,DEU,2007,100,54941.6,
Germany,DEU,2008,100,55547.312,
Germany,DEU,2009,100,52600.234,
Germany,DEU,2010,100,54865.43,
Germany,DEU,2011,100,57992.367,
Germany,DEU,2012,100,58158.137,
Germany,DEU,2013,100,58223.65,
Germany,DEU,2014,100,59239.34,
Germany,DEU,2015,100,59699.34,
Germany,DEU,2016,100,60578.285,
Germany,DEU,2017,100,61991.496,
Germany,DEU,2018,100,62495.5,
Germany,DEU,2019,100,62970.715,
Germany,DEU,2020,100,60342.664,
Germany,DEU,2021,100,62530.766,
Germany,DEU,2022,100,62931.97,
Germany,DEU,1990,,42373.53,
Germany,DEU,1991,,44214.754,
Germany,DEU,1992,,44763.664,
Germany,DEU,1993,,44037.523,
Germany,DEU,1994,,45024.992,
Germany,DEU,1995,,45568.676,
Germany,DEU,1996,,45908.664,
Germany,DEU,1997,,46691.82,
Germany,DEU,1998,,47663.336,
Germany,DEU,1999,,48647.168,
Germany,DEU,2023,,62686.54,Europe
Germany,DEU,2024,,62829.797,
Ghana,GHA,2000,74.85001,3327.352,
Ghana,GHA,2001,75.83127,3369.507,
Ghana,GHA,2002,76.804344,3425.6182,
Ghana,GHA,2003,77.76918,3507.751,
Ghana,GHA,2004,78.726006,3607.3652,
Ghana,GHA,2005,79.67376,3721.3079,
Ghana,GHA,2006,80.61319,3857.8616,
Ghana,GHA,2007,81.54402,3923.1257,
Ghana,GHA,2008,82.46624,4174.7812,
Ghana,GHA,2009,83.37915,4269.16,
Ghana,GHA,2010,84.28365,4495.689,
Ghana,GHA,2011,85.179085,5005.367,
Ghana,GHA,2012,86.06527,5339.7134,
Ghana,GHA,2013,86.94183,5593.775,
Ghana,GHA,2014,87.80887,5619.0723,
Ghana,GHA,2015,88.66644,5607.366,
Ghana,GHA,2016,89.51463,5666.078,
Ghana,GHA,2017,90.353355,5993.631,
Ghana,GHA,2018,91.1827,6234.512,
Ghana,GHA,2019,92.00262,6508.2466,
Ghana,GHA,2020,92.813354,6412.6855,
Ghana,GHA,2021,93.61488,6607.503,
Ghana,GHA,2022,94.3045,6728.454,
Ghana,GHA,1990,,2785.6711,
Ghana,GHA,1991,,2859.827,
Ghana,GHA,1992,,2897.8354,
Ghana,GHA,1993,,2964.266,
Ghana,GHA,1994,,2989.3474,
Ghana,GHA,1995,,3039.6887,
Ghana,GHA,1996,,3106.1855,
Ghana,GHA,1997,,3160.445,
Ghana,GHA,1998,,3229.4822,
Ghana,GHA,1999,,3290.2686,
Ghana,GHA,2023,,6808.5376,Africa
Ghana,GHA,2024,,7061.934,
Gibraltar,GIB,2000,100,,
Gibraltar,GIB,2001,100,,
Gibraltar,GIB,2002,100,,
Gibraltar,GIB,2003,100,,
Gibraltar,GIB,2004,100,,
Gibraltar,GIB,2005,100,,
Gibraltar,GIB,2006,100,,
Gibraltar,GIB,2007,100,,
Gibraltar,GIB,2008,100,,
Gibraltar,GIB,2009,100,,
Gibraltar,GIB,2010,100,,
Gibraltar,GIB,2011,100,,
Gibraltar,GIB,2012,100,,
Gibraltar,GIB,2013,100,,
Gibraltar,GIB,2014,100,,
Gibraltar,GIB,2015,100,,
Gibraltar,GIB,2016,100,,
Gibraltar,GIB,2017,100,,
Gibraltar,GIB,2018,100,,
Gibraltar,GIB,2019,100,,
Gibraltar,GIB,2020,100,,
Gibraltar,GIB,2021,100,,
Gibraltar,GIB,2022,100,,
Gibraltar,GIB,2023,,,Europe
Grand Duchy of Baden,,2023,,,Europe
Grand Duchy of Tuscany,,2023,,,Europe
Great Colombia,,2023,,,South America
Greece,GRC,2000,99.68616,31386.64,
Greece,GRC,2001,99.710144,32675.93,
Greece,GRC,2002,99.73541,34081.027,
Greece,GRC,2003,99.76014,35970.703,
Greece,GRC,2004,99.78434,37811.492,
Greece,GRC,2005,99.808,38146.965,
Greece,GRC,2006,99.83112,40483.156,
Greece,GRC,2007,99.85375,41796.234,
Greece,GRC,2008,99.875854,41709.387,
Greece,GRC,2009,99.89747,39886.215,
Greece,GRC,2010,99.91857,37566.75,
Greece,GRC,2011,99.9392,33906.492,
Greece,GRC,2012,99.95935,31250.227,
Greece,GRC,2013,99.97902,30762.443,
Greece,GRC,2014,99.99823,31213.377,
Greece,GRC,2015,100,31347.977,
Greece,GRC,2016,100,31468.62,
Greece,GRC,2017,100,31995.41,
Greece,GRC,2018,100,32722.33,
Greece,GRC,2019,100,33502.75,
Greece,GRC,2020,100,30487.113,
Greece,GRC,2021,99.99999,33531.156,
Greece,GRC,2022,100,35906.613,
Greece,GRC,1990,,26916.312,
Greece,GRC,1991,,27419.604,
Greece,GRC,1992,,27401.424,
Greece,GRC,1993,,26804.854,
Greece,GRC,1994,,27204.396,
Greece,GRC,1995,,27646.148,
Greece,GRC,1996,,27905.107,
Greece,GRC,1997,,28768.24,
Greece,GRC,1998,,29592.525,
Greece,GRC,1999,,30263.055,
Greece,GRC,2023,,36854.504,Europe
Greece,GRC,2024,,37752.633,
Greenland,GRL,2000,100,44991.676,
Greenland,GRL,2001,100,45405.855,
Greenland,GRL,2002,100,44793.27,
Greenland,GRL,2003,100,46649.047,
Greenland,GRL,2004,100,49742.06,
Greenland,GRL,2005,100,52189,
Greenland,GRL,2006,100,55243.71,
Greenland,GRL,2007,100,56763.24,
Greenland,GRL,2008,100,60506.195,
Greenland,GRL,2009,100,61035.566,
Greenland,GRL,2010,100,61863.28,
Greenland,GRL,2011,100,61170.92,
Greenland,GRL,2012,100,62111.1,
Greenland,GRL,2013,100,61659.64,
Greenland,GRL,2014,100,64799.305,
Greenland,GRL,2015,100,63364.055,
Greenland,GRL,2016,100,66245.73,
Greenland,GRL,2017,100,66297.18,
Greenland,GRL,2018,100,66887.68,
Greenland,GRL,2019,100,68534.945,
Greenland,GRL,2020,100,68533.734,
Greenland,GRL,2021,100,69302.01,
Greenland,GRL,2022,100,70681.23,
Greenland,GRL,1990,,38137.57,
Greenland,GRL,1991,,38162.934,
Greenland,GRL,1992,,36343.125,
Greenland,GRL,1993,,34578.348,
Greenland,GRL,1994,,36428.914,
Greenland,GRL,1995,,37584.07,
Greenland,GRL,1996,,38090.71,
Greenland,GRL,1997,,38581.215,
Greenland,GRL,1998,,41500.23,
Greenland,GRL,1999,,42072.055,
Greenland,GRL,2023,,71037.54,North America
Grenada,GRD,2000,94.440926,11632.175,
Grenada,GRD,2001,94.67606,11340.183,
Grenada,GRD,2002,94.9112,11684.859,
Grenada,GRD,2003,95.14634,12734.325,
Grenada,GRD,2004,95.38148,12601.071,
Grenada,GRD,2005,95.616615,14220.552,
Grenada,GRD,2006,95.851746,13602.686,
Grenada,GRD,2007,96.08688,14385.092,
Grenada,GRD,2008,96.32202,14472.423,
Grenada,GRD,2009,96.55716,13471.83,
Grenada,GRD,2010,96.7923,13363.092,
Grenada,GRD,2011,97.027435,13406.06,
Grenada,GRD,2012,97.13703,13169.461,
Grenada,GRD,2013,96.79013,13394.521,
Grenada,GRD,2014,96.79013,14296.709,
Grenada,GRD,2015,96.79013,15145.972,
Grenada,GRD,2016,96.79013,15650.412,
Grenada,GRD,2017,96.79013,16301.473,
Grenada,GRD,1990,,8889.363,
Grenada,GRD,1991,,8937.777,
Grenada,GRD,1992,,8791.143,
Grenada,GRD,1993,,8553.276,
Grenada,GRD,1994,,8634.374,
Grenada,GRD,1995,,8756.181,
Grenada,GRD,1996,,9082.281,
Grenada,GRD,1997,,9473.579,
Grenada,GRD,1998,,10515.55,
Grenada,GRD,1999,,11165.327,
Grenada,GRD,2018,,16975.248,
Grenada,GRD,2019,,17047.355,
Grenada,GRD,2020,,14656.721,
Grenada,GRD,2021,,15298.123,
Grenada,GRD,2022,,16386.463,
Grenada,GRD,2023,,17128.697,North America
Grenada,GRD,2024,,17742.176,
Guadeloupe,GLP,2001,99.137726,,
Guadeloupe,GLP,2002,99.137726,,
Guadeloupe,GLP,2003,99.137726,,
Guadeloupe,GLP,2004,99.137726,,
Guadeloupe,GLP,2005,99.137726,,
Guadeloupe,GLP,2006,99.18458,,
Guadeloupe,GLP,2007,99.23142,,
Guadeloupe,GLP,2008,99.278275,,
Guadeloupe,GLP,2009,99.32513,,
Guadeloupe,GLP,2010,99.37198,,
Guadeloupe,GLP,2011,99.41883,,
Guadeloupe,GLP,2012,99.465675,,
Guadeloupe,GLP,2013,99.51253,,
Guadeloupe,GLP,2014,99.55938,,
Guadeloupe,GLP,2015,99.60623,,
Guadeloupe,GLP,2016,99.65308,,
Guadeloupe,GLP,2017,99.69993,,
Guadeloupe,GLP,2018,99.74678,,
Guadeloupe,GLP,2019,99.79363,,
Guadeloupe,GLP,2020,99.840485,,
Guadeloupe,GLP,2021,99.88733,,
Guadeloupe,GLP,2022,99.88733,,
Guadeloupe,GLP,2023,,,North America
Guam,GUM,2000,99.4,,
Guam,GUM,2001,99.4246,,
Guam,GUM,2002,99.4492,,
Guam,GUM,2003,99.4738,,
Guam,GUM,2004,99.4984,,
Guam,GUM,2005,99.523,,
Guam,GUM,2006,99.5476,,
Guam,GUM,2007,99.5722,,
Guam,GUM,2008,99.5968,,
Guam,GUM,2009,99.6214,,
Guam,GUM,2010,99.646,,
Guam,GUM,2011,99.6706,,
Guam,GUM,2012,99.6952,,
Guam,GUM,2013,99.6952,,
Guam,GUM,2014,99.6952,,
Guam,GUM,2015,99.6952,,
Guam,GUM,2016,99.6952,,
Guam,GUM,2017,99.6952,,
Guam,GUM,2018,99.6952,,
Guam,GUM,2019,99.6952,,
Guam,GUM,2020,99.6952,,
Guam,GUM,2021,99.6952,,
Guam,GUM,2022,99.6952,,
Guam,GUM,2023,,,Oceania
Guatemala,GTM,2000,86.96901,8770.404,
Guatemala,GTM,2001,87.39757,8771.155,
Guatemala,GTM,2002,87.82303,8901.536,
Guatemala,GTM,2003,88.241806,8926.153,
Guatemala,GTM,2004,88.655495,9003.857,
Guatemala,GTM,2005,89.06618,9099.723,
Guatemala,GTM,2006,89.474,9386.001,
Guatemala,GTM,2007,89.87908,9772.805,
Guatemala,GTM,2008,90.28142,9889.572,
Guatemala,GTM,2009,90.68064,9740.709,
Guatemala,GTM,2010,91.077225,9825.018,
Guatemala,GTM,2011,91.470825,10032.088,
Guatemala,GTM,2012,91.86165,10126.828,
Guatemala,GTM,2013,92.25074,10297.839,
Guatemala,GTM,2014,92.63792,10553.563,
Guatemala,GTM,2015,93.02318,10785.958,
Guatemala,GTM,2016,93.40609,10872.594,
Guatemala,GTM,2017,93.78663,11005.459,
Guatemala,GTM,2018,94.16462,11192.372,
Guatemala,GTM,2019,94.53973,11466.376,
Guatemala,GTM,2020,94.911865,11097.15,
Guatemala,GTM,2021,95.28087,11825.141,
Guatemala,GTM,2022,95.646545,12147.931,
Guatemala,GTM,1990,,7594.7285,
Guatemala,GTM,1991,,7662.167,
Guatemala,GTM,1992,,7822.26,
Guatemala,GTM,1993,,7915.4067,
Guatemala,GTM,1994,,8018.2793,
Guatemala,GTM,1995,,8195.346,
Guatemala,GTM,1996,,8222.065,
Guatemala,GTM,1997,,8364.161,
Guatemala,GTM,1998,,8559.986,
Guatemala,GTM,1999,,8668.427,
Guatemala,GTM,2023,,12384.948,North America
Guatemala,GTM,2024,,12640.887,
Guernsey,GGY,2023,,,Europe
Guinea,GIN,2000,64.13131,2358.2876,
Guinea,GIN,2001,65.03689,2412.7517,
Guinea,GIN,2002,65.94015,2498.1318,
Guinea,GIN,2003,66.84139,2473.2341,
Guinea,GIN,2004,67.74027,2477.503,
Guinea,GIN,2005,68.63678,2501.2217,
Guinea,GIN,2006,69.53121,2478.6133,
Guinea,GIN,2007,70.42323,2587.005,
Guinea,GIN,2008,71.31281,2629.5398,
Guinea,GIN,2009,72.19996,2537.3064,
Guinea,GIN,2010,73.08494,2594.8306,
Guinea,GIN,2011,73.96744,2673.4087,
Guinea,GIN,2012,74.84744,2762.9036,
Guinea,GIN,2013,75.72494,2802.56,
Guinea,GIN,2014,76.5999,2834.9663,
Guinea,GIN,2015,77.47579,2869.8516,
Guinea,GIN,2016,78.35242,3099.7888,
Guinea,GIN,2017,79.22956,3332.7659,
Guinea,GIN,2018,80.107025,3455.645,
Guinea,GIN,2019,80.98436,3557.4624,
Guinea,GIN,2020,81.86186,3630.9934,
Guinea,GIN,2021,82.739075,3738.8052,
Guinea,GIN,2022,83.616035,3792.0107,
Guinea,GIN,1990,,2105.7473,
Guinea,GIN,1991,,2075.992,
Guinea,GIN,1992,,2076.5505,
Guinea,GIN,1993,,2115.8665,
Guinea,GIN,1994,,2134.8977,
Guinea,GIN,1995,,2171.7256,
Guinea,GIN,1996,,2205.3237,
Guinea,GIN,1997,,2272.411,
Guinea,GIN,1998,,2311.3274,
Guinea,GIN,1999,,2346.2703,
Guinea,GIN,2023,,3904.824,Africa
Guinea,GIN,2024,,4028.4834,
Guinea-Bissau,GNB,2000,57.624382,1950.8013,
Guinea-Bissau,GNB,2001,58.541763,2001.1652,
Guinea-Bissau,GNB,2002,59.45789,2029.1843,
Guinea-Bissau,GNB,2003,60.372093,1978.1233,
Guinea-Bissau,GNB,2004,61.284676,1955.6943,
Guinea-Bissau,GNB,2005,62.194996,2035.6814,
Guinea-Bissau,GNB,2006,63.10399,2040.172,
Guinea-Bissau,GNB,2007,64.01101,2040.9401,
Guinea-Bissau,GNB,2008,64.91635,2080.143,
Guinea-Bissau,GNB,2009,65.81939,2077.5588,
Guinea-Bissau,GNB,2010,66.721344,2138.0269,
Guinea-Bissau,GNB,2011,67.62157,2250.9204,
Guinea-Bissau,GNB,2012,68.52035,2154.3022,
Guinea-Bissau,GNB,2013,69.417366,2166.008,
Guinea-Bissau,GNB,2014,70.312874,2130.1912,
Guinea-Bissau,GNB,2015,71.20687,2203.485,
Guinea-Bissau,GNB,2016,72.09904,2265.5718,
Guinea-Bissau,GNB,2017,72.98935,2314.158,
Guinea-Bissau,GNB,2018,73.87808,2344.8694,
Guinea-Bissau,GNB,2019,74.764915,2418.104,
Guinea-Bissau,GNB,2020,75.64984,2413.6792,
Guinea-Bissau,GNB,2021,76.53284,2483.8506,
Guinea-Bissau,GNB,2022,76.64793,2564.424,
Guinea-Bissau,GNB,1990,,1944.2279,
Guinea-Bissau,GNB,1991,,2000.3027,
Guinea-Bissau,GNB,1992,,1963.6382,
Guinea-Bissau,GNB,1993,,1939.7544,
Guinea-Bissau,GNB,1994,,1940.8092,
Guinea-Bissau,GNB,1995,,1975.6958,
Guinea-Bissau,GNB,1996,,2159.3997,
Guinea-Bissau,GNB,1997,,2256.3323,
Guinea-Bissau,GNB,1998,,1717.5686,
Guinea-Bissau,GNB,1999,,1968.6896,
Guinea-Bissau,GNB,2023,,2619.4136,Africa
Guinea-Bissau,GNB,2024,,2685.6174,
Guyana,GUY,2000,90.364426,8025.2935,
Guyana,GUY,2001,90.72801,8212.043,
Guyana,GUY,2002,91.091995,8314.027,
Guyana,GUY,2003,91.447716,8267.429,
Guyana,GUY,2004,91.8022,8404.2,
Guyana,GUY,2005,92.157845,8256.525,
Guyana,GUY,2006,92.51469,8702.331,
Guyana,GUY,2007,92.87267,9354.08,
Guyana,GUY,2008,93.23179,9546.709,
Guyana,GUY,2009,93.59208,9924.526,
Guyana,GUY,2010,93.95348,10374.395,
Guyana,GUY,2011,94.315994,10958.86,
Guyana,GUY,2012,94.69129,11534.999,
Guyana,GUY,2013,95.0666,11896.907,
Guyana,GUY,2014,95.442535,12030.053,
Guyana,GUY,2015,95.818985,12040.083,
Guyana,GUY,2016,96.19589,12420.473,
Guyana,GUY,2017,96.5732,12801.641,
Guyana,GUY,2018,96.95069,12980.357,
Guyana,GUY,2019,97.3284,13402.422,
Guyana,GUY,2020,97.68692,19234.13,
Guyana,GUY,2021,98.00797,22865.928,
Guyana,GUY,2022,98.32838,37068.2,
Guyana,GUY,1990,,5074.431,
Guyana,GUY,1991,,5396.4634,
Guyana,GUY,1992,,5799.2183,
Guyana,GUY,1993,,6247.866,
Guyana,GUY,1994,,6755.3286,
Guyana,GUY,1995,,7071.213,
Guyana,GUY,1996,,7612.304,
Guyana,GUY,1997,,8064.5674,
Guyana,GUY,1998,,7915.2295,
Guyana,GUY,1999,,8139.97,
Guyana,GUY,2023,,49312.36,South America
Guyana,GUY,2024,,70297.41,
Haiti,HTI,2000,63.196526,3256.6294,
Haiti,HTI,2001,64.13964,3186.834,
Haiti,HTI,2002,65.08934,3163.5898,
Haiti,HTI,2003,66.04273,3216.8018,
Haiti,HTI,2004,66.72867,3120.844,
Haiti,HTI,2005,67.381874,3163.1138,
Haiti,HTI,2006,68.0341,3164.8237,
Haiti,HTI,2007,68.68419,3258.3665,
Haiti,HTI,2008,69.33322,3289.7053,
Haiti,HTI,2009,69.978546,3426.3892,
Haiti,HTI,2010,70.62165,3195.2483,
Haiti,HTI,2011,71.26177,3320.347,
Haiti,HTI,2012,71.8989,3285.7075,
Haiti,HTI,2013,72.53154,3376.64,
Haiti,HTI,2014,73.16081,3423.653,
Haiti,HTI,2015,73.78597,3422.0974,
Haiti,HTI,2016,74.40231,3435.7312,
Haiti,HTI,2017,75.0081,3474.347,
Haiti,HTI,2018,75.60381,3485.6968,
Haiti,HTI,2019,76.189545,3381.5847,
Haiti,HTI,2020,76.50986,3229.4756,
Haiti,HTI,2021,76.82301,3134.9502,
Haiti,HTI,2022,77.12902,3047.6519,
Haiti,HTI,1990,,3946.3657,
Haiti,HTI,1991,,3939.535,
Haiti,HTI,1992,,3656.5833,
Haiti,HTI,1993,,3390.8813,
Haiti,HTI,1994,,2928.675,
Haiti,HTI,1995,,3157.7832,
Haiti,HTI,1996,,3226.6687,
Haiti,HTI,1997,,3252.0269,
Haiti,HTI,1998,,3261.5867,
Haiti,HTI,1999,,3288.6855,
Haiti,HTI,2023,,2956.4622,North America
Haiti,HTI,2024,,2800.6611,
High-income countries,,2000,98.224075,41003.016,
High-income countries,,2001,98.25143,41524.766,
High-income countries,,2002,99.00537,42060.25,
High-income countries,,2003,99.025276,42913.387,
High-income countries,,2004,99.04585,44305.617,
High-income countries,,2005,99.04011,45478.45,
High-income countries,,2006,99.06406,46856.066,
High-income countries,,2007,99.09311,48080.31,
High-income countries,,2008,99.12568,48267.582,
High-income countries,,2009,99.15433,46254.605,
High-income countries,,2010,99.17985,47506.582,
High-income countries,,2011,99.20581,48413.254,
High-income countries,,2012,99.23174,48866.867,
High-income countries,,2013,99.257484,49344.992,
High-income countries,,2014,99.28489,50113.035,
High-income countries,,2015,99.407776,50871.79,
High-income countries,,2016,99.42302,51469.168,
High-income countries,,2017,99.43735,52524.293,
High-income countries,,2018,99.44734,53620.7,
High-income countries,,2019,99.456726,54478.742,
High-income countries,,2020,99.46281,52198.977,
High-income countries,,2021,99.470085,55348.598,
High-income countries,,2022,99.4827,56725.566,
High-income countries,,1990,,34971.098,
High-income countries,,1991,,34862.188,
High-income countries,,1992,,34746.383,
High-income countries,,1993,,34676.234,
High-income countries,,1994,,35186.555,
High-income countries,,1995,,35860.742,
High-income countries,,1996,,36595.3,
High-income countries,,1997,,37609.848,
High-income countries,,1998,,38271.55,
High-income countries,,1999,,39430.875,
High-income countries,,2023,,57349.35,
High-income countries,,2024,,58151.273,
Honduras,HND,2000,85.48603,4579.6895,
Honduras,HND,2001,86.05014,4578.9478,
Honduras,HND,2002,86.63446,4627.023,
Honduras,HND,2003,87.21409,4714.867,
Honduras,HND,2004,87.7875,4885.343,
Honduras,HND,2005,88.353806,5056.6753,
Honduras,HND,2006,88.91368,5263.1504,
Honduras,HND,2007,89.4668,5461.9014,
Honduras,HND,2008,90.0133,5566.7065,
Honduras,HND,2009,90.55273,5313.756,
Honduras,HND,2010,91.08553,5396.0723,
Honduras,HND,2011,91.61131,5488.4336,
Honduras,HND,2012,92.13047,5600.608,
Honduras,HND,2013,92.6425,5644.134,
Honduras,HND,2014,93.1478,5705.1626,
Honduras,HND,2015,93.6458,5812.5347,
Honduras,HND,2016,94.13679,5926.49,
Honduras,HND,2017,94.62073,6099.6074,
Honduras,HND,2018,95.09756,6219.28,
Honduras,HND,2019,95.56737,6264.019,
Honduras,HND,2020,96.030235,5603.264,
Honduras,HND,2021,96.48614,6202.981,
Honduras,HND,2022,96.86385,6352.587,
Honduras,HND,1990,,4427.04,
Honduras,HND,1991,,4160.3857,
Honduras,HND,1992,,4289.476,
Honduras,HND,1993,,4440.229,
Honduras,HND,1994,,4325.2285,
Honduras,HND,1995,,4464.5796,
Honduras,HND,1996,,4421.521,
Honduras,HND,1997,,4497.236,
Honduras,HND,1998,,4536.912,
Honduras,HND,1999,,4386.7114,
Honduras,HND,2023,,6467.88,North America
Honduras,HND,2024,,6585.8555,
Hong Kong,HKG,2000,98.744255,39848.61,
Hong Kong,HKG,2001,98.828026,39777.883,
Hong Kong,HKG,2002,98.9118,40258.207,
Hong Kong,HKG,2003,98.99556,41570.598,
Hong Kong,HKG,2004,99.07933,44836.203,
Hong Kong,HKG,2005,99.1631,47938.895,
Hong Kong,HKG,2006,99.246864,50981.76,
Hong Kong,HKG,2007,99.330635,53813.074,
Hong Kong,HKG,2008,99.414406,54630.375,
Hong Kong,HKG,2009,99.49818,53172.305,
Hong Kong,HKG,2010,99.58194,56355.402,
Hong Kong,HKG,2011,99.66571,58672.81,
Hong Kong,HKG,2012,99.74948,59015.305,
Hong Kong,HKG,2013,99.833244,60601.574,
Hong Kong,HKG,2014,99.917015,61839.777,
Hong Kong,HKG,2015,100,62779.72,
Hong Kong,HKG,2016,100,63749.383,
Hong Kong,HKG,2017,100,65662.81,
Hong Kong,HKG,2018,100,66993.93,
Hong Kong,HKG,2019,100,65388.332,
Hong Kong,HKG,2020,100,61328.54,
Hong Kong,HKG,2021,100,65884.94,
Hong Kong,HKG,2022,100,64036.668,
Hong Kong,HKG,1990,,31598.854,
Hong Kong,HKG,1991,,33124.797,
Hong Kong,HKG,1992,,34895.875,
Hong Kong,HKG,1993,,36428.65,
Hong Kong,HKG,1994,,37767.297,
Hong Kong,HKG,1995,,37905.715,
Hong Kong,HKG,1996,,37804.145,
Hong Kong,HKG,1997,,39402.652,
Hong Kong,HKG,1998,,36776.43,
Hong Kong,HKG,1999,,37339.953,
Hong Kong,HKG,2023,,64428.73,Asia
Hong Kong,HKG,2024,,66171.36,
Hungary,HUN,2000,99.96458,22117.92,
Hungary,HUN,2001,99.964676,23069.21,
Hungary,HUN,2002,99.96508,24229.295,
Hungary,HUN,2003,99.9655,25255.871,
Hungary,HUN,2004,99.965904,26568.12,
Hungary,HUN,2005,99.96637,27765.79,
Hungary,HUN,2006,99.9669,28903.047,
Hungary,HUN,2007,99.96744,29044.066,
Hungary,HUN,2008,99.96796,29384.008,
Hungary,HUN,2009,99.968475,27445.959,
Hungary,HUN,2010,99.96893,27801.834,
Hungary,HUN,2011,99.969376,28415.117,
Hungary,HUN,2012,99.9697,28179.656,
Hungary,HUN,2013,99.96997,28891.021,
Hungary,HUN,2014,99.97025,30264.95,
Hungary,HUN,2015,99.97053,31485.568,
Hungary,HUN,2016,99.9708,32378.967,
Hungary,HUN,2017,99.97109,33828.715,
Hungary,HUN,2018,100,35798.043,
Hungary,HUN,2019,100,37662.676,
Hungary,HUN,2020,100,36119.52,
Hungary,HUN,2021,100,38887.19,
Hungary,HUN,2022,100,40656.97,
Hungary,HUN,1990,,21297,
Hungary,HUN,1991,,18765.416,
Hungary,HUN,1992,,18197.531,
Hungary,HUN,1993,,18113.336,
Hungary,HUN,1994,,18672.707,
Hungary,HUN,1995,,18977.244,
Hungary,HUN,1996,,19029.113,
Hungary,HUN,1997,,19635.295,
Hungary,HUN,1998,,20438.383,
Hungary,HUN,1999,,21128.889,
Hungary,HUN,2023,,40368.59,Europe
Hungary,HUN,2024,,40702.152,
Iceland,ISL,2000,100,47771.21,
Iceland,ISL,2001,100,49032.37,
Iceland,ISL,2002,100,48868.566,
Iceland,ISL,2003,100,49571.195,
Iceland,ISL,2004,100,52971.832,
Iceland,ISL,2005,100,55333.227,
Iceland,ISL,2006,100,57463.75,
Iceland,ISL,2007,100,60765.203,
Iceland,ISL,2008,100,60963.543,
Iceland,ISL,2009,100,56099.65,
Iceland,ISL,2010,100,54588.973,
Iceland,ISL,2011,100,55426.992,
Iceland,ISL,2012,100,55719.26,
Iceland,ISL,2013,100,57707.42,
Iceland,ISL,2014,100,58031.86,
Iceland,ISL,2015,100,59978.332,
Iceland,ISL,2016,100,62880.26,
Iceland,ISL,2017,100,63999.16,
Iceland,ISL,2018,100,65354.26,
Iceland,ISL,2019,100,65122.754,
Iceland,ISL,2020,100,59627.242,
Iceland,ISL,2021,100,61610.215,
Iceland,ISL,2022,100,65475.41,
Iceland,ISL,1990,,40116.754,
Iceland,ISL,1991,,39565.79,
Iceland,ISL,1992,,37753.465,
Iceland,ISL,1993,,37862.387,
Iceland,ISL,1994,,38890.207,
Iceland,ISL,1995,,38724.902,
Iceland,ISL,1996,,40275.477,
Iceland,ISL,1997,,42252.47,
Iceland,ISL,1998,,44880.496,
Iceland,ISL,1999,,46130.184,
Iceland,ISL,2023,,67177.2,Europe
Iceland,ISL,2024,,65645.09,
India,IND,2000,84.0739,3099.503,
India,IND,2001,84.71246,3188.8103,
India,IND,2002,85.35778,3250.6956,
India,IND,2003,85.999535,3445.926,
India,IND,2004,86.63781,3656.1262,
India,IND,2005,87.27232,3881.966,
India,IND,2006,87.90318,4129.7783,
India,IND,2007,88.53043,4379.696,
India,IND,2008,89.15403,4450.39,
India,IND,2009,89.77375,4731.362,
India,IND,2010,90.38964,5059.2827,
India,IND,2011,91.001755,5249.5493,
India,IND,2012,91.61069,5460.4375,
India,IND,2013,92.21614,5732.2417,
India,IND,2014,92.81799,6079.8438,
India,IND,2015,93.41604,6488.146,
India,IND,2016,94.010056,6940.626,
India,IND,2017,94.599884,7326.607,
India,IND,2018,95.18526,7714.34,
India,IND,2019,95.76596,7930.0913,
India,IND,2020,96.34179,7399.531,
India,IND,2021,96.91255,8050.0186,
India,IND,2022,97.47801,8594.392,
India,IND,1990,,2203.147,
India,IND,1991,,2178.686,
India,IND,1992,,2249.698,
India,IND,1993,,2307.6072,
India,IND,1994,,2411.4626,
India,IND,1995,,2542.422,
India,IND,1996,,2680.2788,
India,IND,1997,,2734.521,
India,IND,1998,,2847.9624,
India,IND,1999,,3041.4827,
India,IND,2023,,9301.756,Asia
India,IND,2024,,9817.071,
Indonesia,IDN,2000,75.87514,6056.382,
Indonesia,IDN,2001,76.85721,6190.5195,
Indonesia,IDN,2002,77.82984,6381.9497,
Indonesia,IDN,2003,78.79275,6599.092,
Indonesia,IDN,2004,79.74628,6843.5464,
Indonesia,IDN,2005,80.68929,7140.8545,
Indonesia,IDN,2006,81.62242,7434.488,
Indonesia,IDN,2007,82.5452,7802.464,
Indonesia,IDN,2008,83.45798,8165.0615,
Indonesia,IDN,2009,84.35998,8435.456,
Indonesia,IDN,2010,85.24809,8848.225,
Indonesia,IDN,2011,86.10932,9274.97,
Indonesia,IDN,2012,86.96153,9708.612,
Indonesia,IDN,2013,87.80441,10121.814,
Indonesia,IDN,2014,88.63845,10504.387,
Indonesia,IDN,2015,89.463196,10893.662,
Indonesia,IDN,2016,90.278694,11319.663,
Indonesia,IDN,2017,91.08447,11772.574,
Indonesia,IDN,2018,91.8809,12262.231,
Indonesia,IDN,2019,92.667816,12757.785,
Indonesia,IDN,2020,93.445564,12388.545,
Indonesia,IDN,2021,94.213905,12757.074,
Indonesia,IDN,2022,94.97318,13334.266,
Indonesia,IDN,1990,,4873.0537,
Indonesia,IDN,1991,,5118.468,
Indonesia,IDN,1992,,5357.376,
Indonesia,IDN,1993,,5609.152,
Indonesia,IDN,1994,,5931.235,
Indonesia,IDN,1995,,6312.9346,
Indonesia,IDN,1996,,6695.4097,
Indonesia,IDN,1997,,6897.0024,
Indonesia,IDN,1998,,5897.6855,
Indonesia,IDN,1999,,5855.658,
Indonesia,IDN,2023,,13889.975,Asia
Indonesia,IDN,2024,,14470.4375,
Iran,IRN,2000,96.34618,10908.293,
Iran,IRN,2001,96.54272,10998.129,
Iran,IRN,2002,96.73435,11788.8955,
Iran,IRN,2003,96.92116,12666.201,
Iran,IRN,2004,97.10311,12935.786,
Iran,IRN,2005,97.28021,13056.25,
Iran,IRN,2006,97.45254,13416.842,
Iran,IRN,2007,97.61737,14275.749,
Iran,IRN,2008,97.776596,14138.801,
Iran,IRN,2009,97.93176,14104.979,
Iran,IRN,2010,98.08299,14737.156,
Iran,IRN,2011,98.230286,14941.26,
Iran,IRN,2012,98.37321,14202.551,
Iran,IRN,2013,98.51207,13804.791,
Iran,IRN,2014,98.6474,14299.571,
Iran,IRN,2015,98.77917,13905.192,
Iran,IRN,2016,98.90747,14915.594,
Iran,IRN,2017,99.03232,15108.109,
Iran,IRN,2018,99.15372,14642.498,
Iran,IRN,2019,99.27176,14040.665,
Iran,IRN,2020,99.38656,14397.153,
Iran,IRN,2021,99.49818,14951.895,
Iran,IRN,2022,99.60675,15331.333,
Iran,IRN,1990,,9046.585,
Iran,IRN,1991,,9923.821,
Iran,IRN,1992,,10050.382,
Iran,IRN,1993,,9867.293,
Iran,IRN,1994,,9681.262,
Iran,IRN,1995,,9804.55,
Iran,IRN,1996,,10315.138,
Iran,IRN,1997,,10329.857,
Iran,IRN,1998,,10400.861,
Iran,IRN,1999,,10459.124,
Iran,IRN,2023,,15912.03,Asia
Iran,IRN,2024,,16224.035,
Iraq,IRQ,2000,82.1241,12702.164,
Iraq,IRQ,2001,83.0113,12529.608,
Iraq,IRQ,2002,83.89664,11144.051,
Iraq,IRQ,2003,84.78011,6849.332,
Iraq,IRQ,2004,85.661736,10210.563,
Iraq,IRQ,2005,86.54148,10078.443,
Iraq,IRQ,2006,87.4191,10568.914,
Iraq,IRQ,2007,88.29514,10853.816,
Iraq,IRQ,2008,89.16931,11511.938,
Iraq,IRQ,2009,90.04141,11470.518,
Iraq,IRQ,2010,90.92543,11816.841,
Iraq,IRQ,2011,91.812744,12267.585,
Iraq,IRQ,2012,92.69421,13357.015,
Iraq,IRQ,2013,93.569855,13712.932,
Iraq,IRQ,2014,94.43988,13536.823,
Iraq,IRQ,2015,95.30427,13516.027,
Iraq,IRQ,2016,96.16397,15016.092,
Iraq,IRQ,2017,97.01853,14417.631,
Iraq,IRQ,2018,97.86738,14456.235,
Iraq,IRQ,2019,98.709915,14910.225,
Iraq,IRQ,2020,99.25207,12827.635,
Iraq,IRQ,2021,99.25787,12731.754,
Iraq,IRQ,2022,99.26391,13433.397,
Iraq,IRQ,1990,,10735.094,
Iraq,IRQ,1991,,3819.1619,
Iraq,IRQ,1992,,4916.264,
Iraq,IRQ,1993,,6105.0415,
Iraq,IRQ,1994,,6044.871,
Iraq,IRQ,1995,,5969.6694,
Iraq,IRQ,1996,,6419.3696,
Iraq,IRQ,1997,,7545.73,
Iraq,IRQ,1998,,9871.734,
Iraq,IRQ,1999,,11237.854,
Iraq,IRQ,2023,,13202.323,Asia
Iraq,IRQ,2024,,12725.043,
Ireland,IRL,2000,97.21169,53744.543,
Ireland,IRL,2001,97.14734,55702.17,
Ireland,IRL,2002,97.08263,58002.535,
Ireland,IRL,2003,97.01742,58785.215,
Ireland,IRL,2004,96.95181,61638.33,
Ireland,IRL,2005,96.88583,63771.594,
Ireland,IRL,2006,96.819595,65171.504,
Ireland,IRL,2007,96.75351,66676.46,
Ireland,IRL,2008,96.68714,62401.406,
Ireland,IRL,2009,96.62051,58623.117,
Ireland,IRL,2010,96.553604,59285.81,
Ireland,IRL,2011,96.48642,60001.08,
Ireland,IRL,2012,96.41896,59508.996,
Ireland,IRL,2013,96.35124,60494.164,
Ireland,IRL,2014,96.28324,65660.18,
Ireland,IRL,2015,96.21498,81053.35,
Ireland,IRL,2016,96.14644,80997.586,
Ireland,IRL,2017,96.077446,87942.445,
Ireland,IRL,2018,96.00794,93214.336,
Ireland,IRL,2019,96.004105,96369.65,
Ireland,IRL,2020,96.00006,101970.81,
Ireland,IRL,2021,95.995834,116903.61,
Ireland,IRL,2022,95.9914,124489.375,
Ireland,IRL,1990,,29593.922,
Ireland,IRL,1991,,29992.049,
Ireland,IRL,1992,,30784.021,
Ireland,IRL,1993,,31455.295,
Ireland,IRL,1994,,33134.938,
Ireland,IRL,1995,,36141.523,
Ireland,IRL,1996,,38502.76,
Ireland,IRL,1997,,42319.918,
Ireland,IRL,1998,,45552.105,
Ireland,IRL,1999,,49784.297,
Ireland,IRL,2023,,115505.336,Europe
Ireland,IRL,2024,,115337.164,
Isle of Man,IMN,2009,98.65606,,
Isle of Man,IMN,2010,98.65606,,
Isle of Man,IMN,2011,98.65606,,
Isle of Man,IMN,2012,98.65606,,
Isle of Man,IMN,2013,98.65606,,
Isle of Man,IMN,2014,98.79248,,
Isle of Man,IMN,2015,98.9289,,
Isle of Man,IMN,2016,99.06532,,
Isle of Man,IMN,2017,99.201744,,
Isle of Man,IMN,2018,99.338165,,
Isle of Man,IMN,2019,99.47459,,
Isle of Man,IMN,2020,99.61101,,
Isle of Man,IMN,2021,99.74743,,
Isle of Man,IMN,2022,99.88385,,
Isle of Man,IMN,2023,,,Europe
Israel,ISR,2000,100,33275.062,
Israel,ISR,2001,100,32590.229,
Israel,ISR,2002,100,31897.584,
Israel,ISR,2003,100,31780.78,
Israel,ISR,2004,100,32675.209,
Israel,ISR,2005,100,33512.89,
Israel,ISR,2006,100,34770.027,
Israel,ISR,2007,100,36317.85,
Israel,ISR,2008,100,36827.926,
Israel,ISR,2009,100,36403.164,
Israel,ISR,2010,100,37722.41,
Israel,ISR,2011,100,39075.375,
Israel,ISR,2012,100,39299.35,
Israel,ISR,2013,100,40148.777,
Israel,ISR,2014,100,40872.582,
Israel,ISR,2015,100,40967.37,
Israel,ISR,2016,100,41963.676,
Israel,ISR,2017,100,42947.06,
Israel,ISR,2018,100,43814.297,
Israel,ISR,2019,100,44580.81,
Israel,ISR,2020,100,42915.94,
Israel,ISR,2021,100,46162.082,
Israel,ISR,2022,100,48098.188,
Israel,ISR,1990,,25335.271,
Israel,ISR,1991,,25698.93,
Israel,ISR,1992,,26752.4,
Israel,ISR,1993,,27123.107,
Israel,ISR,1994,,28393,
Israel,ISR,1995,,29470.816,
Israel,ISR,1996,,30386.197,
Israel,ISR,1997,,30707.006,
Israel,ISR,1998,,31246.857,
Israel,ISR,1999,,31465.613,
Israel,ISR,2023,,47527.152,Asia
Israel,ISR,2024,,47338.844,
Italy,ITA,2000,99.55706,50353.42,
Italy,ITA,2001,99.58277,51332.29,
Italy,ITA,2002,99.60848,51369.113,
Italy,ITA,2003,99.63419,51126.258,
Italy,ITA,2004,99.65991,51495.004,
Italy,ITA,2005,99.68562,51585.645,
Italy,ITA,2006,99.711334,52304.242,
Italy,ITA,2007,99.737045,52747.19,
Italy,ITA,2008,99.76276,51806.39,
Italy,ITA,2009,99.788475,48774.39,
Italy,ITA,2010,99.814186,49301.695,
Italy,ITA,2011,99.8399,49473.016,
Italy,ITA,2012,99.86561,47795.957,
Italy,ITA,2013,99.89132,46833.363,
Italy,ITA,2014,99.91703,46825.652,
Italy,ITA,2015,99.91703,47311.824,
Italy,ITA,2016,99.91703,47987.84,
Italy,ITA,2017,99.91703,48849.22,
Italy,ITA,2018,99.91703,49133.145,
Italy,ITA,2019,99.91703,49690.63,
Italy,ITA,2020,99.91703,45505.07,
Italy,ITA,2021,99.91703,49825.395,
Italy,ITA,2022,99.91703,52333.33,
Italy,ITA,1990,,42656.746,
Italy,ITA,1991,,43283.02,
Italy,ITA,1992,,43614.484,
Italy,ITA,1993,,43216.11,
Italy,ITA,1994,,44136.707,
Italy,ITA,1995,,45410.14,
Italy,ITA,1996,,46008.24,
Italy,ITA,1997,,46869.426,
Italy,ITA,1998,,47701.4,
Italy,ITA,1999,,48493.664,
Italy,ITA,2023,,52725.746,Europe
Italy,ITA,2024,,53115.137,
Jamaica,JAM,2000,93.66049,9518.231,
Jamaica,JAM,2001,93.81409,9585.314,
Jamaica,JAM,2002,93.96327,9716.8955,
Jamaica,JAM,2003,94.110634,10012.287,
Jamaica,JAM,2004,94.25734,10085.591,
Jamaica,JAM,2005,94.403076,10119.534,
Jamaica,JAM,2006,94.54806,10359.316,
Jamaica,JAM,2007,94.692154,10457.972,
Jamaica,JAM,2008,94.8355,10328.04,
Jamaica,JAM,2009,94.97797,9838.251,
Jamaica,JAM,2010,95.11961,9654.072,
Jamaica,JAM,2011,95.260506,9778.694,
Jamaica,JAM,2012,95.401474,9676.848,
Jamaica,JAM,2013,95.54248,9687.608,
Jamaica,JAM,2014,95.68342,9719.304,
Jamaica,JAM,2015,95.824135,9778.118,
Jamaica,JAM,2016,95.96457,9886.552,
Jamaica,JAM,2017,96.104576,9964.391,
Jamaica,JAM,2018,96.2441,10137.111,
Jamaica,JAM,2019,96.383,10216.065,
Jamaica,JAM,2020,96.397514,9178.32,
Jamaica,JAM,2021,96.4127,9577.164,
Jamaica,JAM,2022,96.42855,10072.049,
Jamaica,JAM,1990,,8742.165,
Jamaica,JAM,1991,,9084.997,
Jamaica,JAM,1992,,9171.616,
Jamaica,JAM,1993,,9932.031,
Jamaica,JAM,1994,,9966.491,
Jamaica,JAM,1995,,10098.98,
Jamaica,JAM,1996,,9990.347,
Jamaica,JAM,1997,,9785.762,
Jamaica,JAM,1998,,9475.902,
Jamaica,JAM,1999,,9501.015,
Jamaica,JAM,2023,,10332.055,North America
Jamaica,JAM,2024,,10259.995,
Japan,JPN,2000,98.50413,39005.914,
Japan,JPN,2001,98.50413,39062.28,
Japan,JPN,2002,98.50413,38987.91,
Japan,JPN,2003,98.50413,39501.81,
Japan,JPN,2004,98.50413,40351.777,
Japan,JPN,2005,98.54134,41075.824,
Japan,JPN,2006,98.57855,41613.15,
Japan,JPN,2007,98.61577,42182.176,
Japan,JPN,2008,98.65298,41645.57,
Japan,JPN,2009,98.69019,39279.5,
Japan,JPN,2010,98.7274,40881.797,
Japan,JPN,2011,98.76462,40967.344,
Japan,JPN,2012,98.80183,41596.92,
Japan,JPN,2013,98.83904,42492.242,
Japan,JPN,2014,98.87625,42674.7,
Japan,JPN,2015,98.91347,43386.71,
Japan,JPN,2016,98.950676,43736.13,
Japan,JPN,2017,98.98789,44505.277,
Japan,JPN,2018,99.0251,44848.49,
Japan,JPN,2019,99.06232,44730.91,
Japan,JPN,2020,99.09953,42992.48,
Japan,JPN,2021,99.13674,44355.348,
Japan,JPN,2022,99.13674,44972.344,
Japan,JPN,1990,,35272.418,
Japan,JPN,1991,,36372.035,
Japan,JPN,1992,,36563.62,
Japan,JPN,1993,,36277.92,
Japan,JPN,1994,,36568.71,
Japan,JPN,1995,,37442.895,
Japan,JPN,1996,,38528.793,
Japan,JPN,1997,,38814.254,
Japan,JPN,1998,,38217.195,
Japan,JPN,1999,,38020.094,
Japan,JPN,2023,,45858.66,Asia
Japan,JPN,2024,,46097.43,
Jersey,JEY,2023,,,Europe
Jordan,JOR,2000,98.775894,8086.922,
Jordan,JOR,2001,98.78182,8339.786,
Jordan,JOR,2002,98.78775,8638.08,
Jordan,JOR,2003,98.79365,8800.497,
Jordan,JOR,2004,98.79957,9326.668,
Jordan,JOR,2005,98.82607,9839.688,
Jordan,JOR,2006,98.85808,9977.759,
Jordan,JOR,2007,98.88833,10161.402,
Jordan,JOR,2008,98.9169,10641.59,
Jordan,JOR,2009,98.94374,10938.503,
Jordan,JOR,2010,98.969025,10953.538,
Jordan,JOR,2011,98.99278,10977.482,
Jordan,JOR,2012,99.01511,11086.03,
Jordan,JOR,2013,99.035995,10799.354,
Jordan,JOR,2014,99.0556,10148.998,
Jordan,JOR,2015,99.064545,9581.689,
Jordan,JOR,2016,99.07333,9321.904,
Jordan,JOR,2017,99.081924,9339.811,
Jordan,JOR,2018,99.09033,9311.531,
Jordan,JOR,2019,99.09856,9288.527,
Jordan,JOR,2020,99.1066,9022.64,
Jordan,JOR,2021,99.11002,9182.496,
Jordan,JOR,2022,99.113335,9266.575,
Jordan,JOR,1990,,7589.8203,
Jordan,JOR,1991,,7134.29,
Jordan,JOR,1992,,7737.969,
Jordan,JOR,1993,,7675.4717,
Jordan,JOR,1994,,7680.1406,
Jordan,JOR,1995,,7829.081,
Jordan,JOR,1996,,7731.4785,
Jordan,JOR,1997,,7775.5425,
Jordan,JOR,1998,,7826.74,
Jordan,JOR,1999,,7920.0195,
Jordan,JOR,2023,,9381.3545,Asia
Jordan,JOR,2024,,9520.251,
Kazakhstan,KAZ,2000,91.0644,12935.864,
Kazakhstan,KAZ,2001,91.47501,14612.029,
Kazakhstan,KAZ,2002,91.88513,15960.874,
Kazakhstan,KAZ,2003,92.29474,17344.752,
Kazakhstan,KAZ,2004,92.70386,18886.582,
Kazakhstan,KAZ,2005,93.112465,20565.53,
Kazakhstan,KAZ,2006,93.52058,22574.344,
Kazakhstan,KAZ,2007,93.92818,24351.346,
Kazakhstan,KAZ,2008,94.33529,24895.664,
Kazakhstan,KAZ,2009,94.7419,24901.354,
Kazakhstan,KAZ,2010,95.1479,26374.84,
Kazakhstan,KAZ,2011,95.55351,27946.16,
Kazakhstan,KAZ,2012,95.95862,28881.242,
Kazakhstan,KAZ,2013,96.31741,30177.488,
Kazakhstan,KAZ,2014,96.57822,30986.438,
Kazakhstan,KAZ,2015,96.83824,30893.76,
Kazakhstan,KAZ,2016,97.097404,30758.322,
Kazakhstan,KAZ,2017,97.35563,31524.441,
Kazakhstan,KAZ,2018,97.36133,32330.227,
Kazakhstan,KAZ,2019,97.36828,33298.21,
Kazakhstan,KAZ,2020,97.37639,32011.549,
Kazakhstan,KAZ,2021,97.38569,32945.85,
Kazakhstan,KAZ,1990,,16837.691,
Kazakhstan,KAZ,1991,,14877.527,
Kazakhstan,KAZ,1992,,14045.104,
Kazakhstan,KAZ,1993,,12795.875,
Kazakhstan,KAZ,1994,,11334.983,
Kazakhstan,KAZ,1995,,10600.33,
Kazakhstan,KAZ,1996,,10857.436,
Kazakhstan,KAZ,1997,,11298.58,
Kazakhstan,KAZ,1998,,11364.031,
Kazakhstan,KAZ,1999,,11815.773,
Kazakhstan,KAZ,2022,,33506.26,
Kazakhstan,KAZ,2023,,34703.234,Asia
Kazakhstan,KAZ,2024,,35905.44,
Kenya,KEN,2000,54.559586,3756.6362,
Kenya,KEN,2001,55.382507,3778.2585,
Kenya,KEN,2002,56.20107,3681.2568,
Kenya,KEN,2003,57.015125,3674.086,
Kenya,KEN,2004,57.82453,3743.5679,
Kenya,KEN,2005,58.628307,3844.7356,
Kenya,KEN,2006,59.427185,3970.7334,
Kenya,KEN,2007,60.221027,4116.451,
Kenya,KEN,2008,61.00969,4002.8835,
Kenya,KEN,2009,61.79226,4012.1943,
Kenya,KEN,2010,62.569393,4211.5244,
Kenya,KEN,2011,63.342785,4307.106,
Kenya,KEN,2012,64.111786,4387.938,
Kenya,KEN,2013,64.87683,4443.371,
Kenya,KEN,2014,65.63693,4558.552,
Kenya,KEN,2015,66.39216,4679.622,
Kenya,KEN,2016,67.142235,4770.3105,
Kenya,KEN,2017,67.886856,4846.8623,
Kenya,KEN,2018,68.62605,5017.668,
Kenya,KEN,2019,69.358925,5171.7124,
Kenya,KEN,2020,70.08577,5057.4014,
Kenya,KEN,2021,70.80601,5338.8525,
Kenya,KEN,2022,71.519615,5491.694,
Kenya,KEN,1990,,4177.486,
Kenya,KEN,1991,,4102.4766,
Kenya,KEN,1992,,3946.8408,
Kenya,KEN,1993,,3844.9204,
Kenya,KEN,1994,,3833.2236,
Kenya,KEN,1995,,3890.0986,
Kenya,KEN,1996,,3941.4092,
Kenya,KEN,1997,,3853.3713,
Kenya,KEN,1998,,3871.8218,
Kenya,KEN,1999,,3848.4646,
Kenya,KEN,2023,,5682.9893,Africa
Kenya,KEN,2024,,5823.4077,
Kingdom of Bavaria,,2023,,,Europe
Kingdom of Sardinia,,2023,,,Europe
Kingdom of Saxony,,2023,,,Europe
Kingdom of Wurttemberg,,2023,,,Europe
Kingdom of the Two Sicilies,,2023,,,Europe
Kiribati,KIR,2000,61.41501,2481.4153,
Kiribati,KIR,2001,62.194897,2357.5818,
Kiribati,KIR,2002,62.839737,2341.6956,
Kiribati,KIR,2003,63.48494,2258.034,
Kiribati,KIR,2004,64.13023,2199.6707,
Kiribati,KIR,2005,64.77533,2183.7812,
Kiribati,KIR,2006,65.551994,2264.1616,
Kiribati,KIR,2007,66.43363,2286.4465,
Kiribati,KIR,2008,67.32016,2172.3577,
Kiribati,KIR,2009,68.21073,2137.9658,
Kiribati,KIR,2010,69.10564,2119.6401,
Kiribati,KIR,2011,70.0049,2150.383,
Kiribati,KIR,2012,70.90852,2242.0137,
Kiribati,KIR,2013,71.815315,2382.3704,
Kiribati,KIR,2014,72.72619,2381.3484,
Kiribati,KIR,2015,73.64083,2615.8413,
Kiribati,KIR,2016,74.55463,2761.9336,
Kiribati,KIR,2017,75.46623,2822.6692,
Kiribati,KIR,2018,76.376144,2877.6016,
Kiribati,KIR,2019,77.28424,2927.4849,
Kiribati,KIR,2020,78.1898,2834.6858,
Kiribati,KIR,2021,79.09298,3020.494,
Kiribati,KIR,2022,79.99368,3107.7761,
Kiribati,KIR,1990,,2213.5403,
Kiribati,KIR,1991,,2047.1538,
Kiribati,KIR,1992,,2495.9963,
Kiribati,KIR,1993,,2455.45,
Kiribati,KIR,1994,,2468.7212,
Kiribati,KIR,1995,,2498.7876,
Kiribati,KIR,1996,,2455.501,
Kiribati,KIR,1997,,2439.4102,
Kiribati,KIR,1998,,2502.862,
Kiribati,KIR,1999,,2364.3462,
Kiribati,KIR,2023,,3140.5833,Oceania
Kiribati,KIR,2024,,3257.1362,
Korea (former),OWID_KRU,2023,,,Asia
Kosovo,OWID_KOS,2008,,7098.403,
Kosovo,OWID_KOS,2009,,7481.459,
Kosovo,OWID_KOS,2010,,7877.102,
Kosovo,OWID_KOS,2011,,8359.937,
Kosovo,OWID_KOS,2012,,8431.662,
Kosovo,OWID_KOS,2013,,8828.276,
Kosovo,OWID_KOS,2014,,9150.75,
Kosovo,OWID_KOS,2015,,9824.991,
Kosovo,OWID_KOS,2016,,10434.889,
Kosovo,OWID_KOS,2017,,10856.29,
Kosovo,OWID_KOS,2018,,11188.225,
Kosovo,OWID_KOS,2019,,11774.118,
Kosovo,OWID_KOS,2020,,11137.503,
Kosovo,OWID_KOS,2021,,12362.421,
Kosovo,OWID_KOS,2022,,13022.463,
Kosovo,OWID_KOS,2023,,14240.203,Europe
Kosovo,OWID_KOS,2024,,16380.868,
Kuwait,KWT,2000,100,60585.3,
Kuwait,KWT,2001,100,59099.664,
Kuwait,KWT,2002,100,59348.617,
Kuwait,KWT,2003,100,67984.31,
Kuwait,KWT,2004,100,73298.06,
Kuwait,KWT,2005,100,78193.9,
Kuwait,KWT,2006,100,79521.35,
Kuwait,KWT,2007,100,79474.76,
Kuwait,KWT,2008,100,77036.51,
Kuwait,KWT,2009,100,67896.266,
Kuwait,KWT,2010,100,62956.215,
Kuwait,KWT,2011,100,64844.5,
Kuwait,KWT,2012,100,64908.26,
Kuwait,KWT,2013,100,62458.81,
Kuwait,KWT,2014,100,60065.656,
Kuwait,KWT,2015,100,57763.516,
Kuwait,KWT,2016,100,56936.62,
Kuwait,KWT,2017,100,52285.586,
Kuwait,KWT,2018,100,51623.81,
Kuwait,KWT,2019,100,51380.645,
Kuwait,KWT,2020,100,49372.574,
Kuwait,KWT,2021,100,50651.957,
Kuwait,KWT,2022,100,51379.883,
Kuwait,KWT,1990,,38932.945,
Kuwait,KWT,1991,,28633.969,
Kuwait,KWT,1992,,43266.934,
Kuwait,KWT,1993,,56684.188,
Kuwait,KWT,1994,,61753.848,
Kuwait,KWT,1995,,64093.52,
Kuwait,KWT,1996,,62665.223,
Kuwait,KWT,1997,,62151.953,
Kuwait,KWT,1998,,62450.09,
Kuwait,KWT,1999,,59533.953,
Kuwait,KWT,2023,,47777.402,Asia
Kuwait,KWT,2024,,45426.945,
Kyrgyzstan,KGZ,2000,80.98145,3638.4631,
Kyrgyzstan,KGZ,2001,80.98102,3795.8906,
Kyrgyzstan,KGZ,2002,81.63705,3760.5325,
Kyrgyzstan,KGZ,2003,82.292885,3982.9272,
Kyrgyzstan,KGZ,2004,82.948944,4211.5225,
Kyrgyzstan,KGZ,2005,83.60482,4156.9585,
Kyrgyzstan,KGZ,2006,84.26092,4240.1704,
Kyrgyzstan,KGZ,2007,84.91684,4558.713,
Kyrgyzstan,KGZ,2008,85.572784,4894.943,
Kyrgyzstan,KGZ,2009,86.22892,4969.9614,
Kyrgyzstan,KGZ,2010,86.88879,4876.4795,
Kyrgyzstan,KGZ,2011,87.55213,5092.8516,
Kyrgyzstan,KGZ,2012,88.218666,4993.3945,
Kyrgyzstan,KGZ,2013,88.88764,5418.5405,
Kyrgyzstan,KGZ,2014,89.5588,5513.7544,
Kyrgyzstan,KGZ,2015,90.2317,5600.2144,
Kyrgyzstan,KGZ,2016,90.89571,5715.0103,
Kyrgyzstan,KGZ,2017,91.466034,5861.222,
Kyrgyzstan,KGZ,2018,92.03569,5951.8286,
Kyrgyzstan,KGZ,2019,92.603905,6087.602,
Kyrgyzstan,KGZ,2020,93.60004,5537.7954,
Kyrgyzstan,KGZ,2021,93.62943,5736.479,
Kyrgyzstan,KGZ,2022,93.661354,6139.778,
Kyrgyzstan,KGZ,1990,,6095.681,
Kyrgyzstan,KGZ,1991,,5520.4297,
Kyrgyzstan,KGZ,1992,,4701.991,
Kyrgyzstan,KGZ,1993,,3973.8833,
Kyrgyzstan,KGZ,1994,,3176.9238,
Kyrgyzstan,KGZ,1995,,2974.7117,
Kyrgyzstan,KGZ,1996,,3138.6663,
Kyrgyzstan,KGZ,1997,,3399.9343,
Kyrgyzstan,KGZ,1998,,3419.2234,
Kyrgyzstan,KGZ,1999,,3491.9377,
Kyrgyzstan,KGZ,2023,,6575.7754,Asia
Kyrgyzstan,KGZ,2024,,7046.31,
Land Locked Developing Countries,,2000,60.28416,,
Land Locked Developing Countries,,2001,61.227974,,
Land Locked Developing Countries,,2002,62.24169,,
Land Locked Developing Countries,,2003,63.237133,,
Land Locked Developing Countries,,2004,64.30703,,
Land Locked Developing Countries,,2005,65.39343,,
Land Locked Developing Countries,,2006,66.4799,,
Land Locked Developing Countries,,2007,67.609314,,
Land Locked Developing Countries,,2008,68.76121,,
Land Locked Developing Countries,,2009,69.90071,,
Land Locked Developing Countries,,2010,71.05303,,
Land Locked Developing Countries,,2011,72.037895,,
Land Locked Developing Countries,,2012,73.185875,,
Land Locked Developing Countries,,2013,74.34522,,
Land Locked Developing Countries,,2014,75.51149,,
Land Locked Developing Countries,,2015,76.68939,,
Land Locked Developing Countries,,2016,77.872284,,
Land Locked Developing Countries,,2017,79.05354,,
Land Locked Developing Countries,,2018,80.22214,,
Land Locked Developing Countries,,2019,81.370255,,
Land Locked Developing Countries,,2020,82.42825,,
Land Locked Developing Countries,,2021,83.448326,,
Land Locked Developing Countries,,2022,84.32028,,
Laos,LAO,2000,46.714104,2899.0195,
Laos,LAO,2001,49.211323,3015.6326,
Laos,LAO,2002,51.693542,3143.2234,
Laos,LAO,2003,54.15795,3282.9854,
Laos,LAO,2004,56.60428,3441.17,
Laos,LAO,2005,58.965145,3630.5588,
Laos,LAO,2006,61.183147,3881.5374,
Laos,LAO,2007,63.387627,4112.253,
Laos,LAO,2008,65.57917,4367.163,
Laos,LAO,2009,67.75635,4625.072,
Laos,LAO,2010,69.91946,4946.1055,
Laos,LAO,2011,72.068214,5266.879,
Laos,LAO,2012,74.20256,5608.9697,
Laos,LAO,2013,76.32133,5974.4736,
Laos,LAO,2014,78.42493,6341.2124,
Laos,LAO,2015,80.51291,6703.741,
Laos,LAO,2016,82.5852,7063.2554,
Laos,LAO,2017,84.64103,7432.4595,
Laos,LAO,2018,86.68024,7775.086,
Laos,LAO,2019,88.7028,8075.275,
Laos,LAO,2020,88.7866,7995.595,
Laos,LAO,2021,88.870926,8080.4355,
Laos,LAO,2022,88.955765,8183.0327,
Laos,LAO,1990,,2005.5005,
Laos,LAO,1991,,2033.5826,
Laos,LAO,1992,,2088.02,
Laos,LAO,1993,,2152.2766,
Laos,LAO,1994,,2267.7822,
Laos,LAO,1995,,2368.0547,
Laos,LAO,1996,,2473.773,
Laos,LAO,1997,,2589.2075,
Laos,LAO,1998,,2642.5662,
Laos,LAO,1999,,2786.5205,
Laos,LAO,2023,,8372.156,Asia
Laos,LAO,2024,,8610.901,
Latin America and Caribbean (WB),,1990,,12450.189,
Latin America and Caribbean (WB),,1991,,12621.995,
Latin America and Caribbean (WB),,1992,,12754.749,
Latin America and Caribbean (WB),,1993,,13122.841,
Latin America and Caribbean (WB),,1994,,13582.887,
Latin America and Caribbean (WB),,1995,,13472.306,
Latin America and Caribbean (WB),,1996,,13766.855,
Latin America and Caribbean (WB),,1997,,14284.572,
Latin America and Caribbean (WB),,1998,,14483.6,
Latin America and Caribbean (WB),,1999,,14339.87,
Latin America and Caribbean (WB),,2000,,14637.734,
Latin America and Caribbean (WB),,2001,,14492.233,
Latin America and Caribbean (WB),,2002,,14372.611,
Latin America and Caribbean (WB),,2003,,14541.803,
Latin America and Caribbean (WB),,2004,,15133.272,
Latin America and Caribbean (WB),,2005,,15537.764,
Latin America and Caribbean (WB),,2006,,16143.649,
Latin America and Caribbean (WB),,2007,,16790.98,
Latin America and Caribbean (WB),,2008,,17212.008,
Latin America and Caribbean (WB),,2009,,16633.926,
Latin America and Caribbean (WB),,2010,,17519.326,
Latin America and Caribbean (WB),,2011,,18117.84,
Latin America and Caribbean (WB),,2012,,18400.021,
Latin America and Caribbean (WB),,2013,,18731.19,
Latin America and Caribbean (WB),,2014,,18814.951,
Latin America and Caribbean (WB),,2015,,18723.607,
Latin America and Caribbean (WB),,2016,,18509.86,
Latin America and Caribbean (WB),,2017,,18701.053,
Latin America and Caribbean (WB),,2018,,18851.871,
Latin America and Caribbean (WB),,2019,,18841.04,
Latin America and Caribbean (WB),,2020,,17478.396,
Latin America and Caribbean (WB),,2021,,18654.766,
Latin America and Caribbean (WB),,2022,,19295.451,
Latin America and Caribbean (WB),,2023,,19602.594,
Latin America and Caribbean (WB),,2024,,19905.303,
Latin America and the Caribbean (SDG),,2000,91.61915,,
Latin America and the Caribbean (SDG),,2001,91.9916,,
Latin America and the Caribbean (SDG),,2002,92.35371,,
Latin America and the Caribbean (SDG),,2003,92.7083,,
Latin America and the Caribbean (SDG),,2004,93.05318,,
Latin America and the Caribbean (SDG),,2005,93.39316,,
Latin America and the Caribbean (SDG),,2006,93.72792,,
Latin America and the Caribbean (SDG),,2007,94.05722,,
Latin America and the Caribbean (SDG),,2008,94.37991,,
Latin America and the Caribbean (SDG),,2009,94.69775,,
Latin America and the Caribbean (SDG),,2010,95.0113,,
Latin America and the Caribbean (SDG),,2011,95.32008,,
Latin America and the Caribbean (SDG),,2012,95.6221,,
Latin America and the Caribbean (SDG),,2013,95.910645,,
Latin America and the Caribbean (SDG),,2014,96.1951,,
Latin America and the Caribbean (SDG),,2015,96.47539,,
Latin America and the Caribbean (SDG),,2016,96.72259,,
Latin America and the Caribbean (SDG),,2017,96.89904,,
Latin America and the Caribbean (SDG),,2018,97.16251,,
Latin America and the Caribbean (SDG),,2019,97.40609,,
Latin America and the Caribbean (SDG),,2020,97.59124,,
Latin America and the Caribbean (SDG),,2021,97.93791,,
Latin America and the Caribbean (SDG),,2022,98.045586,,
Latvia,LVA,2000,98.481544,14554.213,
Latvia,LVA,2001,98.476974,15695.906,
Latvia,LVA,2002,98.52536,17096.559,
Latvia,LVA,2003,98.575836,18717.668,
Latvia,LVA,2004,98.63168,20574.12,
Latvia,LVA,2005,98.68726,23213.354,
Latvia,LVA,2006,98.73829,26431.814,
Latvia,LVA,2007,98.788345,29423.736,
Latvia,LVA,2008,98.83862,28726.973,
Latvia,LVA,2009,98.89037,24520.68,
Latvia,LVA,2010,98.943436,24119.73,
Latvia,LVA,2011,98.996445,25308.732,
Latvia,LVA,2012,99.04938,27496.545,
Latvia,LVA,2013,99.102234,28375.184,
Latvia,LVA,2014,99.155,29243.742,
Latvia,LVA,2015,99.20771,30599.613,
Latvia,LVA,2016,99.260574,31668.516,
Latvia,LVA,2017,99.31356,33036.39,
Latvia,LVA,2018,99.3666,34729.707,
Latvia,LVA,2019,99.41964,35208.195,
Latvia,LVA,2020,99.47264,34225.9,
Latvia,LVA,2021,99.525536,36912.01,
Latvia,LVA,2022,99.57826,37681.047,
Latvia,LVA,1990,,17508.787,
Latvia,LVA,1991,,15376.091,
Latvia,LVA,1992,,10582.207,
Latvia,LVA,1993,,10255.142,
Latvia,LVA,1994,,10656.608,
Latvia,LVA,1995,,10707.515,
Latvia,LVA,1996,,11077.862,
Latvia,LVA,1997,,12215.016,
Latvia,LVA,1998,,13138.401,
Latvia,LVA,1999,,13619.099,
Latvia,LVA,2023,,38796.55,Europe
Latvia,LVA,2024,,38936.047,
Least Developed Countries,,2000,59.92521,,
Least Developed Countries,,2001,60.763134,,
Least Developed Countries,,2002,61.640667,,
Least Developed Countries,,2003,62.56353,,
Least Developed Countries,,2004,63.512512,,
Least Developed Countries,,2005,64.52595,,
Least Developed Countries,,2006,65.5143,,
Least Developed Countries,,2007,66.48871,,
Least Developed Countries,,2008,67.49988,,
Least Developed Countries,,2009,68.50782,,
Least Developed Countries,,2010,69.53322,,
Least Developed Countries,,2011,70.49576,,
Least Developed Countries,,2012,71.51692,,
Least Developed Countries,,2013,72.54291,,
Least Developed Countries,,2014,73.57256,,
Least Developed Countries,,2015,74.606544,,
Least Developed Countries,,2016,75.643234,,
Least Developed Countries,,2017,76.68627,,
Least Developed Countries,,2018,77.73216,,
Least Developed Countries,,2019,78.78646,,
Least Developed Countries,,2020,79.793655,,
Least Developed Countries,,2021,80.79564,,
Least Developed Countries,,2022,81.616486,,
Lebanon,LBN,2000,91.15115,11571.732,
Lebanon,LBN,2001,91.62681,11817.931,
Lebanon,LBN,2002,92.10247,12053.834,
Lebanon,LBN,2003,92.57813,12272.344,
Lebanon,LBN,2004,93.053795,12882.076,
Lebanon,LBN,2005,93.52945,13024.665,
Lebanon,LBN,2006,94.00511,13003.681,
Lebanon,LBN,2007,94.480774,13941.562,
Lebanon,LBN,2008,94.95643,14955.142,
Lebanon,LBN,2009,95.43209,16264.351,
Lebanon,LBN,2010,95.90775,17390.758,
Lebanon,LBN,2011,96.383415,17353.195,
Lebanon,LBN,2012,96.85907,17323.3,
Lebanon,LBN,2013,97.33473,16396.496,
Lebanon,LBN,2014,97.810394,15205.873,
Lebanon,LBN,2015,98.28605,14980.0205,
Lebanon,LBN,2016,98.76171,15572.361,
Lebanon,LBN,2017,99.23737,16128.584,
Lebanon,LBN,2018,99.713036,16290.052,
Lebanon,LBN,2019,100,15659.566,
Lebanon,LBN,2020,100,12507.437,
Lebanon,LBN,2021,100,11599.775,
Lebanon,LBN,2022,100,11474.751,
Lebanon,LBN,1990,,5345.512,
Lebanon,LBN,1991,,7828.172,
Lebanon,LBN,1992,,8924.152,
Lebanon,LBN,1993,,9695.315,
Lebanon,LBN,1994,,10294.8125,
Lebanon,LBN,1995,,10762.442,
Lebanon,LBN,1996,,11757.282,
Lebanon,LBN,1997,,11668.4,
Lebanon,LBN,1998,,11885.308,
Lebanon,LBN,1999,,11617.25,
Lebanon,LBN,2023,,11330.269,Asia
Lesotho,LSO,2000,77.05058,1932.158,
Lesotho,LSO,2001,77.41709,2004.0334,
Lesotho,LSO,2002,77.78416,2024.7872,
Lesotho,LSO,2003,78.151535,2127.373,
Lesotho,LSO,2004,78.51956,2178.6648,
Lesotho,LSO,2005,78.88745,2275.016,
Lesotho,LSO,2006,79.25571,2381.0203,
Lesotho,LSO,2007,79.6067,2470.3147,
Lesotho,LSO,2008,79.95772,2589.1663,
Lesotho,LSO,2009,80.30819,2538.1934,
Lesotho,LSO,2010,80.65864,2651.378,
Lesotho,LSO,2011,81.00883,2749.3196,
Lesotho,LSO,2012,81.33722,2894.227,
Lesotho,LSO,2013,81.664986,2914.3752,
Lesotho,LSO,2014,81.99229,2930.6172,
Lesotho,LSO,2015,82.31926,2986.9587,
Lesotho,LSO,2016,82.64555,3057.261,
Lesotho,LSO,2017,82.97134,2924.681,
Lesotho,LSO,2018,83.297554,2846.4182,
Lesotho,LSO,2019,83.624,2773.2864,
Lesotho,LSO,2020,83.95097,2517.1104,
Lesotho,LSO,2021,84.27809,2544.7825,
Lesotho,LSO,2022,84.605644,2577.5454,
Lesotho,LSO,1990,,1422.1505,
Lesotho,LSO,1991,,1494.2404,
Lesotho,LSO,1992,,1571.827,
Lesotho,LSO,1993,,1602.5963,
Lesotho,LSO,1994,,1675.5978,
Lesotho,LSO,1995,,1709.6943,
Lesotho,LSO,1996,,1786.1823,
Lesotho,LSO,1997,,1837.6965,
Lesotho,LSO,1998,,1856.6908,
Lesotho,LSO,1999,,1860.7006,
Lesotho,LSO,2023,,2595.8296,Africa
Lesotho,LSO,2024,,2637.9165,
Liberia,LBR,2000,65.740746,1868.1798,
Liberia,LBR,2001,66.66824,1867.1191,
Liberia,LBR,2002,67.592804,1887.646,
Liberia,LBR,2003,68.51374,1308.1509,
Liberia,LBR,2004,69.43137,1326.5356,
Liberia,LBR,2005,70.345375,1335.6173,
Liberia,LBR,2006,71.25575,1364.6035,
Liberia,LBR,2007,72.16279,1422.1002,
Liberia,LBR,2008,73.066185,1463.124,
Liberia,LBR,2009,73.96918,1492.9982,
Liberia,LBR,2010,74.8716,1538.8508,
Liberia,LBR,2011,75.773544,1601.0337,
Liberia,LBR,2012,76.67428,1668.9729,
Liberia,LBR,2013,77.57418,1774.5206,
Liberia,LBR,2014,78.472534,1750.1438,
Liberia,LBR,2015,79.369446,1714.0905,
Liberia,LBR,2016,80.26473,1653.3105,
Liberia,LBR,2017,81.15772,1661.3029,
Liberia,LBR,2018,82.04876,1647.9745,
Liberia,LBR,2019,82.93744,1575.7666,
Liberia,LBR,2020,83.8236,1497.377,
Liberia,LBR,2021,84.70708,1539.2089,
Liberia,LBR,2022,85.58727,1578.9984,
Liberia,LBR,1990,,1866.4055,
Liberia,LBR,1991,,1819.4978,
Liberia,LBR,1992,,1115.0377,
Liberia,LBR,1993,,718.6832,
Liberia,LBR,1994,,563.6404,
Liberia,LBR,1995,,534.8097,
Liberia,LBR,1996,,582.678,
Liberia,LBR,1997,,1111.9376,
Liberia,LBR,1998,,1308.4056,
Liberia,LBR,1999,,1507.3147,
Liberia,LBR,2023,,1616.9237,Africa
Liberia,LBR,2024,,1658.26,
Libya,LBY,2000,84.23207,17742.348,
Libya,LBY,2001,85.10204,17111.484,
Libya,LBY,2002,85.97201,16625.059,
Libya,LBY,2003,86.84198,18417.885,
Libya,LBY,2004,87.71195,18846.242,
Libya,LBY,2005,88.58192,20644.027,
Libya,LBY,2006,89.45189,21539.627,
Libya,LBY,2007,90.32186,22416.11,
Libya,LBY,2008,91.191826,21909.43,
Libya,LBY,2009,92.0618,20513.562,
Libya,LBY,2010,92.93177,21109.969,
Libya,LBY,2011,93.801735,10739.093,
Libya,LBY,2012,94.67171,20595.58,
Libya,LBY,2013,95.54168,16553.143,
Libya,LBY,2014,96.411644,12495.793,
Libya,LBY,2015,97.28162,12192.139,
Libya,LBY,2016,98.15159,11828.711,
Libya,LBY,2017,99.02155,15424.056,
Libya,LBY,2018,99.891525,16380.852,
Libya,LBY,2019,99.891525,14333.423,
Libya,LBY,2020,99.891525,9976.037,
Libya,LBY,2021,99.891525,12641.51,
Libya,LBY,2022,99.891525,11456.077,
Libya,LBY,1990,,18121.816,
Libya,LBY,1991,,20501.479,
Libya,LBY,1992,,19532.996,
Libya,LBY,1993,,18429.79,
Libya,LBY,1994,,18439.658,
Libya,LBY,1995,,17718.604,
Libya,LBY,1996,,17804.465,
Libya,LBY,1997,,18446.844,
Libya,LBY,1998,,17528.31,
Libya,LBY,1999,,17397.988,
Libya,LBY,2023,,12478.144,Africa
Libya,LBY,2024,,12275.91,
Liechtenstein,LIE,2000,100,,
Liechtenstein,LIE,2001,100,,
Liechtenstein,LIE,2002,100,,
Liechtenstein,LIE,2003,100,,
Liechtenstein,LIE,2004,100,,
Liechtenstein,LIE,2005,100,,
Liechtenstein,LIE,2006,100,,
Liechtenstein,LIE,2007,100,,
Liechtenstein,LIE,2008,100,,
Liechtenstein,LIE,2009,100,,
Liechtenstein,LIE,2010,100,,
Liechtenstein,LIE,2011,100,,
Liechtenstein,LIE,2012,100,,
Liechtenstein,LIE,2013,100,,
Liechtenstein,LIE,2014,100,,
Liechtenstein,LIE,2015,100,,
Liechtenstein,LIE,2016,100,,
Liechtenstein,LIE,2017,100,,
Liechtenstein,LIE,2018,100,,
Liechtenstein,LIE,2019,100,,
Liechtenstein,LIE,2020,100,,
Liechtenstein,LIE,2021,100,,
Liechtenstein,LIE,2022,100,,
Liechtenstein,LIE,2023,,,Europe
Lithuania,LTU,2000,89.66956,15771.427,
Lithuania,LTU,2001,90.11673,16933.023,
Lithuania,LTU,2002,90.5603,18216.545,
Lithuania,LTU,2003,91.00541,20302.984,
Lithuania,LTU,2004,91.45203,21867.287,
Lithuania,LTU,2005,91.91387,23944.701,
Lithuania,LTU,2006,92.389244,26129.34,
Lithuania,LTU,2007,92.86344,29370.773,
Lithuania,LTU,2008,93.33645,30445.781,
Lithuania,LTU,2009,93.79765,26217.545,
Lithuania,LTU,2010,94.24874,26887.492,
Lithuania,LTU,2011,94.7096,29240.748,
Lithuania,LTU,2012,95.18639,30920.33,
Lithuania,LTU,2013,95.66102,32474.64,
Lithuania,LTU,2014,96.1336,33975.086,
Lithuania,LTU,2015,96.60414,35251.297,
Lithuania,LTU,2016,97.073746,36618.15,
Lithuania,LTU,2017,97.54207,38774.49,
Lithuania,LTU,2018,97.99053,41019.79,
Lithuania,LTU,2019,98.00147,43062.324,
Lithuania,LTU,2020,98.01335,43091.797,
Lithuania,LTU,2021,98.02597,45873.527,
Lithuania,LTU,2022,98.0394,46651.215,
Lithuania,LTU,1990,,20586.229,
Lithuania,LTU,1991,,19384.818,
Lithuania,LTU,1992,,15280.389,
Lithuania,LTU,1993,,12861.695,
Lithuania,LTU,1994,,11686.438,
Lithuania,LTU,1995,,12164.204,
Lithuania,LTU,1996,,12873.201,
Lithuania,LTU,1997,,14045.005,
Lithuania,LTU,1998,,15202.912,
Lithuania,LTU,1999,,15143.193,
Lithuania,LTU,2023,,46159.707,Europe
Lithuania,LTU,2024,,47169.008,
Low-income countries,,2000,51.56883,2066.9841,
Low-income countries,,2001,52.492653,2081.1301,
Low-income countries,,2002,53.52261,2138.2847,
Low-income countries,,2003,54.636177,2211.3105,
Low-income countries,,2004,55.79678,2280.595,
Low-income countries,,2005,57.070618,2360.414,
Low-income countries,,2006,58.375015,2426.0461,
Low-income countries,,2007,59.68961,2502.8896,
Low-income countries,,2008,61.028214,2560.9082,
Low-income countries,,2009,62.32212,2586.3552,
Low-income countries,,2010,63.624916,2674.6309,
Low-income countries,,2011,64.91816,2675.5242,
Low-income countries,,2012,66.16135,2461.7778,
Low-income countries,,2013,67.3567,2374.011,
Low-income countries,,2014,68.54995,2383.3347,
Low-income countries,,2015,69.78842,2394.1177,
Low-income countries,,2016,71.06098,2389.6448,
Low-income countries,,2017,72.35252,2390.0938,
Low-income countries,,2018,73.66431,2395.3025,
Low-income countries,,2019,74.990524,2406.662,
Low-income countries,,2020,76.2841,2322.3682,
Low-income countries,,2021,77.563736,2275.678,
Low-income countries,,2022,78.66414,2291.6523,
Low-income countries,,1990,,2031.1335,
Low-income countries,,1991,,2028.6313,
Low-income countries,,1992,,1992.4918,
Low-income countries,,1993,,1933.9025,
Low-income countries,,1994,,1898.2806,
Low-income countries,,1995,,1938.5183,
Low-income countries,,1996,,1993.9362,
Low-income countries,,1997,,2069.322,
Low-income countries,,1998,,2109.933,
Low-income countries,,1999,,2079.4143,
Low-income countries,,2023,,2221.1392,
Low-income countries,,2024,,2228.079,
Lower-middle-income countries,,2000,81.88602,3589.6147,
Lower-middle-income countries,,2001,82.467964,3674.1223,
Lower-middle-income countries,,2002,83.038055,3757.837,
Lower-middle-income countries,,2003,83.61315,3914.4043,
Lower-middle-income countries,,2004,84.18798,4115.4053,
Lower-middle-income countries,,2005,84.76099,4319.5054,
Lower-middle-income countries,,2006,85.32755,4547.3555,
Lower-middle-income countries,,2007,85.89003,4779.7554,
Lower-middle-income countries,,2008,86.448364,4906.9004,
Lower-middle-income countries,,2009,87.005455,5117.117,
Lower-middle-income countries,,2010,87.56157,5378.887,
Lower-middle-income countries,,2011,88.11422,5541.9946,
Lower-middle-income countries,,2012,88.663055,5733.79,
Lower-middle-income countries,,2013,89.21142,5963.272,
Lower-middle-income countries,,2014,89.75878,6234.2397,
Lower-middle-income countries,,2015,90.30056,6523.305,
Lower-middle-income countries,,2016,90.836006,6822.7656,
Lower-middle-income countries,,2017,91.366776,7109.1885,
Lower-middle-income countries,,2018,91.89336,7409.393,
Lower-middle-income countries,,2019,92.41886,7616.2646,
Lower-middle-income countries,,2020,92.9262,7248.349,
Lower-middle-income countries,,2021,93.456375,7652.7197,
Lower-middle-income countries,,2022,93.8736,8042.731,
Lower-middle-income countries,,1990,,2900.5078,
Lower-middle-income countries,,1991,,2888.5808,
Lower-middle-income countries,,1992,,2935.3105,
Lower-middle-income countries,,1993,,2946.9211,
Lower-middle-income countries,,1994,,3007.5342,
Lower-middle-income countries,,1995,,3105.8386,
Lower-middle-income countries,,1996,,3235.2048,
Lower-middle-income countries,,1997,,3296.9277,
Lower-middle-income countries,,1998,,3384.0115,
Lower-middle-income countries,,1999,,3510.9321,
Lower-middle-income countries,,2023,,8449.213,
Lower-middle-income countries,,2024,,8788.578,
Luxembourg,LUX,2000,100,114141.586,
Luxembourg,LUX,2001,100,116258.43,
Luxembourg,LUX,2002,100,118757.53,
Luxembourg,LUX,2003,100,120396.26,
Luxembourg,LUX,2004,100,123720.26,
Luxembourg,LUX,2005,100,124866.86,
Luxembourg,LUX,2006,100,130284.97,
Luxembourg,LUX,2007,100,138677.97,
Luxembourg,LUX,2008,100,135812.22,
Luxembourg,LUX,2009,100,129002.24,
Luxembourg,LUX,2010,100,131432.06,
Luxembourg,LUX,2011,100,129885.37,
Luxembourg,LUX,2012,99.9872,128895.41,
Luxembourg,LUX,2013,99.96525,129945.45,
Luxembourg,LUX,2014,99.9446,130247.664,
Luxembourg,LUX,2015,99.92517,130097.26,
Luxembourg,LUX,2016,99.906876,133661.66,
Luxembourg,LUX,2017,99.88961,132169.83,
Luxembourg,LUX,2018,99.87331,131733.89,
Luxembourg,LUX,2019,99.8767,132724.75,
Luxembourg,LUX,2020,99.87994,129865.63,
Luxembourg,LUX,2021,99.88301,136772.44,
Luxembourg,LUX,2022,99.88595,132574,
Luxembourg,LUX,1990,,81450.57,
Luxembourg,LUX,1991,,87313.72,
Luxembourg,LUX,1992,,87729.4,
Luxembourg,LUX,1993,,90195.664,
Luxembourg,LUX,1994,,92375.36,
Luxembourg,LUX,1995,,92391.34,
Luxembourg,LUX,1996,,92416.516,
Luxembourg,LUX,1997,,96211.734,
Luxembourg,LUX,1998,,101364.67,
Luxembourg,LUX,1999,,108180.41,
Luxembourg,LUX,2023,,129021.65,Europe
Luxembourg,LUX,2024,,128181.7,
Macao,MAC,2000,100,55936.242,
Macao,MAC,2001,100,57114.06,
Macao,MAC,2002,100,61564.926,
Macao,MAC,2003,100,67925.71,
Macao,MAC,2004,100,83915.22,
Macao,MAC,2005,100,87090.72,
Macao,MAC,2006,100,93724.984,
Macao,MAC,2007,100,102761.6,
Macao,MAC,2008,100,102355.89,
Macao,MAC,2009,100,104764.71,
Macao,MAC,2010,100,130596.31,
Macao,MAC,2011,100,155185.4,
Macao,MAC,2012,100,164065,
Macao,MAC,2013,100,174339,
Macao,MAC,2014,100,162582.45,
Macao,MAC,2015,100,123396.17,
Macao,MAC,2016,100,120754.93,
Macao,MAC,2017,100,133500.28,
Macao,MAC,2018,100,139787.66,
Macao,MAC,2019,100,133549.16,
Macao,MAC,2020,100,59791.473,
Macao,MAC,2021,100,74177.78,
Macao,MAC,2022,100,60089.832,
Macao,MAC,1990,,55242.965,
Macao,MAC,1991,,54545.016,
Macao,MAC,1992,,58591.65,
Macao,MAC,1993,,59527.71,
Macao,MAC,1994,,60057.766,
Macao,MAC,1995,,60142.367,
Macao,MAC,1996,,59053.855,
Macao,MAC,1997,,58578.41,
Macao,MAC,1998,,55238.973,
Macao,MAC,1999,,53292.54,
Macao,MAC,2023,,104961.92,Asia
Macao,MAC,2024,,112843.96,
Madagascar,MDG,2000,38.89804,1701.4432,
Madagascar,MDG,2001,39.61335,1748.5035,
Madagascar,MDG,2002,40.329712,1486.4343,
Madagascar,MDG,2003,41.04665,1584.7493,
Madagascar,MDG,2004,41.76464,1620.1195,
Madagascar,MDG,2005,42.64185,1648.1763,
Madagascar,MDG,2006,43.523132,1686.8634,
Madagascar,MDG,2007,44.40801,1731.6176,
Madagascar,MDG,2008,45.29745,1794.4023,
Madagascar,MDG,2009,46.18904,1673.1555,
Madagascar,MDG,2010,47.083744,1635.2451,
Madagascar,MDG,2011,47.981087,1614.5514,
Madagascar,MDG,2012,48.88106,1617.7908,
Madagascar,MDG,2013,49.78319,1610.6023,
Madagascar,MDG,2014,50.68796,1620.3579,
Madagascar,MDG,2015,51.594402,1627.5806,
Madagascar,MDG,2016,52.503002,1648.9122,
Madagascar,MDG,2017,53.413277,1669.7277,
Madagascar,MDG,2018,54.325222,1678.7863,
Madagascar,MDG,2019,55.23787,1707.8315,
Madagascar,MDG,2020,56.1522,1545.7272,
Madagascar,MDG,2021,57.06674,1577.4325,
Madagascar,MDG,2022,57.98247,1602.7136,
Madagascar,MDG,1990,,1968.2723,
Madagascar,MDG,1991,,1789.8417,
Madagascar,MDG,1992,,1757.2946,
Madagascar,MDG,1993,,1740.2952,
Madagascar,MDG,1994,,1686.3419,
Madagascar,MDG,1995,,1661.2706,
Madagascar,MDG,1996,,1643.3258,
Madagascar,MDG,1997,,1649.4481,
Madagascar,MDG,1998,,1658.8885,
Madagascar,MDG,1999,,1681.3594,
Madagascar,MDG,2023,,1629.4609,Africa
Madagascar,MDG,2024,,1657.0497,
Malawi,MWI,2000,67.96144,1239.3917,
Malawi,MWI,2001,69.10657,1149.5804,
Malawi,MWI,2002,70.24961,1140.8428,
Malawi,MWI,2003,71.39085,1176.1239,
Malawi,MWI,2004,72.529976,1208.2197,
Malawi,MWI,2005,73.66725,1214.7427,
Malawi,MWI,2006,74.8024,1237.2739,
Malawi,MWI,2007,75.93563,1318.3319,
Malawi,MWI,2008,77.06672,1378.4288,
Malawi,MWI,2009,78.197975,1449.7261,
Malawi,MWI,2010,79.32896,1504.3751,
Malawi,MWI,2011,80.45942,1533.2289,
Malawi,MWI,2012,81.58875,1518.1481,
Malawi,MWI,2013,82.716805,1555.5061,
Malawi,MWI,2014,83.84282,1597.5648,
Malawi,MWI,2015,84.96674,1597.6914,
Malawi,MWI,2016,86.087715,1593.5955,
Malawi,MWI,2017,87.2056,1613.0593,
Malawi,MWI,2018,88.31986,1638.9166,
Malawi,MWI,2019,89.4299,1687.2894,
Malawi,MWI,2020,90.535355,1656.4398,
Malawi,MWI,2021,91.63559,1687.5936,
Malawi,MWI,2022,92.73016,1659.9594,
Malawi,MWI,1990,,1047.4644,
Malawi,MWI,1991,,1104.3905,
Malawi,MWI,1992,,994.0365,
Malawi,MWI,1993,,1074.5848,
Malawi,MWI,1994,,975.8497,
Malawi,MWI,1995,,1140.7561,
Malawi,MWI,1996,,1200.3206,
Malawi,MWI,1997,,1221.094,
Malawi,MWI,1998,,1241.5243,
Malawi,MWI,1999,,1249.7753,
Malawi,MWI,2023,,1648.4365,Africa
Malawi,MWI,2024,,1635.8569,
Malaysia,MYS,2000,97.27705,18532.91,
Malaysia,MYS,2001,97.33467,18186.441,
Malaysia,MYS,2002,97.33401,18708.87,
Malaysia,MYS,2003,97.33528,19329.006,
Malaysia,MYS,2004,97.33843,20168.506,
Malaysia,MYS,2005,97.34315,20767.586,
Malaysia,MYS,2006,97.34959,21444.486,
Malaysia,MYS,2007,97.35763,22305.12,
Malaysia,MYS,2008,97.367226,22898.002,
Malaysia,MYS,2009,97.378105,22106.643,
Malaysia,MYS,2010,97.39037,23307.97,
Malaysia,MYS,2011,97.39448,24115.818,
Malaysia,MYS,2012,97.398125,25006.36,
Malaysia,MYS,2013,97.40274,25736.354,
Malaysia,MYS,2014,97.40853,26818.432,
Malaysia,MYS,2015,97.415215,27699.627,
Malaysia,MYS,2016,97.4229,28425.371,
Malaysia,MYS,2017,97.43063,29551.545,
Malaysia,MYS,2018,97.43853,30459.965,
Malaysia,MYS,2019,97.44649,31300.508,
Malaysia,MYS,2020,97.45445,29200.453,
Malaysia,MYS,2021,97.462425,29822.85,
Malaysia,MYS,2022,97.508194,32079.152,
Malaysia,MYS,1990,,12013.697,
Malaysia,MYS,1991,,12795.05,
Malaysia,MYS,1992,,13567.894,
Malaysia,MYS,1993,,14533.79,
Malaysia,MYS,1994,,15474.015,
Malaysia,MYS,1995,,16568.516,
Malaysia,MYS,1996,,17771.71,
Malaysia,MYS,1997,,18604.514,
Malaysia,MYS,1998,,16817.172,
Malaysia,MYS,1999,,17428.625,
Malaysia,MYS,2023,,32812.3,Asia
Malaysia,MYS,2024,,34071.945,
Maldives,MDV,2000,94.08025,13738.281,
Maldives,MDV,2001,94.46285,12977.999,
Maldives,MDV,2002,94.838135,13689.807,
Maldives,MDV,2003,95.205635,15316.119,
Maldives,MDV,2004,95.56509,15958.656,
Maldives,MDV,2005,95.915955,13942.875,
Maldives,MDV,2006,96.25066,16829.977,
Maldives,MDV,2007,96.56025,17439.951,
Maldives,MDV,2008,96.86685,18344.486,
Maldives,MDV,2009,97.170395,16230.009,
Maldives,MDV,2010,97.47086,16730.014,
Maldives,MDV,2011,97.76824,17581.768,
Maldives,MDV,2012,98.062515,17390.148,
Maldives,MDV,2013,98.35364,17986.89,
Maldives,MDV,2014,98.64161,18765.36,
Maldives,MDV,2015,98.9264,18829.447,
Maldives,MDV,2016,99.207985,19345.18,
Maldives,MDV,2017,99.48635,20036.717,
Maldives,MDV,2018,99.55916,21072.58,
Maldives,MDV,2019,99.57561,21855.502,
Maldives,MDV,2020,99.5925,14242.975,
Maldives,MDV,2021,99.60982,19052.623,
Maldives,MDV,2022,99.6057,21357.81,
Maldives,MDV,1990,,8945.805,
Maldives,MDV,1991,,8799.255,
Maldives,MDV,1992,,9120.992,
Maldives,MDV,1993,,9378.522,
Maldives,MDV,1994,,9866.075,
Maldives,MDV,1995,,10894.173,
Maldives,MDV,1996,,11495.099,
Maldives,MDV,1997,,12210.969,
Maldives,MDV,1998,,12884.723,
Maldives,MDV,1999,,13449.203,
Maldives,MDV,2023,,22286.98,Asia
Maldives,MDV,2024,,23351.055,
Mali,MLI,2000,54.285896,1912.309,
Mali,MLI,2001,55.930992,2140.9927,
Mali,MLI,2002,57.56977,2139.971,
Mali,MLI,2003,59.201286,2262.0513,
Mali,MLI,2004,60.82599,2224.144,
Mali,MLI,2005,62.441956,2314.0151,
Mali,MLI,2006,64.05066,2388.3481,
Mali,MLI,2007,65.65057,2400.6528,
Mali,MLI,2008,67.24243,2474.91,
Mali,MLI,2009,68.8245,2506.5808,
Mali,MLI,2010,70.39547,2594.4155,
Mali,MLI,2011,71.95501,2612.8481,
Mali,MLI,2012,73.502815,2523.177,
Mali,MLI,2013,75.038605,2508.9214,
Mali,MLI,2014,76.56242,2615.6704,
Mali,MLI,2015,78.07376,2686.5598,
Mali,MLI,2016,79.57269,2759.1096,
Mali,MLI,2017,81.05928,2816.1934,
Mali,MLI,2018,82.53312,2862.4062,
Mali,MLI,2019,83.994545,2916.1707,
Mali,MLI,2020,85.44299,2796.4104,
Mali,MLI,2021,86.87903,2796.228,
Mali,MLI,2022,88.30216,2808.5225,
Mali,MLI,1990,,1615.9192,
Mali,MLI,1991,,1770.215,
Mali,MLI,1992,,1679.0481,
Mali,MLI,1993,,1696.5719,
Mali,MLI,1994,,1723.2076,
Mali,MLI,1995,,1701.7998,
Mali,MLI,1996,,1783.0275,
Mali,MLI,1997,,1827.1327,
Mali,MLI,1998,,1916.3242,
Mali,MLI,1999,,1970.034,
Mali,MLI,2023,,2854.8271,Africa
Mali,MLI,2024,,2910.8154,
Malta,MLT,2000,100,31038.125,
Malta,MLT,2001,100,30572.77,
Malta,MLT,2002,100,31177.506,
Malta,MLT,2003,100,32117.344,
Malta,MLT,2004,100,32032.25,
Malta,MLT,2005,100,32745.594,
Malta,MLT,2006,100,33388.703,
Malta,MLT,2007,100,34948.28,
Malta,MLT,2008,100,36252.895,
Malta,MLT,2009,100,35478.56,
Malta,MLT,2010,100,37492.676,
Malta,MLT,2011,100,37704.496,
Malta,MLT,2012,100,38899.99,
Malta,MLT,2013,100,40882.023,
Malta,MLT,2014,100,43121.61,
Malta,MLT,2015,100,46127.62,
Malta,MLT,2016,100,46922.188,
Malta,MLT,2017,100,51578.98,
Malta,MLT,2018,100,53367.95,
Malta,MLT,2019,100,53342.215,
Malta,MLT,2020,100,50392.96,
Malta,MLT,2021,100,56802.01,
Malta,MLT,2022,100,57781.5,
Malta,MLT,1990,,18190.55,
Malta,MLT,1991,,18814.674,
Malta,MLT,1992,,19495.098,
Malta,MLT,1993,,20166.203,
Malta,MLT,1994,,21107.48,
Malta,MLT,1995,,22290.281,
Malta,MLT,1996,,22980.889,
Malta,MLT,1997,,24006.621,
Malta,MLT,1998,,25073.611,
Malta,MLT,1999,,26101.871,
Malta,MLT,2023,,59293.297,Europe
Malta,MLT,2024,,60469.78,
Marshall Islands,MHL,2001,99.50199,4000.7305,
Marshall Islands,MHL,2002,99.498276,4121.84,
Marshall Islands,MHL,2003,99.49458,4040.655,
Marshall Islands,MHL,2004,99.49093,4012.3445,
Marshall Islands,MHL,2005,99.48731,4075.1587,
Marshall Islands,MHL,2006,99.39633,4075.5764,
Marshall Islands,MHL,2007,99.3042,4222.413,
Marshall Islands,MHL,2008,99.21091,3903.3057,
Marshall Islands,MHL,2009,99.06817,4047.2268,
Marshall Islands,MHL,2010,98.818756,4269.3584,
Marshall Islands,MHL,2011,98.57376,4259.116,
Marshall Islands,MHL,2012,98.33308,4244.0444,
Marshall Islands,MHL,2013,98.09656,4469.8535,
Marshall Islands,MHL,2014,97.864075,4491.9917,
Marshall Islands,MHL,2015,97.635445,4670.1094,
Marshall Islands,MHL,2016,97.41056,4896.522,
Marshall Islands,MHL,2017,97.18925,5199.344,
Marshall Islands,MHL,2018,96.971405,5635.3076,
Marshall Islands,MHL,2019,96.75686,6405.0757,
Marshall Islands,MHL,2020,96.545525,6417.1846,
Marshall Islands,MHL,2021,96.337265,6705.8755,
Marshall Islands,MHL,2022,96.13193,6844.3345,
Marshall Islands,MHL,1990,,3905.586,
Marshall Islands,MHL,1991,,3828.4636,
Marshall Islands,MHL,1992,,4029.3413,
Marshall Islands,MHL,1993,,4207.4097,
Marshall Islands,MHL,1994,,4396.9146,
Marshall Islands,MHL,1995,,4703.433,
Marshall Islands,MHL,1996,,4174.814,
Marshall Islands,MHL,1997,,3867.3428,
Marshall Islands,MHL,1998,,3805.887,
Marshall Islands,MHL,1999,,3718.811,
Marshall Islands,MHL,2000,,3772.2158,
Marshall Islands,MHL,2023,,6786.696,Oceania
Marshall Islands,MHL,2024,,7212.3345,
Martinique,MTQ,2000,99.762245,,
Martinique,MTQ,2001,99.762245,,
Martinique,MTQ,2002,99.762245,,
Martinique,MTQ,2003,99.762245,,
Martinique,MTQ,2004,99.762245,,
Martinique,MTQ,2005,99.762245,,
Martinique,MTQ,2006,99.75937,,
Martinique,MTQ,2007,99.756485,,
Martinique,MTQ,2008,99.75361,,
Martinique,MTQ,2009,99.75073,,
Martinique,MTQ,2010,99.747856,,
Martinique,MTQ,2011,99.74498,,
Martinique,MTQ,2012,99.7421,,
Martinique,MTQ,2013,99.73923,,
Martinique,MTQ,2014,99.73635,,
Martinique,MTQ,2015,99.73347,,
Martinique,MTQ,2016,99.73059,,
Martinique,MTQ,2017,99.727715,,
Martinique,MTQ,2018,99.72484,,
Martinique,MTQ,2019,99.72196,,
Martinique,MTQ,2020,99.719086,,
Martinique,MTQ,2021,99.71621,,
Martinique,MTQ,2022,99.71621,,
Martinique,MTQ,2023,,,North America
Mauritania,MRT,2000,60.59126,5008.608,
Mauritania,MRT,2001,61.79321,4847.4106,
Mauritania,MRT,2002,63.153866,4806.8984,
Mauritania,MRT,2003,64.50038,5023.6523,
Mauritania,MRT,2004,65.83254,5139.2256,
Mauritania,MRT,2005,67.148735,5445.8296,
Mauritania,MRT,2006,68.44929,6284.702,
Mauritania,MRT,2007,69.734055,6002.7783,
Mauritania,MRT,2008,71.00333,5813.356,
Mauritania,MRT,2009,72.25433,5639.7876,
Mauritania,MRT,2010,73.48876,5605.7637,
Mauritania,MRT,2011,74.706085,5653.2173,
Mauritania,MRT,2012,75.9058,5716.252,
Mauritania,MRT,2013,77.08669,5769.7285,
Mauritania,MRT,2014,78.245766,5837.852,
Mauritania,MRT,2015,79.38256,5969.5425,
Mauritania,MRT,2016,80.4967,5866.2812,
Mauritania,MRT,2017,81.58927,6050.6216,
Mauritania,MRT,2018,82.65961,6153.6377,
Mauritania,MRT,2019,83.70845,6162.2104,
Mauritania,MRT,2020,84.73557,5963.2354,
Mauritania,MRT,2021,85.74173,5836.566,
Mauritania,MRT,2022,86.72676,6053.2617,
Mauritania,MRT,1990,,5519.6104,
Mauritania,MRT,1991,,5456.5557,
Mauritania,MRT,1992,,5350.118,
Mauritania,MRT,1993,,5439.8223,
Mauritania,MRT,1994,,5097.2085,
Mauritania,MRT,1995,,5446.2695,
Mauritania,MRT,1996,,5650.3413,
Mauritania,MRT,1997,,5302.3667,
Mauritania,MRT,1998,,5310.158,
Mauritania,MRT,1999,,5359.989,
Mauritania,MRT,2023,,6258.711,Africa
Mauritania,MRT,2024,,6396.991,
Mauritius,MUS,2000,99.31634,13322.0205,
Mauritius,MUS,2001,99.34957,13659.635,
Mauritius,MUS,2002,99.38288,13784.199,
Mauritius,MUS,2003,99.416275,14495.693,
Mauritius,MUS,2004,99.44976,15028.817,
Mauritius,MUS,2005,99.48334,15205.661,
Mauritius,MUS,2006,99.51698,15871.303,
Mauritius,MUS,2007,99.55072,16703.99,
Mauritius,MUS,2008,99.58453,17540.281,
Mauritius,MUS,2009,99.61845,18073.7,
Mauritius,MUS,2010,99.652435,18819.998,
Mauritius,MUS,2011,99.6865,19556.049,
Mauritius,MUS,2012,99.72066,20183.7,
Mauritius,MUS,2013,99.7549,20811.494,
Mauritius,MUS,2014,99.78923,21568.865,
Mauritius,MUS,2015,99.82363,22335.283,
Mauritius,MUS,2016,99.858154,23182.043,
Mauritius,MUS,2017,99.89278,24073.232,
Mauritius,MUS,2018,99.92746,25024.135,
Mauritius,MUS,2019,99.9622,25739.355,
Mauritius,MUS,2020,99.995804,21994.666,
Mauritius,MUS,2021,100,22737.572,
Mauritius,MUS,2022,100,24788.766,
Mauritius,MUS,1990,,8951.338,
Mauritius,MUS,1991,,9248,
Mauritius,MUS,1992,,9721.539,
Mauritius,MUS,1993,,10095.199,
Mauritius,MUS,1994,,10366.591,
Mauritius,MUS,1995,,10718.514,
Mauritius,MUS,1996,,11202.286,
Mauritius,MUS,1997,,11692.097,
Mauritius,MUS,1998,,12272.319,
Mauritius,MUS,1999,,12433.67,
Mauritius,MUS,2023,,26060.732,Africa
Mauritius,MUS,2024,,27317.186,
Mayotte,MYT,2006,97.421104,,
Mayotte,MYT,2007,97.421104,,
Mayotte,MYT,2008,97.421104,,
Mayotte,MYT,2009,97.12848,,
Mayotte,MYT,2010,97.12848,,
Mayotte,MYT,2011,97.12514,,
Mayotte,MYT,2012,97.12179,,
Mayotte,MYT,2013,97.07113,,
Mayotte,MYT,2014,96.95447,,
Mayotte,MYT,2015,96.837814,,
Mayotte,MYT,2016,96.72115,,
Mayotte,MYT,2017,96.60449,,
Mayotte,MYT,2018,96.48784,,
Mayotte,MYT,2019,96.37118,,
Mayotte,MYT,2020,96.37118,,
Mayotte,MYT,2021,96.37118,,
Mayotte,MYT,2022,96.37118,,
Mayotte,MYT,2023,,,Africa
Mexico,MEX,2000,91.72484,20470.494,
Mexico,MEX,2001,92.15176,20078.219,
Mexico,MEX,2002,92.574104,19744.793,
Mexico,MEX,2003,92.99196,19701.463,
Mexico,MEX,2004,93.405495,20127.225,
Mexico,MEX,2005,93.81448,20277.256,
Mexico,MEX,2006,94.219154,20965.826,
Mexico,MEX,2007,94.61942,21102.27,
Mexico,MEX,2008,95.015594,20992.56,
Mexico,MEX,2009,95.4075,19385.543,
Mexico,MEX,2010,95.79532,20058.385,
Mexico,MEX,2011,96.17946,20457.6,
Mexico,MEX,2012,96.55967,20898.936,
Mexico,MEX,2013,96.93611,20805.348,
Mexico,MEX,2014,97.30882,21069.766,
Mexico,MEX,2015,97.67765,21408.928,
Mexico,MEX,2016,98.04275,21578.264,
Mexico,MEX,2017,98.40402,21777.523,
Mexico,MEX,2018,98.76154,21997.773,
Mexico,MEX,2019,99.11536,21704.186,
Mexico,MEX,2020,99.368706,19728.482,
Mexico,MEX,2021,99.54,20782.588,
Mexico,MEX,2022,99.70643,21392.111,
Mexico,MEX,1990,,17169.592,
Mexico,MEX,1991,,17511.73,
Mexico,MEX,1992,,17796.406,
Mexico,MEX,1993,,17970.588,
Mexico,MEX,1994,,18422.82,
Mexico,MEX,1995,,17028.121,
Mexico,MEX,1996,,17775.873,
Mexico,MEX,1997,,18737.643,
Mexico,MEX,1998,,19573.066,
Mexico,MEX,1999,,19793.285,
Mexico,MEX,2023,,21905.178,North America
Mexico,MEX,2024,,22033.275,
Micronesia (country),FSM,2000,91.089645,3611.4495,
Micronesia (country),FSM,2001,91.02869,3679.1907,
Micronesia (country),FSM,2002,90.96773,3696.5852,
Micronesia (country),FSM,2003,90.90677,3760.1504,
Micronesia (country),FSM,2004,90.84581,3656.054,
Micronesia (country),FSM,2005,90.78485,3747.8838,
Micronesia (country),FSM,2006,90.72389,3767.9448,
Micronesia (country),FSM,2007,90.66293,3727.3374,
Micronesia (country),FSM,2008,90.60197,3669.0864,
Micronesia (country),FSM,2009,90.54101,3742.8298,
Micronesia (country),FSM,2010,90.48005,3842.236,
Micronesia (country),FSM,2011,90.41909,3958.9321,
Micronesia (country),FSM,2012,90.35813,3878.1123,
Micronesia (country),FSM,2013,90.29717,3727.426,
Micronesia (country),FSM,2014,90.23621,3632.2415,
Micronesia (country),FSM,2015,90.17525,3788.934,
Micronesia (country),FSM,2016,90.11429,3794.7454,
Micronesia (country),FSM,2017,90.11429,3811.7896,
Micronesia (country),FSM,2018,90.11429,3796.946,
Micronesia (country),FSM,2019,90.11429,3938.5571,
Micronesia (country),FSM,2020,90.11429,3850.5305,
Micronesia (country),FSM,1990,,3136.9514,
Micronesia (country),FSM,1991,,3308.7458,
Micronesia (country),FSM,1992,,3373.9824,
Micronesia (country),FSM,1993,,3571.6292,
Micronesia (country),FSM,1994,,3487.1057,
Micronesia (country),FSM,1995,,3692.6062,
Micronesia (country),FSM,1996,,3559.5935,
Micronesia (country),FSM,1997,,3332.9807,
Micronesia (country),FSM,1998,,3418.5696,
Micronesia (country),FSM,1999,,3456.1533,
Micronesia (country),FSM,2021,,3944.7058,
Micronesia (country),FSM,2022,,3813.3384,
Micronesia (country),FSM,2023,,3814.1697,Oceania
Micronesia (country),FSM,2024,,3823.604,
"Middle East, North Africa, Afghanistan and Pakistan (WB)",,1990,,9094.822,
"Middle East, North Africa, Afghanistan and Pakistan (WB)",,1991,,8976.191,
"Middle East, North Africa, Afghanistan and Pakistan (WB)",,1992,,9249.255,
"Middle East, North Africa, Afghanistan and Pakistan (WB)",,1993,,9203.989,
"Middle East, North Africa, Afghanistan and Pakistan (WB)",,1994,,9205.543,
"Middle East, North Africa, Afghanistan and Pakistan (WB)",,1995,,9254.141,
"Middle East, North Africa, Afghanistan and Pakistan (WB)",,1996,,9502.489,
"Middle East, North Africa, Afghanistan and Pakistan (WB)",,1997,,9636.885,
"Middle East, North Africa, Afghanistan and Pakistan (WB)",,1998,,9842.044,
"Middle East, North Africa, Afghanistan and Pakistan (WB)",,1999,,9900.573,
"Middle East, North Africa, Afghanistan and Pakistan (WB)",,2000,,10257.306,
"Middle East, North Africa, Afghanistan and Pakistan (WB)",,2001,,10240.377,
"Middle East, North Africa, Afghanistan and Pakistan (WB)",,2002,,10242.136,
"Middle East, North Africa, Afghanistan and Pakistan (WB)",,2003,,10436.32,
"Middle East, North Africa, Afghanistan and Pakistan (WB)",,2004,,11004.467,
"Middle East, North Africa, Afghanistan and Pakistan (WB)",,2005,,11304.365,
"Middle East, North Africa, Afghanistan and Pakistan (WB)",,2006,,11669.397,
"Middle East, North Africa, Afghanistan and Pakistan (WB)",,2007,,11994.76,
"Middle East, North Africa, Afghanistan and Pakistan (WB)",,2008,,12232.489,
"Middle East, North Africa, Afghanistan and Pakistan (WB)",,2009,,12152.434,
"Middle East, North Africa, Afghanistan and Pakistan (WB)",,2010,,12469.312,
"Middle East, North Africa, Afghanistan and Pakistan (WB)",,2011,,12698.05,
"Middle East, North Africa, Afghanistan and Pakistan (WB)",,2012,,12805.04,
"Middle East, North Africa, Afghanistan and Pakistan (WB)",,2013,,12790.158,
"Middle East, North Africa, Afghanistan and Pakistan (WB)",,2014,,12938.318,
"Middle East, North Africa, Afghanistan and Pakistan (WB)",,2015,,13085.575,
"Middle East, North Africa, Afghanistan and Pakistan (WB)",,2016,,13460.644,
"Middle East, North Africa, Afghanistan and Pakistan (WB)",,2017,,13549.946,
"Middle East, North Africa, Afghanistan and Pakistan (WB)",,2018,,13707.393,
"Middle East, North Africa, Afghanistan and Pakistan (WB)",,2019,,13715.826,
"Middle East, North Africa, Afghanistan and Pakistan (WB)",,2020,,13116.093,
"Middle East, North Africa, Afghanistan and Pakistan (WB)",,2021,,13527.216,
"Middle East, North Africa, Afghanistan and Pakistan (WB)",,2022,,14106.732,
"Middle East, North Africa, Afghanistan and Pakistan (WB)",,2023,,14141.05,
"Middle East, North Africa, Afghanistan and Pakistan (WB)",,2024,,14174.488,
Moldova,MDA,2000,84.34676,5727.079,
Moldova,MDA,2001,84.68782,6090.0347,
Moldova,MDA,2002,85.03316,6580.2783,
Moldova,MDA,2003,85.38275,7034.358,
Moldova,MDA,2004,85.73682,7573.6177,
Moldova,MDA,2005,86.13008,8161.4736,
Moldova,MDA,2006,86.55962,8577.028,
Moldova,MDA,2007,86.98949,8854.834,
Moldova,MDA,2008,87.41968,9563.698,
Moldova,MDA,2009,87.850204,9001.234,
Moldova,MDA,2010,88.28106,9649.951,
Moldova,MDA,2011,88.71225,10217.309,
Moldova,MDA,2012,89.14377,10158.386,
Moldova,MDA,2013,89.575615,11080.063,
Moldova,MDA,2014,90.0078,11641.121,
Moldova,MDA,2015,90.443726,11691.08,
Moldova,MDA,2016,90.883255,12377.366,
Moldova,MDA,2017,91.325714,13118.822,
Moldova,MDA,2018,91.77081,13895.504,
Moldova,MDA,2019,92.218025,14621.24,
Moldova,MDA,2020,92.66706,13559.26,
Moldova,MDA,2021,93.1175,15682.07,
Moldova,MDA,2022,93.568924,15358.016,
Moldova,MDA,1990,,15902.895,
Moldova,MDA,1991,,13342.06,
Moldova,MDA,1992,,9461.428,
Moldova,MDA,1993,,9363.593,
Moldova,MDA,1994,,6490.353,
Moldova,MDA,1995,,6428.84,
Moldova,MDA,1996,,6063.1406,
Moldova,MDA,1997,,6185.8394,
Moldova,MDA,1998,,5783.486,
Moldova,MDA,1999,,5597.4653,
Moldova,MDA,2023,,15990.4795,Europe
Moldova,MDA,2024,,16465.928,
Monaco,MCO,2000,100,,
Monaco,MCO,2001,100,,
Monaco,MCO,2002,100,,
Monaco,MCO,2003,100,,
Monaco,MCO,2004,100,,
Monaco,MCO,2005,100,,
Monaco,MCO,2006,100,,
Monaco,MCO,2007,100,,
Monaco,MCO,2008,100,,
Monaco,MCO,2009,100,,
Monaco,MCO,2010,100,,
Monaco,MCO,2011,100,,
Monaco,MCO,2012,100,,
Monaco,MCO,2013,100,,
Monaco,MCO,2014,100,,
Monaco,MCO,2015,100,,
Monaco,MCO,2016,100,,
Monaco,MCO,2017,100,,
Monaco,MCO,2018,100,,
Monaco,MCO,2019,100,,
Monaco,MCO,2020,100,,
Monaco,MCO,2021,100,,
Monaco,MCO,2022,100,,
Monaco,MCO,2023,,,Europe
Mongolia,MNG,2000,68.774315,5818.243,
Mongolia,MNG,2001,70.258804,5917.071,
Mongolia,MNG,2002,71.70734,6117.9824,
Mongolia,MNG,2003,73.119675,6463.7896,
Mongolia,MNG,2004,74.49562,7070.667,
Mongolia,MNG,2005,75.83294,7499.848,
Mongolia,MNG,2006,77.13431,8043.9966,
Mongolia,MNG,2007,78.39916,8750.134,
Mongolia,MNG,2008,79.62804,9379.8545,
Mongolia,MNG,2009,80.81865,9095.977,
Mongolia,MNG,2010,81.97451,9507.119,
Mongolia,MNG,2011,82.843124,10960.096,
Mongolia,MNG,2012,83.56115,12078.919,
Mongolia,MNG,2013,84.277214,13210.095,
Mongolia,MNG,2014,84.99092,13943.428,
Mongolia,MNG,2015,85.703064,13974.597,
Mongolia,MNG,2016,86.413246,13898.1455,
Mongolia,MNG,2017,87.12111,14401.537,
Mongolia,MNG,2018,87.832375,15230.241,
Mongolia,MNG,2019,88.54636,15790.696,
Mongolia,MNG,2020,89.26233,14801.342,
Mongolia,MNG,2021,89.97903,14792.251,
Mongolia,MNG,2022,90.69665,15310.435,
Mongolia,MNG,1990,,6637.8193,
Mongolia,MNG,1991,,5874.2554,
Mongolia,MNG,1992,,5324.488,
Mongolia,MNG,1993,,5162.1,
Mongolia,MNG,1994,,5213.846,
Mongolia,MNG,1995,,5457.685,
Mongolia,MNG,1996,,5494.3213,
Mongolia,MNG,1997,,5628.1064,
Mongolia,MNG,1998,,5735.8438,
Mongolia,MNG,1999,,5829.1665,
Mongolia,MNG,2023,,16222.864,Asia
Mongolia,MNG,2024,,16801.307,
Montenegro,MNE,2006,98.29577,17702.305,
Montenegro,MNE,2007,98.38505,18881.762,
Montenegro,MNE,2008,98.47376,20209.646,
Montenegro,MNE,2009,98.561806,18997.678,
Montenegro,MNE,2010,98.64926,19481.406,
Montenegro,MNE,2011,98.73615,20080.627,
Montenegro,MNE,2012,98.82248,19499.945,
Montenegro,MNE,2013,98.90826,20154.08,
Montenegro,MNE,2014,98.9935,20475.518,
Montenegro,MNE,2015,99.0782,21138.977,
Montenegro,MNE,2016,99.16232,21737.994,
Montenegro,MNE,2017,99.2459,22740.387,
Montenegro,MNE,2018,99.30212,23877.725,
Montenegro,MNE,2019,99.35269,24835.375,
Montenegro,MNE,2020,99.40239,21039.322,
Montenegro,MNE,2021,99.40861,23842.062,
Montenegro,MNE,2022,99.41482,25429.025,
Montenegro,MNE,1997,,14618.041,
Montenegro,MNE,1998,,15381.213,
Montenegro,MNE,1999,,13973.575,
Montenegro,MNE,2000,,14431.785,
Montenegro,MNE,2001,,14531.922,
Montenegro,MNE,2002,,14749.374,
Montenegro,MNE,2003,,15055.337,
Montenegro,MNE,2004,,15693.857,
Montenegro,MNE,2005,,16325.787,
Montenegro,MNE,2023,,27043.328,Europe
Montenegro,MNE,2024,,27852.041,
Montserrat,MSR,2000,98.050835,,
Montserrat,MSR,2001,98.05217,,
Montserrat,MSR,2002,98.0535,,
Montserrat,MSR,2003,98.05483,,
Montserrat,MSR,2004,98.05617,,
Montserrat,MSR,2005,98.057495,,
Montserrat,MSR,2006,98.05883,,
Montserrat,MSR,2007,98.06016,,
Montserrat,MSR,2008,98.06149,,
Montserrat,MSR,2009,98.06283,,
Montserrat,MSR,2010,98.064156,,
Montserrat,MSR,2011,98.06549,,
Montserrat,MSR,2012,98.066826,,
Montserrat,MSR,2013,98.06815,,
Montserrat,MSR,2014,98.06949,,
Montserrat,MSR,2015,98.07082,,
Montserrat,MSR,2016,98.07215,,
Montserrat,MSR,2017,98.07349,,
Montserrat,MSR,2018,98.07482,,
Montserrat,MSR,2019,98.07615,,
Montserrat,MSR,2020,98.077484,,
Montserrat,MSR,2021,98.077484,,
Montserrat,MSR,2022,98.077484,,
Montserrat,MSR,2023,,,North America
Morocco,MAR,2000,69.71666,5100.1157,
Morocco,MAR,2001,70.664474,5417.5786,
Morocco,MAR,2002,71.604355,5544.072,
Morocco,MAR,2003,72.53526,5810.053,
Morocco,MAR,2004,73.457726,5996.39,
Morocco,MAR,2005,74.469376,6103.4224,
Morocco,MAR,2006,75.486984,6488.674,
Morocco,MAR,2007,76.48937,6620.5903,
Morocco,MAR,2008,77.47612,6901.9507,
Morocco,MAR,2009,78.446884,7063.727,
Morocco,MAR,2010,79.40304,7210.6367,
Morocco,MAR,2011,80.34336,7503.793,
Morocco,MAR,2012,81.26835,7628.644,
Morocco,MAR,2013,82.17773,7839.032,
Morocco,MAR,2014,83.07196,7951.7983,
Morocco,MAR,2015,83.95078,8198.809,
Morocco,MAR,2016,84.81464,8141.9404,
Morocco,MAR,2017,85.663284,8450.009,
Morocco,MAR,2018,86.49683,8611.75,
Morocco,MAR,2019,87.31512,8768.176,
Morocco,MAR,2020,88.11856,8054.563,
Morocco,MAR,2021,88.90674,8623.266,
Morocco,MAR,2022,89.05239,8666.079,
Morocco,MAR,1990,,4418.66,
Morocco,MAR,1991,,4656.126,
Morocco,MAR,1992,,4483.2495,
Morocco,MAR,1993,,4379.764,
Morocco,MAR,1994,,4771.093,
Morocco,MAR,1995,,4444.2285,
Morocco,MAR,1996,,4916.48,
Morocco,MAR,1997,,4766.1104,
Morocco,MAR,1998,,5033.9233,
Morocco,MAR,1999,,5043.665,
Morocco,MAR,2023,,8868.712,Africa
Morocco,MAR,2024,,9065.914,
Mozambique,MOZ,2000,28.481138,711.9764,
Mozambique,MOZ,2001,30.169586,785.79016,
Mozambique,MOZ,2002,32.171978,842.64526,
Mozambique,MOZ,2003,34.17024,883.23914,
Mozambique,MOZ,2004,36.164886,934.134,
Mozambique,MOZ,2005,38.155373,970.38995,
Mozambique,MOZ,2006,40.142708,1041.8047,
Mozambique,MOZ,2007,42.125347,1095.1257,
Mozambique,MOZ,2008,44.24096,1141.9425,
Mozambique,MOZ,2009,46.35893,1178.7091,
Mozambique,MOZ,2010,48.468243,1224.2302,
Mozambique,MOZ,2011,50.5678,1275.5295,
Mozambique,MOZ,2012,52.657467,1338.516,
Mozambique,MOZ,2013,54.737103,1385.8325,
Mozambique,MOZ,2014,56.806572,1449.9293,
Mozambique,MOZ,2015,58.865738,1512.5997,
Mozambique,MOZ,2016,60.914455,1537.9086,
Mozambique,MOZ,2017,62.952225,1532.0073,
Mozambique,MOZ,2018,64.97929,1538.8351,
Mozambique,MOZ,2019,66.99658,1528.8899,
Mozambique,MOZ,2020,69.00352,1466.1248,
Mozambique,MOZ,2021,71.00055,1457.2354,
Mozambique,MOZ,2022,72.98645,1476.6656,
Mozambique,MOZ,1990,,547.6228,
Mozambique,MOZ,1991,,563.5121,
Mozambique,MOZ,1992,,510.8228,
Mozambique,MOZ,1993,,549.04877,
Mozambique,MOZ,1994,,546.2097,
Mozambique,MOZ,1995,,525.4187,
Mozambique,MOZ,1996,,562.8575,
Mozambique,MOZ,1997,,612.3715,
Mozambique,MOZ,1998,,660.6502,
Mozambique,MOZ,1999,,722.30554,
Mozambique,MOZ,2023,,1511.6365,Africa
Mozambique,MOZ,2024,,1495.3224,
Myanmar,MMR,2000,66.70463,1359.9304,
Myanmar,MMR,2001,67.49304,1498.3116,
Myanmar,MMR,2002,68.27994,1661.7358,
Myanmar,MMR,2003,69.06554,1874.1713,
Myanmar,MMR,2004,69.84983,2110.2373,
Myanmar,MMR,2005,70.63281,2377.9026,
Myanmar,MMR,2006,71.41424,2669.327,
Myanmar,MMR,2007,72.19433,2968.3032,
Myanmar,MMR,2008,72.973076,3254.739,
Myanmar,MMR,2009,73.75026,3578.1743,
Myanmar,MMR,2010,74.52628,3893.7903,
Myanmar,MMR,2011,75.30072,4078.6123,
Myanmar,MMR,2012,76.07377,4340.9995,
Myanmar,MMR,2013,76.84523,4666.9536,
Myanmar,MMR,2014,77.61547,5006.507,
Myanmar,MMR,2015,78.3868,5313.886,
Myanmar,MMR,2016,79.15922,5580.9897,
Myanmar,MMR,2017,79.93252,5877.8745,
Myanmar,MMR,2018,80.70667,6201.263,
Myanmar,MMR,2019,81.48129,6562.989,
Myanmar,MMR,2020,82.256195,5926.8345,
Myanmar,MMR,2021,83.03149,5178.4473,
Myanmar,MMR,2022,83.08156,5350.4766,
Myanmar,MMR,1990,,775.32825,
Myanmar,MMR,1991,,759.2828,
Myanmar,MMR,1992,,821.32776,
Myanmar,MMR,1993,,859.3455,
Myanmar,MMR,1994,,911.46844,
Myanmar,MMR,1995,,962.2094,
Myanmar,MMR,1996,,1011.1599,
Myanmar,MMR,1997,,1054.7675,
Myanmar,MMR,1998,,1102.791,
Myanmar,MMR,1999,,1209.0165,
Myanmar,MMR,2023,,5364.138,Asia
Myanmar,MMR,2024,,5276.2944,
Namibia,NAM,2000,83.32604,7858.3877,
Namibia,NAM,2001,83.77349,7786.5415,
Namibia,NAM,2002,84.29004,8017.2812,
Namibia,NAM,2003,84.81425,8237.366,
Namibia,NAM,2004,85.33244,9130.824,
Namibia,NAM,2005,85.84343,9245.137,
Namibia,NAM,2006,86.34767,9773.298,
Namibia,NAM,2007,86.844604,10162.24,
Namibia,NAM,2008,87.33428,10286.513,
Namibia,NAM,2009,87.81546,10166.29,
Namibia,NAM,2010,88.289116,10614.62,
Namibia,NAM,2011,88.75424,10965.273,
Namibia,NAM,2012,89.21565,11266.609,
Namibia,NAM,2013,89.668236,11593.575,
Namibia,NAM,2014,90.111916,11982.696,
Namibia,NAM,2015,90.54612,12166.565,
Namibia,NAM,2016,90.96824,11846.788,
Namibia,NAM,2017,91.377884,11408.726,
Namibia,NAM,2018,91.77529,11214.386,
Namibia,NAM,2019,92.1607,10813.305,
Namibia,NAM,2020,92.534096,9652.248,
Namibia,NAM,2021,92.89575,9709.1,
Namibia,NAM,2022,93.015854,9953.098,
Namibia,NAM,1990,,7281.779,
Namibia,NAM,1991,,7618.333,
Namibia,NAM,1992,,7911.0103,
Namibia,NAM,1993,,7541.561,
Namibia,NAM,1994,,7437.3354,
Namibia,NAM,1995,,7506.105,
Namibia,NAM,1996,,7538.925,
Namibia,NAM,1997,,7656.325,
Namibia,NAM,1998,,7709.89,
Namibia,NAM,1999,,7773.9434,
Namibia,NAM,2023,,10137.673,Africa
Namibia,NAM,2024,,10281.336,
Nauru,NRU,2000,98.081795,8969.125,
Nauru,NRU,2001,98.009895,8394.085,
Nauru,NRU,2002,97.938,7593.0576,
Nauru,NRU,2003,97.866104,7632.083,
Nauru,NRU,2004,97.79421,7302.046,
Nauru,NRU,2005,97.72231,7284.041,
Nauru,NRU,2006,97.65042,7902.5073,
Nauru,NRU,2007,97.57852,6157.904,
Nauru,NRU,2008,97.50663,7421.0874,
Nauru,NRU,2009,97.43473,6996.7593,
Nauru,NRU,2010,97.36284,6966.7856,
Nauru,NRU,2011,97.29094,7926.221,
Nauru,NRU,2012,97.21905,9766.465,
Nauru,NRU,2013,97.14715,9882.093,
Nauru,NRU,2014,97.07525,11264.079,
Nauru,NRU,2015,97.00336,11344.103,
Nauru,NRU,2016,97.00336,11630.96,
Nauru,NRU,2017,97.00336,10763.823,
Nauru,NRU,2018,97.00336,10490.855,
Nauru,NRU,2019,97.00336,11273.141,
Nauru,NRU,1990,,30546.293,
Nauru,NRU,1991,,24171.635,
Nauru,NRU,1992,,19895.855,
Nauru,NRU,1993,,16555.348,
Nauru,NRU,1994,,15860.347,
Nauru,NRU,1995,,14563.427,
Nauru,NRU,1996,,12813.587,
Nauru,NRU,1997,,11650.291,
Nauru,NRU,1998,,10275.95,
Nauru,NRU,1999,,9611.371,
Nauru,NRU,2020,,11441.259,
Nauru,NRU,2021,,12196.6455,
Nauru,NRU,2022,,12458.74,
Nauru,NRU,2023,,12461.136,Oceania
Nauru,NRU,2024,,12604.0625,
Nepal,NPL,2000,80.63851,2340.8157,
Nepal,NPL,2001,81.42755,2413.8142,
Nepal,NPL,2002,82.174706,2380.2441,
Nepal,NPL,2003,82.917656,2439.4949,
Nepal,NPL,2004,83.65626,2521.541,
Nepal,NPL,2005,84.3904,2580.231,
Nepal,NPL,2006,85.119965,2641.348,
Nepal,NPL,2007,85.84491,2708.7144,
Nepal,NPL,2008,86.56501,2852.6099,
Nepal,NPL,2009,87.28014,2961.839,
Nepal,NPL,2010,87.99017,3085.314,
Nepal,NPL,2011,88.69505,3176.6504,
Nepal,NPL,2012,89.3948,3316.5007,
Nepal,NPL,2013,90.089066,3426.5579,
Nepal,NPL,2014,90.77776,3621.7317,
Nepal,NPL,2015,91.4606,3745.2617,
Nepal,NPL,2016,92.13741,3743.7446,
Nepal,NPL,2017,92.80794,4071.7043,
Nepal,NPL,2018,93.47196,4371.3857,
Nepal,NPL,2019,94.12924,4607.5244,
Nepal,NPL,2020,94.77955,4412.542,
Nepal,NPL,2021,95.422646,4546.2295,
Nepal,NPL,2022,95.41018,4763.3877,
Nepal,NPL,1990,,1808.2649,
Nepal,NPL,1991,,1874.2751,
Nepal,NPL,1992,,1896.9717,
Nepal,NPL,1993,,1916.9435,
Nepal,NPL,1994,,2023.1152,
Nepal,NPL,1995,,2043.6052,
Nepal,NPL,1996,,2105.5083,
Nepal,NPL,1997,,2166.3127,
Nepal,NPL,1998,,2188.222,
Nepal,NPL,1999,,2242.6501,
Nepal,NPL,2023,,4861.2305,Asia
Nepal,NPL,2024,,5046.816,
Netherlands,NLD,2000,100,56016.87,
Netherlands,NLD,2001,100,56887.434,
Netherlands,NLD,2002,100,56664.414,
Netherlands,NLD,2003,100,56452.867,
Netherlands,NLD,2004,100,57391.363,
Netherlands,NLD,2005,100,58422.01,
Netherlands,NLD,2006,100,60391.543,
Netherlands,NLD,2007,100,62601.62,
Netherlands,NLD,2008,100,63678.402,
Netherlands,NLD,2009,100,61029.73,
Netherlands,NLD,2010,100,61518.555,
Netherlands,NLD,2011,100,62318.14,
Netherlands,NLD,2012,100,61480.812,
Netherlands,NLD,2013,100,61281.29,
Netherlands,NLD,2014,100,62045.855,
Netherlands,NLD,2015,100,63081.395,
Netherlands,NLD,2016,100,64267.74,
Netherlands,NLD,2017,100,65666,
Netherlands,NLD,2018,100,66758.266,
Netherlands,NLD,2019,100,67847.85,
Netherlands,NLD,2020,100,64862.19,
Netherlands,NLD,2021,100,68573.56,
Netherlands,NLD,2022,100,71324.04,
Netherlands,NLD,1990,,43128.312,
Netherlands,NLD,1991,,43833.484,
Netherlands,NLD,1992,,44245.527,
Netherlands,NLD,1993,,44490.758,
Netherlands,NLD,1994,,45532.805,
Netherlands,NLD,1995,,46720.29,
Netherlands,NLD,1996,,48095.965,
Netherlands,NLD,1997,,49881.875,
Netherlands,NLD,1998,,51879.38,
Netherlands,NLD,1999,,54134.363,
Netherlands,NLD,2023,,70673.97,Europe
Netherlands,NLD,2024,,70901.836,
Netherlands Antilles,ANT,2023,,,North America
New Caledonia,NCL,2000,95.10498,,
New Caledonia,NCL,2001,95.10498,,
New Caledonia,NCL,2002,95.10498,,
New Caledonia,NCL,2003,95.33833,,
New Caledonia,NCL,2004,95.57168,,
New Caledonia,NCL,2005,95.80503,,
New Caledonia,NCL,2006,96.03838,,
New Caledonia,NCL,2007,96.271736,,
New Caledonia,NCL,2008,96.50509,,
New Caledonia,NCL,2009,96.73844,,
New Caledonia,NCL,2010,96.971794,,
New Caledonia,NCL,2011,97.20515,,
New Caledonia,NCL,2012,97.4385,,
New Caledonia,NCL,2013,97.67185,,
New Caledonia,NCL,2014,97.905205,,
New Caledonia,NCL,2015,98.13856,,
New Caledonia,NCL,2016,98.37191,,
New Caledonia,NCL,2017,98.60526,,
New Caledonia,NCL,2018,98.838615,,
New Caledonia,NCL,2019,99.07197,,
New Caledonia,NCL,2020,99.30532,,
New Caledonia,NCL,2021,99.53867,,
New Caledonia,NCL,2022,99.53867,,
New Caledonia,NCL,2023,,,Oceania
New Zealand,NZL,2000,100,35879.793,
New Zealand,NZL,2001,100,36885.645,
New Zealand,NZL,2002,100,37959.066,
New Zealand,NZL,2003,100,38976.914,
New Zealand,NZL,2004,100,39971.77,
New Zealand,NZL,2005,100,40848.297,
New Zealand,NZL,2006,100,41475.12,
New Zealand,NZL,2007,100,42346.09,
New Zealand,NZL,2008,100,41561.184,
New Zealand,NZL,2009,100,41132.336,
New Zealand,NZL,2010,100,41270.93,
New Zealand,NZL,2011,100,41814.887,
New Zealand,NZL,2012,100,42570.332,
New Zealand,NZL,2013,100,43338.438,
New Zealand,NZL,2014,100,44255.504,
New Zealand,NZL,2015,100,44963.832,
New Zealand,NZL,2016,100,45626.684,
New Zealand,NZL,2017,100,46193.29,
New Zealand,NZL,2018,100,46947.938,
New Zealand,NZL,2019,100,47277.664,
New Zealand,NZL,2020,100,46104.605,
New Zealand,NZL,2021,100,47996.68,
New Zealand,NZL,2022,100,49618.523,
New Zealand,NZL,1990,,30695.467,
New Zealand,NZL,1991,,28924.744,
New Zealand,NZL,1992,,28938.098,
New Zealand,NZL,1993,,30438.627,
New Zealand,NZL,1994,,31574.357,
New Zealand,NZL,1995,,32584.654,
New Zealand,NZL,1996,,33231.45,
New Zealand,NZL,1997,,33480.145,
New Zealand,NZL,1998,,33469.254,
New Zealand,NZL,1999,,35084.293,
New Zealand,NZL,2023,,49083.508,Oceania
New Zealand,NZL,2024,,48162.86,
Nicaragua,NIC,2000,81.2549,4878.2476,
Nicaragua,NIC,2001,81.34002,4958.3276,
Nicaragua,NIC,2002,81.425674,4935.4854,
Nicaragua,NIC,2003,81.51217,5000.612,
Nicaragua,NIC,2004,81.59949,5204.382,
Nicaragua,NIC,2005,81.68892,5356.9585,
Nicaragua,NIC,2006,81.79332,5500.406,
Nicaragua,NIC,2007,81.8985,5697.211,
Nicaragua,NIC,2008,82.005104,5809.0996,
Nicaragua,NIC,2009,82.11248,5538.3657,
Nicaragua,NIC,2010,82.220955,5701.128,
Nicaragua,NIC,2011,82.33052,5976.253,
Nicaragua,NIC,2012,82.441185,6275.7876,
Nicaragua,NIC,2013,82.55294,6494.1494,
Nicaragua,NIC,2014,82.66546,6712.2173,
Nicaragua,NIC,2015,82.77905,6939.0327,
Nicaragua,NIC,2016,82.893745,7158.758,
Nicaragua,NIC,2017,82.96666,7391.197,
Nicaragua,NIC,2018,83.04446,7049.0273,
Nicaragua,NIC,2019,83.12749,6756.5938,
Nicaragua,NIC,2020,83.2154,6523.3696,
Nicaragua,NIC,1990,,4217.609,
Nicaragua,NIC,1991,,4113.6875,
Nicaragua,NIC,1992,,4037.2754,
Nicaragua,NIC,1993,,3934.0928,
Nicaragua,NIC,1994,,3979.9854,
Nicaragua,NIC,1995,,4130.286,
Nicaragua,NIC,1996,,4311.493,
Nicaragua,NIC,1997,,4408.329,
Nicaragua,NIC,1998,,4502.598,
Nicaragua,NIC,1999,,4750.9487,
Nicaragua,NIC,2021,,7119.1694,
Nicaragua,NIC,2022,,7277.8228,
Nicaragua,NIC,2023,,7496.5293,North America
Nicaragua,NIC,2024,,7661.602,
Niger,NER,2000,42.3933,1190.5668,
Niger,NER,2001,43.615635,1233.0651,
Niger,NER,2002,44.788483,1248.8231,
Niger,NER,2003,45.96204,1231.2781,
Niger,NER,2004,47.135704,1192.0824,
Niger,NER,2005,48.308907,1233.8755,
Niger,NER,2006,49.482784,1260.1205,
Niger,NER,2007,50.65677,1252.7483,
Niger,NER,2008,51.830326,1300.5542,
Niger,NER,2009,53.004524,1277.6923,
Niger,NER,2010,54.17882,1336.5641,
Niger,NER,2011,55.352737,1318.1013,
Niger,NER,2012,56.527256,1403.1897,
Niger,NER,2013,57.701874,1423.2617,
Niger,NER,2014,58.88334,1462.8213,
Niger,NER,2015,60.07196,1471.6614,
Niger,NER,2016,61.26623,1500.0085,
Niger,NER,2017,62.4664,1520.0016,
Niger,NER,2018,63.67103,1574.3384,
Niger,NER,2019,64.88032,1612.6373,
Niger,NER,2020,66.093605,1615.6927,
Niger,NER,2021,67.30989,1585.5992,
Niger,NER,2022,68.52926,1717.5189,
Niger,NER,1990,,1411.8489,
Niger,NER,1991,,1362.7455,
Niger,NER,1992,,1347.3323,
Niger,NER,1993,,1309.6112,
Niger,NER,1994,,1291.6816,
Niger,NER,1995,,1280.3354,
Niger,NER,1996,,1239.4767,
Niger,NER,1997,,1217.3125,
Niger,NER,1998,,1294.1619,
Niger,NER,1999,,1247.6471,
Niger,NER,2023,,1689.5642,Africa
Niger,NER,2024,,1772.7245,
Nigeria,NGA,2000,52.937576,3290.7056,
Nigeria,NGA,2001,54.468937,3392.0354,
Nigeria,NGA,2002,55.99233,3806.2158,
Nigeria,NGA,2003,57.507133,3974.7678,
Nigeria,NGA,2004,59.01274,4223.798,
Nigeria,NGA,2005,60.508186,4372.9756,
Nigeria,NGA,2006,61.99372,4511.6396,
Nigeria,NGA,2007,63.4692,4677.542,
Nigeria,NGA,2008,64.93446,4856.813,
Nigeria,NGA,2009,66.387886,5102.9165,
Nigeria,NGA,2010,67.83049,5359.5186,
Nigeria,NGA,2011,69.2579,5488.005,
Nigeria,NGA,2012,70.67025,5563.6416,
Nigeria,NGA,2013,72.067,5775.866,
Nigeria,NGA,2014,73.448326,5980.192,
Nigeria,NGA,2015,74.8144,5985.094,
Nigeria,NGA,2016,76.164444,5744.558,
Nigeria,NGA,2017,77.49933,5651.7344,
Nigeria,NGA,2018,78.818634,5628.7407,
Nigeria,NGA,2019,80.12233,5628.1777,
Nigeria,NGA,2020,81.41066,5410.6934,
Nigeria,NGA,2021,82.68362,5491.7,
Nigeria,NGA,2022,83.94149,5552.838,
Nigeria,NGA,1990,,3650.673,
Nigeria,NGA,1991,,3568.2583,
Nigeria,NGA,1992,,3636.7712,
Nigeria,NGA,1993,,3469.5803,
Nigeria,NGA,1994,,3317.8074,
Nigeria,NGA,1995,,3229.124,
Nigeria,NGA,1996,,3277.7944,
Nigeria,NGA,1997,,3287.37,
Nigeria,NGA,1998,,3285.238,
Nigeria,NGA,1999,,3218.4636,
Nigeria,NGA,2023,,5593.0566,Africa
Nigeria,NGA,2024,,5665.4517,
Niue,NIU,2000,99.24311,,
Niue,NIU,2001,99.24311,,
Niue,NIU,2002,99.24311,,
Niue,NIU,2003,99.24311,,
Niue,NIU,2004,99.24311,,
Niue,NIU,2005,99.0943,,
Niue,NIU,2006,98.94548,,
Niue,NIU,2007,98.79667,,
Niue,NIU,2008,98.64785,,
Niue,NIU,2009,98.49903,,
Niue,NIU,2010,98.35022,,
Niue,NIU,2011,98.2014,,
Niue,NIU,2012,98.05259,,
Niue,NIU,2013,97.90377,,
Niue,NIU,2014,97.75495,,
Niue,NIU,2015,97.60614,,
Niue,NIU,2016,97.45732,,
Niue,NIU,2017,97.30851,,
Niue,NIU,2018,97.15969,,
Niue,NIU,2019,97.01088,,
Niue,NIU,2020,97.01088,,
Niue,NIU,2021,97.01088,,
Niue,NIU,2022,97.01088,,
Niue,NIU,2023,,,Oceania
Norfolk Island,NFK,2023,,,Oceania
North America (WB),,1990,,43996.17,
North America (WB),,1991,,43289.633,
North America (WB),,1992,,44104.367,
North America (WB),,1993,,44730.617,
North America (WB),,1994,,45989.266,
North America (WB),,1995,,46672.28,
North America (WB),,1996,,47793.414,
North America (WB),,1997,,49324.945,
North America (WB),,1998,,50930.855,
North America (WB),,1999,,52792.8,
North America (WB),,2000,,54395.99,
North America (WB),,2001,,54414.23,
North America (WB),,2002,,54881,
North America (WB),,2003,,55882.54,
North America (WB),,2004,,57460.652,
North America (WB),,2005,,58901.375,
North America (WB),,2006,,59950.812,
North America (WB),,2007,,60574.895,
North America (WB),,2008,,60110.46,
North America (WB),,2009,,58016.86,
North America (WB),,2010,,59082.02,
North America (WB),,2011,,59602.137,
North America (WB),,2012,,60435.074,
North America (WB),,2013,,61242.504,
North America (WB),,2014,,62295.5,
North America (WB),,2015,,63496.156,
North America (WB),,2016,,64079.96,
North America (WB),,2017,,65200.664,
North America (WB),,2018,,66672.05,
North America (WB),,2019,,67938.39,
North America (WB),,2020,,65982.81,
North America (WB),,2021,,69833.49,
North America (WB),,2022,,71184.96,
North America (WB),,2023,,72394.125,
North America (WB),,2024,,73461.836,
North Korea,PRK,2000,100,,
North Korea,PRK,2001,100,,
North Korea,PRK,2002,100,,
North Korea,PRK,2003,100,,
North Korea,PRK,2004,99.9378,,
North Korea,PRK,2005,99.56222,,
North Korea,PRK,2006,99.18755,,
North Korea,PRK,2007,98.81377,,
North Korea,PRK,2008,98.44088,,
North Korea,PRK,2009,98.07116,,
North Korea,PRK,2010,97.70417,,
North Korea,PRK,2011,97.33918,,
North Korea,PRK,2012,96.9763,,
North Korea,PRK,2013,96.615456,,
North Korea,PRK,2014,96.25667,,
North Korea,PRK,2015,95.89988,,
North Korea,PRK,2016,95.546196,,
North Korea,PRK,2017,95.19572,,
North Korea,PRK,2018,94.84874,,
North Korea,PRK,2019,94.50552,,
North Korea,PRK,2020,94.52698,,
North Korea,PRK,2021,94.54964,,
North Korea,PRK,2022,94.57343,,
North Korea,PRK,2023,,,Asia
North Macedonia,MKD,2000,99.369156,11987.585,
North Macedonia,MKD,2001,99.366394,11571.174,
North Macedonia,MKD,2002,99.36363,11829.611,
North Macedonia,MKD,2003,99.36087,12077.184,
North Macedonia,MKD,2004,99.35809,12682.683,
North Macedonia,MKD,2005,99.359184,13353.726,
North Macedonia,MKD,2006,99.36076,14117.452,
North Macedonia,MKD,2007,99.36282,15117.411,
North Macedonia,MKD,2008,99.36532,16037.158,
North Macedonia,MKD,2009,99.36822,16083.342,
North Macedonia,MKD,2010,99.371506,16730.168,
North Macedonia,MKD,2011,99.375145,17200.29,
North Macedonia,MKD,2012,99.3791,17189.049,
North Macedonia,MKD,2013,99.38332,17757.25,
North Macedonia,MKD,2014,99.38782,18451.19,
North Macedonia,MKD,2015,99.39252,19214.016,
North Macedonia,MKD,2016,99.3974,19824.68,
North Macedonia,MKD,2017,99.402435,20119.943,
North Macedonia,MKD,2018,99.4076,20804.775,
North Macedonia,MKD,2019,99.41284,21765.686,
North Macedonia,MKD,2020,99.41814,20970.287,
North Macedonia,MKD,2021,99.423454,22142.973,
North Macedonia,MKD,2022,99.425865,22820.977,
North Macedonia,MKD,1990,,12903.776,
North Macedonia,MKD,1991,,12152.829,
North Macedonia,MKD,1992,,11486.096,
North Macedonia,MKD,1993,,10764.109,
North Macedonia,MKD,1994,,10650.152,
North Macedonia,MKD,1995,,10500.511,
North Macedonia,MKD,1996,,10550.941,
North Macedonia,MKD,1997,,10786.937,
North Macedonia,MKD,1998,,11092.218,
North Macedonia,MKD,1999,,11518.322,
North Macedonia,MKD,2023,,23343.602,Europe
North Macedonia,MKD,2024,,24463.984,
Northern Africa and Western Asia (SDG),,2000,88.32295,,
Northern Africa and Western Asia (SDG),,2001,88.55908,,
Northern Africa and Western Asia (SDG),,2002,88.82442,,
Northern Africa and Western Asia (SDG),,2003,89.18562,,
Northern Africa and Western Asia (SDG),,2004,89.545425,,
Northern Africa and Western Asia (SDG),,2005,90.03228,,
Northern Africa and Western Asia (SDG),,2006,90.54264,,
Northern Africa and Western Asia (SDG),,2007,91.065575,,
Northern Africa and Western Asia (SDG),,2008,91.56343,,
Northern Africa and Western Asia (SDG),,2009,92.04433,,
Northern Africa and Western Asia (SDG),,2010,92.52325,,
Northern Africa and Western Asia (SDG),,2011,92.99772,,
Northern Africa and Western Asia (SDG),,2012,93.46302,,
Northern Africa and Western Asia (SDG),,2013,93.925,,
Northern Africa and Western Asia (SDG),,2014,94.38688,,
Northern Africa and Western Asia (SDG),,2015,95.0787,,
Northern Africa and Western Asia (SDG),,2016,95.50611,,
Northern Africa and Western Asia (SDG),,2017,95.928925,,
Northern Africa and Western Asia (SDG),,2018,96.35447,,
Northern Africa and Western Asia (SDG),,2019,96.76672,,
Northern Africa and Western Asia (SDG),,2020,97.145805,,
Northern Africa and Western Asia (SDG),,2021,97.453896,,
Northern Africa and Western Asia (SDG),,2022,97.61352,,
Northern Mariana Islands,MNP,2000,96.84362,,
Northern Mariana Islands,MNP,2001,97.05273,,
Northern Mariana Islands,MNP,2002,97.26183,,
Northern Mariana Islands,MNP,2003,97.47093,,
Northern Mariana Islands,MNP,2004,97.68004,,
Northern Mariana Islands,MNP,2005,97.889145,,
Northern Mariana Islands,MNP,2006,98.09824,,
Northern Mariana Islands,MNP,2007,98.30735,,
Northern Mariana Islands,MNP,2008,98.51646,,
Northern Mariana Islands,MNP,2009,98.725555,,
Northern Mariana Islands,MNP,2010,98.93466,,
Northern Mariana Islands,MNP,2011,99.14377,,
Northern Mariana Islands,MNP,2012,99.352875,,
Northern Mariana Islands,MNP,2013,99.56197,,
Northern Mariana Islands,MNP,2014,99.77108,,
Northern Mariana Islands,MNP,2015,99.98019,,
Northern Mariana Islands,MNP,2016,100,,
Northern Mariana Islands,MNP,2017,100,,
Northern Mariana Islands,MNP,2018,100,,
Northern Mariana Islands,MNP,2019,100,,
Northern Mariana Islands,MNP,2020,100,,
Northern Mariana Islands,MNP,2021,100,,
Northern Mariana Islands,MNP,2022,100,,
Northern Mariana Islands,MNP,2023,,,Oceania
Norway,NOR,2000,100,77587.21,
Norway,NOR,2001,100,78791.305,
Norway,NOR,2002,100,79447.09,
Norway,NOR,2003,100,79728.78,
Norway,NOR,2004,100,82440.95,
Norway,NOR,2005,100,84080,
Norway,NOR,2006,100,85458.55,
Norway,NOR,2007,100,87043.5,
Norway,NOR,2008,100,86379.664,
Norway,NOR,2009,100,83642.07,
Norway,NOR,2010,100,83256.79,
Norway,NOR,2011,100,83092.44,
Norway,NOR,2012,100,84237.15,
Norway,NOR,2013,100,84070.46,
Norway,NOR,2014,99.99999,84830.26,
Norway,NOR,2015,100,85550.3,
Norway,NOR,2016,100,85787.62,
Norway,NOR,2017,100,87194.11,
Norway,NOR,2018,99.99999,87338.47,
Norway,NOR,2019,100,87725.73,
Norway,NOR,2020,100,86096.055,
Norway,NOR,2021,100,88984.14,
Norway,NOR,2022,100,91051.086,
Norway,NOR,1990,,57106.883,
Norway,NOR,1991,,58588.47,
Norway,NOR,1992,,60333.45,
Norway,NOR,1993,,61681.805,
Norway,NOR,1994,,64432.074,
Norway,NOR,1995,,66762.16,
Norway,NOR,1996,,69764.38,
Norway,NOR,1997,,73053.97,
Norway,NOR,1998,,74558.3,
Norway,NOR,1999,,75583.836,
Norway,NOR,2023,,90085.555,Europe
Norway,NOR,2024,,91108.234,
Oceania (SDG),,2000,53.294445,,
Oceania (SDG),,2001,53.073357,,
Oceania (SDG),,2002,52.78214,,
Oceania (SDG),,2003,52.496967,,
Oceania (SDG),,2004,52.21144,,
Oceania (SDG),,2005,52.63263,,
Oceania (SDG),,2006,53.07055,,
Oceania (SDG),,2007,53.524597,,
Oceania (SDG),,2008,53.986652,,
Oceania (SDG),,2009,54.458786,,
Oceania (SDG),,2010,54.95169,,
Oceania (SDG),,2011,55.47602,,
Oceania (SDG),,2012,56.02635,,
Oceania (SDG),,2013,56.598064,,
Oceania (SDG),,2014,57.188705,,
Oceania (SDG),,2015,57.79046,,
Oceania (SDG),,2016,58.405224,,
Oceania (SDG),,2017,59.03904,,
Oceania (SDG),,2018,59.687023,,
Oceania (SDG),,2019,60.393997,,
Oceania (SDG),,2020,61.131393,,
Oceania (SDG),,2021,61.92927,,
Oceania (SDG),,2022,61.92974,,
Oman,OMN,2000,94.97755,42086.043,
Oman,OMN,2001,94.9762,43492.285,
Oman,OMN,2002,94.97484,42654.15,
Oman,OMN,2003,94.973495,41247.586,
Oman,OMN,2004,94.994965,41351.77,
Oman,OMN,2005,95.31416,41551.14,
Oman,OMN,2006,95.62977,42540.44,
Oman,OMN,2007,95.94178,43696.97,
Oman,OMN,2008,96.25025,46586.395,
Oman,OMN,2009,96.55514,48304.117,
Oman,OMN,2010,96.85663,48191.613,
Oman,OMN,2011,97.178314,44440.31,
Oman,OMN,2012,97.51045,41964.082,
Oman,OMN,2013,97.832184,40854.484,
Oman,OMN,2014,98.14434,39639.99,
Oman,OMN,2015,98.44729,39813.79,
Oman,OMN,2016,98.74161,39860.99,
Oman,OMN,2017,99.02668,38691.11,
Oman,OMN,2018,99.30351,38673.605,
Oman,OMN,2019,99.54618,38292.387,
Oman,OMN,2020,99.70945,37560.6,
Oman,OMN,2021,99.72571,38719.457,
Oman,OMN,2022,99.740654,39780.21,
Oman,OMN,1990,,35201.55,
Oman,OMN,1991,,35574.676,
Oman,OMN,1992,,36841.402,
Oman,OMN,1993,,37455.34,
Oman,OMN,1994,,37782.723,
Oman,OMN,1995,,38946.773,
Oman,OMN,1996,,39455.83,
Oman,OMN,1997,,41191.03,
Oman,OMN,1998,,40574.676,
Oman,OMN,1999,,40145.93,
Oman,OMN,2023,,37709.066,Asia
Oman,OMN,2024,,36654.23,
Orange Free State,,2023,,,Africa
Pakistan,PAK,2000,90.01291,3531.713,
Pakistan,PAK,2001,90.253265,3559.7278,
Pakistan,PAK,2002,90.49275,3563.6785,
Pakistan,PAK,2003,90.73116,3668.7793,
Pakistan,PAK,2004,90.9686,3859.646,
Pakistan,PAK,2005,91.204956,4042.1545,
Pakistan,PAK,2006,91.44033,4185.8667,
Pakistan,PAK,2007,91.674706,4257.926,
Pakistan,PAK,2008,91.908,4233.348,
Pakistan,PAK,2009,92.140205,4270.439,
Pakistan,PAK,2010,92.3714,4228.7817,
Pakistan,PAK,2011,92.60157,4246.067,
Pakistan,PAK,2012,92.83072,4292.021,
Pakistan,PAK,2013,93.0587,4407.147,
Pakistan,PAK,2014,93.28566,4520.235,
Pakistan,PAK,2015,93.511566,4645.286,
Pakistan,PAK,2016,93.73643,4886.6123,
Pakistan,PAK,2017,93.960175,5031.5605,
Pakistan,PAK,2018,94.18361,5255.0635,
Pakistan,PAK,2019,94.406654,5295.953,
Pakistan,PAK,2020,94.62916,5135.0146,
Pakistan,PAK,2021,94.851,5367.2734,
Pakistan,PAK,2022,95.07199,5526.2793,
Pakistan,PAK,1990,,3199.7297,
Pakistan,PAK,1991,,3252.351,
Pakistan,PAK,1992,,3404.1213,
Pakistan,PAK,1993,,3369.238,
Pakistan,PAK,1994,,3395.5044,
Pakistan,PAK,1995,,3462.4734,
Pakistan,PAK,1996,,3526.1416,
Pakistan,PAK,1997,,3462.5815,
Pakistan,PAK,1998,,3454.1768,
Pakistan,PAK,1999,,3484.4568,
Pakistan,PAK,2023,,5439.1797,Asia
Pakistan,PAK,2024,,5530.996,
Pakistan (former),,2023,,,Asia
Palau,PLW,2000,99.356476,15440.076,
Palau,PLW,2001,99.36259,16295.897,
Palau,PLW,2002,99.36886,16980.826,
Palau,PLW,2003,99.37528,16303.082,
Palau,PLW,2004,99.39055,16807.617,
Palau,PLW,2005,99.40519,17382.299,
Palau,PLW,2006,99.419235,17561.047,
Palau,PLW,2007,99.43268,18138.469,
Palau,PLW,2008,99.44555,17406.168,
Palau,PLW,2009,99.45784,16401.225,
Palau,PLW,2010,99.469574,16530.846,
Palau,PLW,2011,99.48075,17682.61,
Palau,PLW,2012,99.49142,18219.697,
Palau,PLW,2013,99.50153,17783.629,
Palau,PLW,2014,99.51115,18561.441,
Palau,PLW,2015,99.52026,20021.314,
Palau,PLW,2016,99.52884,19902.982,
Palau,PLW,2017,99.5369,19237.926,
Palau,PLW,2018,99.54447,19256.928,
Palau,PLW,2019,99.55159,19312.791,
Palau,PLW,2020,99.55827,18160.254,
Palau,PLW,2021,99.56455,15663.172,
Palau,PLW,2022,99.57045,15477.553,
Palau,PLW,1990,,17842.082,
Palau,PLW,1991,,18291.72,
Palau,PLW,1992,,16719.492,
Palau,PLW,1993,,14319.969,
Palau,PLW,1994,,15000.668,
Palau,PLW,1995,,16224.562,
Palau,PLW,1996,,17446.217,
Palau,PLW,1997,,17400.01,
Palau,PLW,1998,,17349.436,
Palau,PLW,1999,,16085.198,
Palau,PLW,2023,,15796.535,Oceania
Palestine,PSE,2000,91.00859,4520.89,
Palestine,PSE,2001,91.41163,3996.5088,
Palestine,PSE,2002,91.813835,3409.1729,
Palestine,PSE,2003,92.21514,3788.9265,
Palestine,PSE,2004,92.61562,4503.0806,
Palestine,PSE,2005,93.01522,4885.0728,
Palestine,PSE,2006,93.41398,4714.3735,
Palestine,PSE,2007,93.81193,4769.5234,
Palestine,PSE,2008,94.209015,4984.8057,
Palestine,PSE,2009,94.605415,5270.663,
Palestine,PSE,2010,95.00109,5432.2437,
Palestine,PSE,2011,95.39602,5805.3213,
Palestine,PSE,2012,95.790146,6009.1094,
Palestine,PSE,2013,96.18344,6142.202,
Palestine,PSE,2014,96.57587,5990.427,
Palestine,PSE,2015,96.96739,6072.6504,
Palestine,PSE,2016,97.35798,6464.1333,
Palestine,PSE,2017,97.7476,6426.7954,
Palestine,PSE,2018,98.13622,6342.9375,
Palestine,PSE,2019,98.52383,6269.891,
Palestine,PSE,2020,98.910385,5423.6826,
Palestine,PSE,2021,99.29585,5663.1216,
Palestine,PSE,2022,99.6583,5753.084,
Palestine,PSE,1994,,3966.6887,
Palestine,PSE,1995,,4062.963,
Palestine,PSE,1996,,3932.227,
Palestine,PSE,1997,,4311.5386,
Palestine,PSE,1998,,4805.1914,
Palestine,PSE,1999,,5071.8213,
Palestine,PSE,2023,,5361.131,Asia
Palestine,PSE,2024,,3845.503,
Panama,PAN,2000,89.5553,14572.976,
Panama,PAN,2001,89.91733,14427.83,
Panama,PAN,2002,90.27672,14507.144,
Panama,PAN,2003,90.63386,14957.554,
Panama,PAN,2004,90.98857,15875.112,
Panama,PAN,2005,91.34087,16867.96,
Panama,PAN,2006,91.69076,18190.273,
Panama,PAN,2007,92.038086,20208.822,
Panama,PAN,2008,92.3832,21867.818,
Panama,PAN,2009,92.725945,21822.988,
Panama,PAN,2010,93.06617,22739.111,
Panama,PAN,2011,93.40544,24999.46,
Panama,PAN,2012,93.74353,26926.885,
Panama,PAN,2013,94.08035,28135.328,
Panama,PAN,2014,94.41597,28931.805,
Panama,PAN,2015,94.750015,29933.156,
Panama,PAN,2016,95.08241,30765.236,
Panama,PAN,2017,95.41324,31979.812,
Panama,PAN,2018,95.74227,32681.447,
Panama,PAN,2019,96.031456,33163.727,
Panama,PAN,2020,96.246025,26881.799,
Panama,PAN,2021,96.45744,30932.764,
Panama,PAN,2022,96.49896,33833.027,
Panama,PAN,1990,,11335.936,
Panama,PAN,1991,,12143.149,
Panama,PAN,1992,,12866.849,
Panama,PAN,1993,,13289.874,
Panama,PAN,1994,,13389.874,
Panama,PAN,1995,,13349.334,
Panama,PAN,1996,,12327.852,
Panama,PAN,1997,,13013.891,
Panama,PAN,1998,,13826.532,
Panama,PAN,1999,,14261.741,
Panama,PAN,2023,,35863.88,North America
Panama,PAN,2024,,36426.008,
Papua New Guinea,PNG,2000,33.081333,3326.7986,
Papua New Guinea,PNG,2001,33.067566,3211.7593,
Papua New Guinea,PNG,2002,33.056297,3100.7952,
Papua New Guinea,PNG,2003,33.045033,3064.444,
Papua New Guinea,PNG,2004,33.033142,3046.333,
Papua New Guinea,PNG,2005,34.101765,3136.5857,
Papua New Guinea,PNG,2006,35.17084,3202.4873,
Papua New Guinea,PNG,2007,36.24037,3345.8503,
Papua New Guinea,PNG,2008,37.31036,3233.9182,
Papua New Guinea,PNG,2009,38.3808,3349.6436,
Papua New Guinea,PNG,2010,39.45169,3579.1714,
Papua New Guinea,PNG,2011,40.522503,3514.8328,
Papua New Guinea,PNG,2012,41.594315,3577.4517,
Papua New Guinea,PNG,2013,42.673756,3615.2832,
Papua New Guinea,PNG,2014,43.760292,3998.6182,
Papua New Guinea,PNG,2015,44.8534,4154.5234,
Papua New Guinea,PNG,2016,45.952545,4275.7485,
Papua New Guinea,PNG,2017,47.057198,4322.2227,
Papua New Guinea,PNG,2018,48.16728,4211.1455,
Papua New Guinea,PNG,2019,49.28178,4301.6113,
Papua New Guinea,PNG,2020,50.40018,4077.6313,
Papua New Guinea,PNG,2021,51.52277,3976.9038,
Papua New Guinea,PNG,2022,52.64854,4125.493,
Papua New Guinea,PNG,1990,,3164.149,
Papua New Guinea,PNG,1991,,3358.1887,
Papua New Guinea,PNG,1992,,3690.345,
Papua New Guinea,PNG,1993,,4206.429,
Papua New Guinea,PNG,1994,,4297.891,
Papua New Guinea,PNG,1995,,4008.722,
Papua New Guinea,PNG,1996,,4167.036,
Papua New Guinea,PNG,1997,,3864.2302,
Papua New Guinea,PNG,1998,,3590.1,
Papua New Guinea,PNG,1999,,3531.6594,
Papua New Guinea,PNG,2023,,4205.8477,Oceania
Papua New Guinea,PNG,2024,,4300.726,
Paraguay,PRY,2000,76.2499,9998.593,
Paraguay,PRY,2001,77.80203,9749.259,
Paraguay,PRY,2002,79.32603,9610.748,
Paraguay,PRY,2003,80.73775,9903.45,
Paraguay,PRY,2004,82.117935,10187.194,
Paraguay,PRY,2005,83.48376,10290.101,
Paraguay,PRY,2006,84.83498,10672.993,
Paraguay,PRY,2007,86.17164,11141.87,
Paraguay,PRY,2008,87.49404,11751.14,
Paraguay,PRY,2009,88.80198,11601.285,
Paraguay,PRY,2010,90.09552,12738.576,
Paraguay,PRY,2011,91.374725,13109.467,
Paraguay,PRY,2012,92.6398,12834.802,
Paraguay,PRY,2013,93.88711,13700.703,
Paraguay,PRY,2014,95.120575,14219.3545,
Paraguay,PRY,2015,96.341866,14427.601,
Paraguay,PRY,2016,97.55107,14826.664,
Paraguay,PRY,2017,98.74815,15320.337,
Paraguay,PRY,2018,99.93326,15592.984,
Paraguay,PRY,2019,100,15321.324,
Paraguay,PRY,2020,100,14991.66,
Paraguay,PRY,2021,100,15406.167,
Paraguay,PRY,2022,100,15259.1455,
Paraguay,PRY,1990,,9962.48,
Paraguay,PRY,1991,,10040.3125,
Paraguay,PRY,1992,,9948.421,
Paraguay,PRY,1993,,10178.455,
Paraguay,PRY,1994,,10459.09,
Paraguay,PRY,1995,,10908.272,
Paraguay,PRY,1996,,10825.287,
Paraguay,PRY,1997,,11033.016,
Paraguay,PRY,1998,,10802.56,
Paraguay,PRY,1999,,10435.398,
Paraguay,PRY,2023,,15826.088,South America
Paraguay,PRY,2024,,16296.283,
Peru,PER,2000,81.36884,7669.095,
Peru,PER,2001,82.13399,7611.6665,
Peru,PER,2002,82.88716,7931.5796,
Peru,PER,2003,83.62889,8174.3794,
Peru,PER,2004,84.35893,8495.986,
Peru,PER,2005,85.07711,8949.954,
Peru,PER,2006,85.78426,9547.913,
Peru,PER,2007,86.47988,10286.3545,
Peru,PER,2008,87.125565,11151.53,
Peru,PER,2009,87.74751,11204.377,
Peru,PER,2010,88.3646,12059.018,
Peru,PER,2011,88.97629,12726.6,
Peru,PER,2012,89.58317,13395.399,
Peru,PER,2013,90.18475,14052.138,
Peru,PER,2014,90.781364,14244.566,
Peru,PER,2015,91.37323,14542.793,
Peru,PER,2016,91.95996,14917.449,
Peru,PER,2017,92.541824,15069.522,
Peru,PER,2018,93.12006,15386.26,
Peru,PER,2019,93.69429,15463.543,
Peru,PER,2020,94.26446,13609.6,
Peru,PER,2021,94.8302,15280.551,
Peru,PER,2022,95.39132,15559.821,
Peru,PER,1990,,6317.079,
Peru,PER,1991,,6322.5747,
Peru,PER,1992,,6161.6357,
Peru,PER,1993,,6355.262,
Peru,PER,1994,,6997.706,
Peru,PER,1995,,7372.0425,
Peru,PER,1996,,7437.1924,
Peru,PER,1997,,7773.827,
Peru,PER,1998,,7603.809,
Peru,PER,1999,,7585.328,
Peru,PER,2023,,15327.582,South America
Peru,PER,2024,,15661.75,
Philippines,PHL,2000,88.98275,4740.439,
Philippines,PHL,2001,89.365906,4778.401,
Philippines,PHL,2002,89.74981,4856.4995,
Philippines,PHL,2003,90.13446,5003.3833,
Philippines,PHL,2004,90.51987,5229.4507,
Philippines,PHL,2005,90.90603,5386.8164,
Philippines,PHL,2006,91.29294,5578.5723,
Philippines,PHL,2007,91.680595,5840.068,
Philippines,PHL,2008,92.069016,5987.0376,
Philippines,PHL,2009,92.45826,5965.307,
Philippines,PHL,2010,92.85203,6273.039,
Philippines,PHL,2011,93.26436,6388.313,
Philippines,PHL,2012,93.675,6697.556,
Philippines,PHL,2013,94.084045,7016.5386,
Philippines,PHL,2014,94.49133,7340.362,
Philippines,PHL,2015,94.896996,7691.763,
Philippines,PHL,2016,95.30098,8131.825,
Philippines,PHL,2017,95.704124,8584.136,
Philippines,PHL,2018,96.10631,9016.286,
Philippines,PHL,2019,96.50726,9452.294,
Philippines,PHL,2020,96.90675,8455.185,
Philippines,PHL,2021,97.30455,8857.79,
Philippines,PHL,2022,97.70044,9457.104,
Philippines,PHL,1990,,4504.4624,
Philippines,PHL,1991,,4378.3955,
Philippines,PHL,1992,,4293.7183,
Philippines,PHL,1993,,4283.1597,
Philippines,PHL,1994,,4374.0674,
Philippines,PHL,1995,,4477.323,
Philippines,PHL,1996,,4631.772,
Philippines,PHL,1997,,4758.7085,
Philippines,PHL,1998,,4616.673,
Philippines,PHL,1999,,4650.7593,
Philippines,PHL,2023,,9898.533,Asia
Philippines,PHL,2024,,10375.94,
Pitcairn,PCN,2023,,,Oceania
Poland,POL,2005,99.15924,21568.947,
Poland,POL,2006,99.15742,22921.197,
Poland,POL,2007,99.15559,24484.066,
Poland,POL,2008,99.15374,25553.906,
Poland,POL,2009,99.1519,26204.41,
Poland,POL,2010,98.42694,27112.133,
Poland,POL,2011,97.699745,28521.662,
Poland,POL,2012,96.96967,28952.916,
Poland,POL,2013,96.23715,29168.625,
Poland,POL,2014,95.50208,30334.879,
Poland,POL,2015,94.76457,31700.37,
Poland,POL,2016,94.02673,32675.305,
Poland,POL,2017,93.28949,34354.598,
Poland,POL,2018,92.55355,36500.41,
Poland,POL,2019,91.81969,38181.62,
Poland,POL,2020,91.088806,37852.8,
Poland,POL,2021,90.36157,41059.586,
Poland,POL,2022,90.36958,43405.023,
Poland,POL,1990,,12821.464,
Poland,POL,1991,,11879.754,
Poland,POL,1992,,12141.235,
Poland,POL,1993,,12563.1045,
Poland,POL,1994,,13200.161,
Poland,POL,1995,,14227.566,
Poland,POL,1996,,15083.098,
Poland,POL,1997,,16031.721,
Poland,POL,1998,,16766.648,
Poland,POL,1999,,17556.002,
Poland,POL,2000,,18566.355,
Poland,POL,2001,,18800.602,
Poland,POL,2002,,19166.914,
Poland,POL,2003,,19855.63,
Poland,POL,2004,,20878.654,
Poland,POL,2023,,43672.766,Europe
Poland,POL,2024,,45112.598,
Portugal,PRT,2000,99.22967,35069.83,
Portugal,PRT,2001,99.216385,35500.227,
Portugal,PRT,2002,99.20468,35578.52,
Portugal,PRT,2003,99.19442,35115.38,
Portugal,PRT,2004,99.18561,35658.13,
Portugal,PRT,2005,99.178246,35870.31,
Portugal,PRT,2006,99.172325,36387.535,
Portugal,PRT,2007,99.167816,37226.47,
Portugal,PRT,2008,99.164734,37291.504,
Portugal,PRT,2009,99.163055,36092.812,
Portugal,PRT,2010,99.162766,36703.113,
Portugal,PRT,2011,99.16387,36127.293,
Portugal,PRT,2012,99.16633,34804.633,
Portugal,PRT,2013,99.17012,34651.773,
Portugal,PRT,2014,99.17522,35097.41,
Portugal,PRT,2015,99.18161,35803.355,
Portugal,PRT,2016,99.18926,36636.297,
Portugal,PRT,2017,99.198166,37943.113,
Portugal,PRT,2018,99.20828,39123.613,
Portugal,PRT,2019,99.2196,40188.285,
Portugal,PRT,2020,99.23207,36852.227,
Portugal,PRT,2021,99.24568,38657.668,
Portugal,PRT,2022,99.26041,41070.86,
Portugal,PRT,1990,,27190.572,
Portugal,PRT,1991,,28443.795,
Portugal,PRT,1992,,28776.047,
Portugal,PRT,1993,,28153.615,
Portugal,PRT,1994,,28348.865,
Portugal,PRT,1995,,29460.814,
Portugal,PRT,1996,,30378.756,
Portugal,PRT,1997,,31574.402,
Portugal,PRT,1998,,32925.664,
Portugal,PRT,1999,,34018.965,
Portugal,PRT,2023,,41571.02,Europe
Portugal,PRT,2024,,41883.85,
Puerto Rico,PRI,2000,97.21325,37298.547,
Puerto Rico,PRI,2001,97.360725,39568.555,
Puerto Rico,PRI,2002,97.50821,39879.73,
Puerto Rico,PRI,2003,97.655685,39876.066,
Puerto Rico,PRI,2004,97.80317,43355.824,
Puerto Rico,PRI,2005,97.950645,42555.707,
Puerto Rico,PRI,2006,98.09813,42133.97,
Puerto Rico,PRI,2007,98.245605,41888.625,
Puerto Rico,PRI,2008,98.39309,41358.07,
Puerto Rico,PRI,2009,98.540565,40772.35,
Puerto Rico,PRI,2010,98.68805,40777.688,
Puerto Rico,PRI,2011,98.835526,40972.535,
Puerto Rico,PRI,2012,98.98301,41347.453,
Puerto Rico,PRI,2013,99.130486,41556.785,
Puerto Rico,PRI,2014,99.27797,41593.68,
Puerto Rico,PRI,2015,99.42545,41737.605,
Puerto Rico,PRI,2016,99.57293,41858.26,
Puerto Rico,PRI,2017,99.72041,41479.996,
Puerto Rico,PRI,2018,99.86789,41119.31,
Puerto Rico,PRI,2019,100,41656.33,
Puerto Rico,PRI,2020,100,40171.387,
Puerto Rico,PRI,2021,100,40559.477,
Puerto Rico,PRI,2022,100,42310.957,
Puerto Rico,PRI,1990,,26738.814,
Puerto Rico,PRI,1991,,27162.15,
Puerto Rico,PRI,1992,,28219.115,
Puerto Rico,PRI,1993,,29282.111,
Puerto Rico,PRI,1994,,30225.781,
Puerto Rico,PRI,1995,,31310.18,
Puerto Rico,PRI,1996,,31677.23,
Puerto Rico,PRI,1997,,32915.79,
Puerto Rico,PRI,1998,,34537.184,
Puerto Rico,PRI,1999,,36216.84,
Puerto Rico,PRI,2023,,42738.645,North America
Puerto Rico,PRI,2024,,44124.54,
Qatar,QAT,2000,99.90292,93187.06,
Qatar,QAT,2001,99.90292,92115.83,
Qatar,QAT,2002,99.90292,94111.69,
Qatar,QAT,2003,99.90292,93224.45,
Qatar,QAT,2004,99.90292,107023.68,
Qatar,QAT,2005,99.90292,107784.52,
Qatar,QAT,2006,99.90292,115383.74,
Qatar,QAT,2007,99.90292,109579.79,
Qatar,QAT,2008,99.90292,109206.41,
Qatar,QAT,2009,99.90907,108435.85,
Qatar,QAT,2010,99.915215,129045.01,
Qatar,QAT,2011,99.921364,145591.02,
Qatar,QAT,2012,99.92751,143830.72,
Qatar,QAT,2013,99.933655,136454,
Qatar,QAT,2014,99.939804,128013.984,
Qatar,QAT,2015,99.945946,123070.89,
Qatar,QAT,2016,99.952095,120054.41,
Qatar,QAT,2017,99.958244,115064.945,
Qatar,QAT,2018,99.964386,114909.945,
Qatar,QAT,2019,99.970535,113160.98,
Qatar,QAT,2020,99.97668,103061.914,
Qatar,QAT,2021,99.98283,116832.57,
Qatar,QAT,2022,99.988976,114740.125,
Qatar,QAT,1990,,71584.445,
Qatar,QAT,1991,,68122.93,
Qatar,QAT,1992,,73451.02,
Qatar,QAT,1993,,70250.766,
Qatar,QAT,1994,,69119.95,
Qatar,QAT,1995,,68732.53,
Qatar,QAT,1996,,69746.22,
Qatar,QAT,1997,,87140.125,
Qatar,QAT,1998,,91901.16,
Qatar,QAT,1999,,90837.46,
Qatar,QAT,2023,,116159.14,Asia
Qatar,QAT,2024,,110945.88,
Republic of Vietnam,OWID_RVN,2023,,,Asia
Reunion,REU,2000,99.72131,,
Reunion,REU,2001,99.72131,,
Reunion,REU,2002,99.72131,,
Reunion,REU,2003,99.72131,,
Reunion,REU,2004,99.72131,,
Reunion,REU,2005,99.72131,,
Reunion,REU,2006,99.7352,,
Reunion,REU,2007,99.749084,,
Reunion,REU,2008,99.76296,,
Reunion,REU,2009,99.77685,,
Reunion,REU,2010,99.79073,,
Reunion,REU,2011,99.80462,,
Reunion,REU,2012,99.8185,,
Reunion,REU,2013,99.83238,,
Reunion,REU,2014,99.84627,,
Reunion,REU,2015,99.86015,,
Reunion,REU,2016,99.87403,,
Reunion,REU,2017,99.88792,,
Reunion,REU,2018,99.9018,,
Reunion,REU,2019,99.91569,,
Reunion,REU,2020,99.929565,,
Reunion,REU,2021,99.94345,,
Reunion,REU,2022,99.94345,,
Reunion,REU,2023,,,Africa
Romania,ROU,2000,100,14852.005,
Romania,ROU,2001,100,15846.603,
Romania,ROU,2002,100,17059.797,
Romania,ROU,2003,100,17585.574,
Romania,ROU,2004,100,19530.383,
Romania,ROU,2005,100,20568.717,
Romania,ROU,2006,100,22352.164,
Romania,ROU,2007,100,24325.781,
Romania,ROU,2008,100,27036.697,
Romania,ROU,2009,100,25758.863,
Romania,ROU,2010,100,24900.23,
Romania,ROU,2011,100,26147.94,
Romania,ROU,2012,100,26764.582,
Romania,ROU,2013,100,26939.04,
Romania,ROU,2014,100,28153.107,
Romania,ROU,2015,100,29178.744,
Romania,ROU,2016,100,30185.906,
Romania,ROU,2017,100,32849.11,
Romania,ROU,2018,100,35065.18,
Romania,ROU,2019,100,36633.363,
Romania,ROU,2020,100,35482.195,
Romania,ROU,2021,100,37730.37,
Romania,ROU,2022,100,39377.973,
Romania,ROU,1990,,16315.093,
Romania,ROU,1991,,14331.432,
Romania,ROU,1992,,13193.625,
Romania,ROU,1993,,13413.578,
Romania,ROU,1994,,13961.274,
Romania,ROU,1995,,14861.59,
Romania,ROU,1996,,15486.895,
Romania,ROU,1997,,14778.41,
Romania,ROU,1998,,14508.435,
Romania,ROU,1999,,14476.495,
Romania,ROU,2023,,40301.5,Europe
Romania,ROU,2024,,40608.418,
Russia,RUS,2000,95.96275,20104.75,
Russia,RUS,2001,95.96232,21219.904,
Russia,RUS,2002,96.037865,22319.678,
Russia,RUS,2003,96.11733,24057.928,
Russia,RUS,2004,96.198,25894.146,
Russia,RUS,2005,96.27845,27656.658,
Russia,RUS,2006,96.358696,30022.672,
Russia,RUS,2007,96.43873,32630.37,
Russia,RUS,2008,96.51855,34342.227,
Russia,RUS,2009,96.598076,31654.004,
Russia,RUS,2010,96.67747,33063.586,
Russia,RUS,2011,96.75667,34444.645,
Russia,RUS,2012,96.83683,35740.7,
Russia,RUS,2013,96.917786,36260.066,
Russia,RUS,2014,96.999596,35853.246,
Russia,RUS,2015,97.08201,35037.152,
Russia,RUS,2016,97.16501,35005.45,
Russia,RUS,2017,97.24849,35570.39,
Russia,RUS,2018,97.33228,36536.695,
Russia,RUS,2019,97.41631,37319.32,
Russia,RUS,2020,97.50047,36376.336,
Russia,RUS,2021,97.58466,38638.43,
Russia,RUS,2022,97.668755,38214.496,
Russia,RUS,1990,,29643.596,
Russia,RUS,1991,,28066.922,
Russia,RUS,1992,,23965.244,
Russia,RUS,1993,,21899.518,
Russia,RUS,1994,,19153.363,
Russia,RUS,1995,,18363.713,
Russia,RUS,1996,,17699.87,
Russia,RUS,1997,,17977.352,
Russia,RUS,1998,,17052.756,
Russia,RUS,1999,,18200.32,
Russia,RUS,2023,,39887.34,Europe
Russia,RUS,2024,,41704.71,
Rwanda,RWA,2000,66.21084,1016.662,
Rwanda,RWA,2001,67.204094,1093.1841,
Rwanda,RWA,2002,68.2004,1220.7395,
Rwanda,RWA,2003,69.03016,1220.4991,
Rwanda,RWA,2004,69.83547,1277.1927,
Rwanda,RWA,2005,70.640755,1360.2959,
Rwanda,RWA,2006,71.44619,1446.7109,
Rwanda,RWA,2007,72.25142,1516.2675,
Rwanda,RWA,2008,73.05662,1641.7777,
Rwanda,RWA,2009,73.86197,1699.9446,
Rwanda,RWA,2010,74.667114,1779.1586,
Rwanda,RWA,2011,75.47223,1874.215,
Rwanda,RWA,2012,76.27749,1988.0122,
Rwanda,RWA,2013,77.08255,2032.4048,
Rwanda,RWA,2014,77.89014,2106.2146,
Rwanda,RWA,2015,78.70026,2238.5393,
Rwanda,RWA,2016,79.51242,2316.6372,
Rwanda,RWA,2017,80.3268,2351.597,
Rwanda,RWA,2018,81.1432,2493.44,
Rwanda,RWA,2019,81.96135,2667.4646,
Rwanda,RWA,2020,82.781204,2520.3174,
Rwanda,RWA,2021,83.6026,2733.4355,
Rwanda,RWA,2022,84.425385,2892.4597,
Rwanda,RWA,1990,,1122.9913,
Rwanda,RWA,1991,,1072.6971,
Rwanda,RWA,1992,,1112.5903,
Rwanda,RWA,1993,,984.2175,
Rwanda,RWA,1994,,575.36755,
Rwanda,RWA,1995,,931.3678,
Rwanda,RWA,1996,,888.131,
Rwanda,RWA,1997,,874.6947,
Rwanda,RWA,1998,,913.7196,
Rwanda,RWA,1999,,945.7332,
Rwanda,RWA,2023,,3062.999,Africa
Rwanda,RWA,2024,,3264.6445,
Saint Barthelemy,BLM,2000,99.3942,,
Saint Barthelemy,BLM,2001,99.3942,,
Saint Barthelemy,BLM,2002,99.3942,,
Saint Barthelemy,BLM,2003,99.3942,,
Saint Barthelemy,BLM,2004,99.3942,,
Saint Barthelemy,BLM,2005,99.44265,,
Saint Barthelemy,BLM,2006,99.4911,,
Saint Barthelemy,BLM,2007,99.53954,,
Saint Barthelemy,BLM,2008,99.58799,,
Saint Barthelemy,BLM,2009,99.63644,,
Saint Barthelemy,BLM,2010,99.68488,,
Saint Barthelemy,BLM,2011,99.73333,,
Saint Barthelemy,BLM,2012,99.78178,,
Saint Barthelemy,BLM,2013,99.83022,,
Saint Barthelemy,BLM,2014,99.87867,,
Saint Barthelemy,BLM,2015,99.92712,,
Saint Barthelemy,BLM,2016,99.97556,,
Saint Barthelemy,BLM,2017,100,,
Saint Barthelemy,BLM,2018,100,,
Saint Barthelemy,BLM,2019,100,,
Saint Barthelemy,BLM,2020,100,,
Saint Barthelemy,BLM,2021,100,,
Saint Barthelemy,BLM,2022,100,,
Saint Barthelemy,BLM,2023,,,North America
Saint Helena,SHN,2002,98.5,,
Saint Helena,SHN,2003,98.5,,
Saint Helena,SHN,2004,98.5,,
Saint Helena,SHN,2005,98.5,,
Saint Helena,SHN,2006,98.5,,
Saint Helena,SHN,2007,98.55,,
Saint Helena,SHN,2008,98.6,,
Saint Helena,SHN,2009,98.65,,
Saint Helena,SHN,2010,98.7,,
Saint Helena,SHN,2011,98.75,,
Saint Helena,SHN,2012,98.8,,
Saint Helena,SHN,2013,98.85,,
Saint Helena,SHN,2014,98.9,,
Saint Helena,SHN,2015,98.95,,
Saint Helena,SHN,2016,99,,
Saint Helena,SHN,2017,99.05,,
Saint Helena,SHN,2018,99.1,,
Saint Helena,SHN,2019,99.1,,
Saint Helena,SHN,2020,99.1,,
Saint Helena,SHN,2021,99.1,,
Saint Helena,SHN,2022,99.1,,
Saint Helena,SHN,2023,,,Africa
Saint Kitts and Nevis,KNA,2000,98.4499,19840.58,
Saint Kitts and Nevis,KNA,2001,98.46235,20648.79,
Saint Kitts and Nevis,KNA,2002,98.47481,20813.404,
Saint Kitts and Nevis,KNA,2003,98.48727,19927.182,
Saint Kitts and Nevis,KNA,2004,98.499725,20661.346,
Saint Kitts and Nevis,KNA,2005,98.512184,22612.713,
Saint Kitts and Nevis,KNA,2006,98.52464,23258.984,
Saint Kitts and Nevis,KNA,2007,98.5371,23330.045,
Saint Kitts and Nevis,KNA,2008,98.54956,25898.783,
Saint Kitts and Nevis,KNA,2009,98.56202,24973.805,
Saint Kitts and Nevis,KNA,2010,98.57448,24997.566,
Saint Kitts and Nevis,KNA,2011,98.58694,25380.008,
Saint Kitts and Nevis,KNA,2012,98.599396,25114.057,
Saint Kitts and Nevis,KNA,2013,98.611855,26532.102,
Saint Kitts and Nevis,KNA,2014,98.611855,28530.307,
Saint Kitts and Nevis,KNA,2015,98.611855,28729.566,
Saint Kitts and Nevis,KNA,2016,98.611855,29867.027,
Saint Kitts and Nevis,KNA,2017,98.611855,29948.92,
Saint Kitts and Nevis,KNA,1990,,14326.041,
Saint Kitts and Nevis,KNA,1991,,14084.684,
Saint Kitts and Nevis,KNA,1992,,14557.185,
Saint Kitts and Nevis,KNA,1993,,15348.688,
Saint Kitts and Nevis,KNA,1994,,15955.838,
Saint Kitts and Nevis,KNA,1995,,16596.266,
Saint Kitts and Nevis,KNA,1996,,17340.223,
Saint Kitts and Nevis,KNA,1997,,18288.494,
Saint Kitts and Nevis,KNA,1998,,17963.7,
Saint Kitts and Nevis,KNA,1999,,18291.424,
Saint Kitts and Nevis,KNA,2018,,30576.248,
Saint Kitts and Nevis,KNA,2019,,31512.193,
Saint Kitts and Nevis,KNA,2020,,26736.928,
Saint Kitts and Nevis,KNA,2021,,26896.617,
Saint Kitts and Nevis,KNA,2022,,29712.686,
Saint Kitts and Nevis,KNA,2023,,30966.332,North America
Saint Kitts and Nevis,KNA,2024,,31270.69,
Saint Lucia,LCA,2000,92.11365,18818.885,
Saint Lucia,LCA,2001,92.095024,17993.637,
Saint Lucia,LCA,2002,92.02425,17911.629,
Saint Lucia,LCA,2003,92.380424,18522.514,
Saint Lucia,LCA,2004,92.74573,19715.83,
Saint Lucia,LCA,2005,93.120094,19491.219,
Saint Lucia,LCA,2006,93.50299,20551.06,
Saint Lucia,LCA,2007,93.894196,20759.305,
Saint Lucia,LCA,2008,94.29329,21651.234,
Saint Lucia,LCA,2009,94.70011,20907.334,
Saint Lucia,LCA,2010,95.11852,20849.055,
Saint Lucia,LCA,2011,95.566246,21637.87,
Saint Lucia,LCA,2012,96.01396,21515.9,
Saint Lucia,LCA,2013,96.46196,21029.29,
Saint Lucia,LCA,2014,96.91009,21214.477,
Saint Lucia,LCA,2015,97.35831,21142.973,
Saint Lucia,LCA,2016,97.80645,21775.475,
Saint Lucia,LCA,2017,98.25443,22422.598,
Saint Lucia,LCA,2018,98.70215,22981.918,
Saint Lucia,LCA,2019,98.70278,22738.248,
Saint Lucia,LCA,2020,98.70349,17142.045,
Saint Lucia,LCA,2021,98.704315,19101.166,
Saint Lucia,LCA,2022,98.705215,22962.281,
Saint Lucia,LCA,1990,,17222.148,
Saint Lucia,LCA,1991,,17080.799,
Saint Lucia,LCA,1992,,18166.207,
Saint Lucia,LCA,1993,,18004.031,
Saint Lucia,LCA,1994,,18020.514,
Saint Lucia,LCA,1995,,18048.781,
Saint Lucia,LCA,1996,,18301.152,
Saint Lucia,LCA,1997,,17920.033,
Saint Lucia,LCA,1998,,18786.998,
Saint Lucia,LCA,1999,,19039.463,
Saint Lucia,LCA,2023,,23403.744,North America
Saint Lucia,LCA,2024,,24252.469,
Saint Martin (French part),MAF,2000,100,,
Saint Martin (French part),MAF,2001,100,,
Saint Martin (French part),MAF,2002,100,,
Saint Martin (French part),MAF,2003,100,,
Saint Martin (French part),MAF,2004,100,,
Saint Martin (French part),MAF,2005,100,,
Saint Martin (French part),MAF,2006,100,,
Saint Martin (French part),MAF,2007,100,,
Saint Martin (French part),MAF,2008,100,,
Saint Martin (French part),MAF,2009,100,,
Saint Martin (French part),MAF,2010,99.99833,,
Saint Martin (French part),MAF,2011,99.99178,,
Saint Martin (French part),MAF,2012,99.98524,,
Saint Martin (French part),MAF,2013,99.97869,,
Saint Martin (French part),MAF,2014,99.972145,,
Saint Martin (French part),MAF,2015,99.9656,,
Saint Martin (French part),MAF,2016,99.95906,,
Saint Martin (French part),MAF,2017,99.952515,,
Saint Martin (French part),MAF,2018,99.94597,,
Saint Martin (French part),MAF,2019,99.93942,,
Saint Martin (French part),MAF,2020,99.93288,,
Saint Martin (French part),MAF,2021,99.92633,,
Saint Martin (French part),MAF,2022,99.92633,,
Saint Martin (French part),MAF,2023,,,North America
Saint Pierre and Miquelon,SPM,2007,91.4,,
Saint Pierre and Miquelon,SPM,2008,91.4,,
Saint Pierre and Miquelon,SPM,2009,91.4,,
Saint Pierre and Miquelon,SPM,2010,91.4,,
Saint Pierre and Miquelon,SPM,2011,91.4,,
Saint Pierre and Miquelon,SPM,2012,91.4,,
Saint Pierre and Miquelon,SPM,2013,91.4,,
Saint Pierre and Miquelon,SPM,2014,91.4,,
Saint Pierre and Miquelon,SPM,2015,91.4,,
Saint Pierre and Miquelon,SPM,2016,91.4,,
Saint Pierre and Miquelon,SPM,2017,91.4,,
Saint Pierre and Miquelon,SPM,2018,91.4,,
Saint Pierre and Miquelon,SPM,2019,91.4,,
Saint Pierre and Miquelon,SPM,2020,91.4,,
Saint Pierre and Miquelon,SPM,2023,,,North America
Saint Vincent and the Grenadines,VCT,2000,95.448875,9999.059,
Saint Vincent and the Grenadines,VCT,2001,95.60567,10177.81,
Saint Vincent and the Grenadines,VCT,2002,95.76311,10736.088,
Saint Vincent and the Grenadines,VCT,2003,95.92119,11475.331,
Saint Vincent and the Grenadines,VCT,2004,96.079926,11979.907,
Saint Vincent and the Grenadines,VCT,2005,96.23933,12320.071,
Saint Vincent and the Grenadines,VCT,2006,96.39941,13233.407,
Saint Vincent and the Grenadines,VCT,2007,96.56015,13732.362,
Saint Vincent and the Grenadines,VCT,2008,96.7216,13850.394,
Saint Vincent and the Grenadines,VCT,2009,96.883736,13723.784,
Saint Vincent and the Grenadines,VCT,2010,97.04658,13175.723,
Saint Vincent and the Grenadines,VCT,2011,97.21013,13168.896,
Saint Vincent and the Grenadines,VCT,2012,97.374405,13397.963,
Saint Vincent and the Grenadines,VCT,2013,97.53938,13804.184,
Saint Vincent and the Grenadines,VCT,2014,97.70512,14054.756,
Saint Vincent and the Grenadines,VCT,2015,97.71085,14523.581,
Saint Vincent and the Grenadines,VCT,2016,97.716644,15212.62,
Saint Vincent and the Grenadines,VCT,2017,97.72245,15533.222,
Saint Vincent and the Grenadines,VCT,2018,97.72831,16139.066,
Saint Vincent and the Grenadines,VCT,1990,,7467.379,
Saint Vincent and the Grenadines,VCT,1991,,7524.585,
Saint Vincent and the Grenadines,VCT,1992,,7984.0796,
Saint Vincent and the Grenadines,VCT,1993,,8306.775,
Saint Vincent and the Grenadines,VCT,1994,,8189.8438,
Saint Vincent and the Grenadines,VCT,1995,,8815.849,
Saint Vincent and the Grenadines,VCT,1996,,8923.705,
Saint Vincent and the Grenadines,VCT,1997,,9234.699,
Saint Vincent and the Grenadines,VCT,1998,,9609.104,
Saint Vincent and the Grenadines,VCT,1999,,9853.348,
Saint Vincent and the Grenadines,VCT,2019,,16365.325,
Saint Vincent and the Grenadines,VCT,2020,,15763.705,
Saint Vincent and the Grenadines,VCT,2021,,16200.899,
Saint Vincent and the Grenadines,VCT,2022,,16835.023,
Saint Vincent and the Grenadines,VCT,2023,,17858.244,North America
Saint Vincent and the Grenadines,VCT,2024,,18714.2,
Samoa,WSM,2000,95.021805,4638.594,
Samoa,WSM,2001,95.018814,4941.115,
Samoa,WSM,2002,95.022995,5183.4546,
Samoa,WSM,2003,95.03097,5425.444,
Samoa,WSM,2004,95.03888,5568.347,
Samoa,WSM,2005,95.30794,5914.8896,
Samoa,WSM,2006,95.575356,6017.477,
Samoa,WSM,2007,95.84106,6013.2764,
Samoa,WSM,2008,96.105125,6182.763,
Samoa,WSM,2009,96.36766,6104.1274,
Samoa,WSM,2010,96.62868,6427.3115,
Samoa,WSM,2011,96.88821,6616.771,
Samoa,WSM,2012,97.14634,6311.961,
Samoa,WSM,2013,97.40295,6262.3237,
Samoa,WSM,2014,97.65797,6247.905,
Samoa,WSM,2015,97.911415,6432.36,
Samoa,WSM,2016,98.163315,6887.305,
Samoa,WSM,2017,98.41371,6919.0156,
Samoa,WSM,2018,98.66286,6805.0454,
Samoa,WSM,2019,98.8556,7033.521,
Samoa,WSM,2020,99.00981,6745.306,
Samoa,WSM,2021,99.16487,6214.017,
Samoa,WSM,2022,99.320656,5843.772,
Samoa,WSM,1990,,3990.9268,
Samoa,WSM,1991,,3891.63,
Samoa,WSM,1992,,3861.889,
Samoa,WSM,1993,,3986.4539,
Samoa,WSM,1994,,3854.0393,
Samoa,WSM,1995,,4077.991,
Samoa,WSM,1996,,4333.5127,
Samoa,WSM,1997,,4325.138,
Samoa,WSM,1998,,4386.519,
Samoa,WSM,1999,,4448.32,
Samoa,WSM,2023,,6340.608,Oceania
Samoa,WSM,2024,,6894.8896,
San Marino,SMR,2000,100,77149.414,
San Marino,SMR,2001,100,80420.77,
San Marino,SMR,2002,100,79649.53,
San Marino,SMR,2003,100,81688.375,
San Marino,SMR,2004,100,80724.81,
San Marino,SMR,2005,100,81632.17,
San Marino,SMR,2006,100,83781.55,
San Marino,SMR,2007,100,86785.016,
San Marino,SMR,2008,100,85120.29,
San Marino,SMR,2009,100,73093.83,
San Marino,SMR,2010,100,68669.25,
San Marino,SMR,2011,100,64214.117,
San Marino,SMR,2012,100,58176.38,
San Marino,SMR,2013,100,58467.977,
San Marino,SMR,2014,100,58743.586,
San Marino,SMR,2015,100,59647.66,
San Marino,SMR,2016,100,60669.82,
San Marino,SMR,2017,100,59524.56,
San Marino,SMR,2018,100,59194.043,
San Marino,SMR,2019,100,60171.047,
San Marino,SMR,2020,100,55998.07,
San Marino,SMR,2021,100,64745.133,
San Marino,SMR,2022,100,70887.57,
San Marino,SMR,1997,,66923.03,
San Marino,SMR,1998,,71024.56,
San Marino,SMR,1999,,76474.13,
San Marino,SMR,2023,,,Europe
Sao Tome and Principe,STP,2000,80.88816,3852.8904,
Sao Tome and Principe,STP,2001,81.77211,3907.0193,
Sao Tome and Principe,STP,2002,82.68602,3942.7605,
Sao Tome and Principe,STP,2003,83.6004,4161.638,
Sao Tome and Principe,STP,2004,84.509544,4202.562,
Sao Tome and Principe,STP,2005,85.41234,4371.497,
Sao Tome and Principe,STP,2006,86.30927,4644.1807,
Sao Tome and Principe,STP,2007,87.20028,4698.084,
Sao Tome and Principe,STP,2008,88.08526,4873.181,
Sao Tome and Principe,STP,2009,88.963615,4919.1953,
Sao Tome and Principe,STP,2010,89.835846,4882.048,
Sao Tome and Principe,STP,2011,90.70162,4876.473,
Sao Tome and Principe,STP,2012,91.56117,4919.5527,
Sao Tome and Principe,STP,2013,92.410484,5072.112,
Sao Tome and Principe,STP,2014,93.25045,5223.0957,
Sao Tome and Principe,STP,2015,94.081184,5210.2036,
Sao Tome and Principe,STP,2016,94.90306,5388.5093,
Sao Tome and Principe,STP,2017,95.71644,5521.2026,
Sao Tome and Principe,STP,2018,96.52167,5674.7236,
Sao Tome and Principe,STP,2019,97.01329,5702.0835,
Sao Tome and Principe,STP,2020,97.314156,5742.9473,
Sao Tome and Principe,STP,2021,97.59876,5732.6943,
Sao Tome and Principe,STP,2022,97.66447,5632.1387,
Sao Tome and Principe,STP,1990,,3883.2043,
Sao Tome and Principe,STP,1991,,3844.8965,
Sao Tome and Principe,STP,1992,,3798.8835,
Sao Tome and Principe,STP,1993,,3771.2861,
Sao Tome and Principe,STP,1994,,3788.4836,
Sao Tome and Principe,STP,1995,,3802.2913,
Sao Tome and Principe,STP,1996,,3801.0815,
Sao Tome and Principe,STP,1997,,3784.7903,
Sao Tome and Principe,STP,1998,,3828.9983,
Sao Tome and Principe,STP,1999,,3878.131,
Sao Tome and Principe,STP,2023,,5541.302,Africa
Sao Tome and Principe,STP,2024,,5480.435,
Saudi Arabia,SAU,2015,99.33456,58498.54,
Saudi Arabia,SAU,2016,99.332794,57308.465,
Saudi Arabia,SAU,2017,99.331024,57942.547,
Saudi Arabia,SAU,2018,99.32925,61359.465,
Saudi Arabia,SAU,2019,99.327484,62647.715,
Saudi Arabia,SAU,2020,99.3257,57420.734,
Saudi Arabia,SAU,2021,99.32394,62690.496,
Saudi Arabia,SAU,2022,99.32217,67178.59,
Saudi Arabia,SAU,1990,,65196.574,
Saudi Arabia,SAU,1991,,67268.555,
Saudi Arabia,SAU,1992,,67183.91,
Saudi Arabia,SAU,1993,,64517.664,
Saudi Arabia,SAU,1994,,62403.695,
Saudi Arabia,SAU,1995,,60058.316,
Saudi Arabia,SAU,1996,,59612.812,
Saudi Arabia,SAU,1997,,58875.547,
Saudi Arabia,SAU,1998,,58306.62,
Saudi Arabia,SAU,1999,,55878.17,
Saudi Arabia,SAU,2000,,55962.266,
Saudi Arabia,SAU,2001,,53309.113,
Saudi Arabia,SAU,2002,,50371.977,
Saudi Arabia,SAU,2003,,52234.65,
Saudi Arabia,SAU,2004,,54196.55,
Saudi Arabia,SAU,2005,,54931.793,
Saudi Arabia,SAU,2006,,54373.74,
Saudi Arabia,SAU,2007,,53318.418,
Saudi Arabia,SAU,2008,,54407.707,
Saudi Arabia,SAU,2009,,51760.766,
Saudi Arabia,SAU,2010,,54911.547,
Saudi Arabia,SAU,2011,,58645.465,
Saudi Arabia,SAU,2012,,59471.684,
Saudi Arabia,SAU,2013,,57998.48,
Saudi Arabia,SAU,2014,,58872.266,
Saudi Arabia,SAU,2023,,64481.844,Asia
Saudi Arabia,SAU,2024,,62676.7,
Senegal,SEN,2000,64.8021,3093.2878,
Senegal,SEN,2001,65.90275,3149.331,
Senegal,SEN,2002,66.99918,3075.2317,
Senegal,SEN,2003,68.15111,3170.035,
Senegal,SEN,2004,69.34065,3240.302,
Senegal,SEN,2005,70.519455,3301.8208,
Senegal,SEN,2006,71.68824,3301.0315,
Senegal,SEN,2007,72.846565,3316.4204,
Senegal,SEN,2008,73.99441,3359.7056,
Senegal,SEN,2009,75.1314,3371.4617,
Senegal,SEN,2010,76.25816,3403.5671,
Senegal,SEN,2011,77.37431,3362.8794,
Senegal,SEN,2012,78.47954,3405.1086,
Senegal,SEN,2013,79.574104,3385.426,
Senegal,SEN,2014,80.657974,3484.0122,
Senegal,SEN,2015,81.73304,3593.7947,
Senegal,SEN,2016,82.79872,3710.0554,
Senegal,SEN,2017,83.85513,3871.4514,
Senegal,SEN,2018,84.901474,3998.2864,
Senegal,SEN,2019,85.93762,4070.6123,
Senegal,SEN,2020,86.96304,4018.0413,
Senegal,SEN,2021,87.97758,4173.6772,
Senegal,SEN,2022,88.980736,4228.734,
Senegal,SEN,1990,,2923.3442,
Senegal,SEN,1991,,2917.0142,
Senegal,SEN,1992,,2874.003,
Senegal,SEN,1993,,2834.028,
Senegal,SEN,1994,,2757.8608,
Senegal,SEN,1995,,2835.0327,
Senegal,SEN,1996,,2822.4683,
Senegal,SEN,1997,,2840.6082,
Senegal,SEN,1998,,2938.6917,
Senegal,SEN,1999,,3050.178,
Senegal,SEN,2023,,4304.7617,Africa
Senegal,SEN,2024,,4495.895,
Serbia,SRB,2000,99.36743,11105.329,
Serbia,SRB,2001,99.37657,11878.513,
Serbia,SRB,2002,99.385666,12661.232,
Serbia,SRB,2003,99.394714,13272.949,
Serbia,SRB,2004,99.403725,14193.572,
Serbia,SRB,2005,99.41268,15076.717,
Serbia,SRB,2006,99.42159,15726.524,
Serbia,SRB,2007,99.430466,17027.135,
Serbia,SRB,2008,99.43929,17982.277,
Serbia,SRB,2009,99.448074,17487.146,
Serbia,SRB,2010,99.45681,17840.436,
Serbia,SRB,2011,99.4655,17985.58,
Serbia,SRB,2012,99.47387,17992.81,
Serbia,SRB,2013,99.48212,18162.19,
Serbia,SRB,2014,99.49035,17921.436,
Serbia,SRB,2015,99.49856,18246.79,
Serbia,SRB,2016,99.50674,18888.326,
Serbia,SRB,2017,99.51495,19437.904,
Serbia,SRB,2018,99.52319,20453.082,
Serbia,SRB,2019,99.53145,21539.922,
Serbia,SRB,2020,99.53973,21477.877,
Serbia,SRB,2021,99.54801,23404.998,
Serbia,SRB,2022,99.54858,24633.07,
Serbia,SRB,1995,,9444.225,
Serbia,SRB,1996,,10034.453,
Serbia,SRB,1997,,10964.87,
Serbia,SRB,1998,,11597.684,
Serbia,SRB,1999,,10437.878,
Serbia,SRB,2023,,25740.203,Europe
Serbia,SRB,2024,,26884.463,
Serbia and Montenegro,OWID_SRM,2023,,,Europe
Seychelles,SYC,2000,93.909966,20633.674,
Seychelles,SYC,2001,94.03541,20147.418,
Seychelles,SYC,2002,94.16085,19777.752,
Seychelles,SYC,2003,94.28629,18825.22,
Seychelles,SYC,2004,94.41174,18356.47,
Seychelles,SYC,2005,94.537186,19917.12,
Seychelles,SYC,2006,94.66263,21341.86,
Seychelles,SYC,2007,94.78807,23117.855,
Seychelles,SYC,2008,94.91351,21990.37,
Seychelles,SYC,2009,95.03896,21361.13,
Seychelles,SYC,2010,95.164406,21708.756,
Seychelles,SYC,2011,95.28985,24406.412,
Seychelles,SYC,2012,95.41529,24919.955,
Seychelles,SYC,2013,95.54073,24770.652,
Seychelles,SYC,2014,95.66618,25379.418,
Seychelles,SYC,2015,95.791626,27032.209,
Seychelles,SYC,2016,95.91707,29905.135,
Seychelles,SYC,2017,96.04251,31595.668,
Seychelles,SYC,2018,96.16795,32841.426,
Seychelles,SYC,2019,96.293396,34346.07,
Seychelles,SYC,2020,96.418846,30056.2,
Seychelles,SYC,2021,96.418846,29979.828,
Seychelles,SYC,2022,96.418846,27978.178,
Seychelles,SYC,1990,,15478.848,
Seychelles,SYC,1991,,15695.671,
Seychelles,SYC,1992,,16744.508,
Seychelles,SYC,1993,,17596.898,
Seychelles,SYC,1994,,16716.521,
Seychelles,SYC,1995,,16552.455,
Seychelles,SYC,1996,,17942.174,
Seychelles,SYC,1997,,19895.143,
Seychelles,SYC,1998,,19991.229,
Seychelles,SYC,1999,,19969.352,
Seychelles,SYC,2023,,28635.355,Africa
Seychelles,SYC,2024,,29241.775,
Sierra Leone,SLE,2000,47.67948,1983.2887,
Sierra Leone,SLE,2001,47.97886,1750.9247,
Sierra Leone,SLE,2002,49.15849,2091.141,
Sierra Leone,SLE,2003,50.334393,2198.2573,
Sierra Leone,SLE,2004,51.506542,2262.872,
Sierra Leone,SLE,2005,52.710995,2298.7239,
Sierra Leone,SLE,2006,53.937515,2344.8623,
Sierra Leone,SLE,2007,55.158253,2379.9446,
Sierra Leone,SLE,2008,56.373154,2406.8152,
Sierra Leone,SLE,2009,57.581734,2378.7207,
Sierra Leone,SLE,2010,58.783974,2461.981,
Sierra Leone,SLE,2011,59.98025,2592.859,
Sierra Leone,SLE,2012,61.170517,2795.439,
Sierra Leone,SLE,2013,62.353935,3127.5396,
Sierra Leone,SLE,2014,63.531273,2815.0586,
Sierra Leone,SLE,2015,64.702095,2630.535,
Sierra Leone,SLE,2016,65.86676,2734.719,
Sierra Leone,SLE,2017,67.0277,2755.9043,
Sierra Leone,SLE,2018,68.1854,2769.8696,
Sierra Leone,SLE,2019,69.339226,2855.229,
Sierra Leone,SLE,2020,70.488914,2755.1025,
Sierra Leone,SLE,2021,71.6342,2851.9521,
Sierra Leone,SLE,2022,72.77483,2937.3735,
Sierra Leone,SLE,1990,,2706.0315,
Sierra Leone,SLE,1991,,2737.4292,
Sierra Leone,SLE,1992,,2259.4802,
Sierra Leone,SLE,1993,,2295.627,
Sierra Leone,SLE,1994,,2242.3054,
Sierra Leone,SLE,1995,,2059.9285,
Sierra Leone,SLE,1996,,2086.0571,
Sierra Leone,SLE,1997,,1938.2987,
Sierra Leone,SLE,1998,,1953.5769,
Sierra Leone,SLE,1999,,1905.0393,
Sierra Leone,SLE,2023,,3037.6765,Africa
Sierra Leone,SLE,2024,,3092.8306,
Singapore,SGP,2000,100,68314.55,
Singapore,SGP,2001,100,65784.4,
Singapore,SGP,2002,100,67744.27,
Singapore,SGP,2003,100,71877.53,
Singapore,SGP,2004,100,78039.02,
Singapore,SGP,2005,100,81841.16,
Singapore,SGP,2006,100,86463.83,
Singapore,SGP,2007,100,90417.805,
Singapore,SGP,2008,100,87329.59,
Singapore,SGP,2009,100,84843.516,
Singapore,SGP,2010,100,95456.19,
Singapore,SGP,2011,100,99296.76,
Singapore,SGP,2012,100,101187.83,
Singapore,SGP,2013,100,104359.03,
Singapore,SGP,2014,100,107066.86,
Singapore,SGP,2015,100,108953.73,
Singapore,SGP,2016,100,111579.74,
Singapore,SGP,2017,100,116471.82,
Singapore,SGP,2018,100,119927.766,
Singapore,SGP,2019,100,120114.13,
Singapore,SGP,2020,100,115893.04,
Singapore,SGP,2021,100,132617.36,
Singapore,SGP,2022,100,133571.97,
Singapore,SGP,1990,,45567.79,
Singapore,SGP,1991,,47251.695,
Singapore,SGP,1992,,48897.81,
Singapore,SGP,1993,,53139.844,
Singapore,SGP,1994,,57213.098,
Singapore,SGP,1995,,59483.637,
Singapore,SGP,1996,,61381.754,
Singapore,SGP,1997,,64291.203,
Singapore,SGP,1998,,60782.195,
Singapore,SGP,1999,,63746.48,
Singapore,SGP,2023,,129555.24,Asia
Singapore,SGP,2024,,132569.53,
Sint Maarten (Dutch part),SXM,2000,96.53851,,
Sint Maarten (Dutch part),SXM,2001,96.44411,,
Sint Maarten (Dutch part),SXM,2002,96.34969,,
Sint Maarten (Dutch part),SXM,2003,96.25528,,
Sint Maarten (Dutch part),SXM,2004,96.16087,,
Sint Maarten (Dutch part),SXM,2005,96.06646,,
Sint Maarten (Dutch part),SXM,2006,95.97205,,
Sint Maarten (Dutch part),SXM,2007,95.87764,,
Sint Maarten (Dutch part),SXM,2008,95.78323,,
Sint Maarten (Dutch part),SXM,2009,95.68882,50980.94,
Sint Maarten (Dutch part),SXM,2010,95.59441,52140.6,
Sint Maarten (Dutch part),SXM,2011,95.5,53786.246,
Sint Maarten (Dutch part),SXM,2012,95.40559,53357.004,
Sint Maarten (Dutch part),SXM,2013,95.31118,52801.402,
Sint Maarten (Dutch part),SXM,2014,95.31118,52439.473,
Sint Maarten (Dutch part),SXM,2015,95.31118,51375.6,
Sint Maarten (Dutch part),SXM,2016,95.31118,50817.68,
Sint Maarten (Dutch part),SXM,2017,95.31118,46088.36,
Sint Maarten (Dutch part),SXM,2018,,42154.1,
Sint Maarten (Dutch part),SXM,2019,,45996.793,
Sint Maarten (Dutch part),SXM,2020,,39265.76,
Sint Maarten (Dutch part),SXM,2021,,40507.066,
Sint Maarten (Dutch part),SXM,2022,,43877.25,
Sint Maarten (Dutch part),SXM,2023,,44894.695,North America
Sint Maarten (Dutch part),SXM,2024,,45821.81,
Slovakia,SVK,2000,100,18335.648,
Slovakia,SVK,2001,100,18906.564,
Slovakia,SVK,2002,100,19748.893,
Slovakia,SVK,2003,100,20721.672,
Slovakia,SVK,2004,100,21842.914,
Slovakia,SVK,2005,100,23257.13,
Slovakia,SVK,2006,100,25331.824,
Slovakia,SVK,2007,100,28064.191,
Slovakia,SVK,2008,100,29544.033,
Slovakia,SVK,2009,100,27880.357,
Slovakia,SVK,2010,100,29745.861,
Slovakia,SVK,2011,100,30468.766,
Slovakia,SVK,2012,100,30894.252,
Slovakia,SVK,2013,100,31078.123,
Slovakia,SVK,2014,100,31888.742,
Slovakia,SVK,2015,100,33507.727,
Slovakia,SVK,2016,100,34116.383,
Slovakia,SVK,2017,100,35042.72,
Slovakia,SVK,2018,100,36415.723,
Slovakia,SVK,2019,100,37194.137,
Slovakia,SVK,2020,100,36201.414,
Slovakia,SVK,2021,100,38346.094,
Slovakia,SVK,2022,100,38623.67,
Slovakia,SVK,1990,,17520.99,
Slovakia,SVK,1991,,14955.925,
Slovakia,SVK,1992,,13946.136,
Slovakia,SVK,1993,,14157.153,
Slovakia,SVK,1994,,14976.548,
Slovakia,SVK,1995,,15805.383,
Slovakia,SVK,1996,,16737.139,
Slovakia,SVK,1997,,17622.746,
Slovakia,SVK,1998,,18272.486,
Slovakia,SVK,1999,,18167.46,
Slovakia,SVK,2023,,39497.535,Europe
Slovakia,SVK,2024,,40346.574,
Slovenia,SVN,2000,99.5,30063.12,
Slovenia,SVN,2001,99.5,30864.86,
Slovenia,SVN,2002,99.5,31838.547,
Slovenia,SVN,2003,99.5,32835.992,
Slovenia,SVN,2004,99.5,34306.74,
Slovenia,SVN,2005,99.5,35567.305,
Slovenia,SVN,2006,99.5,37548.883,
Slovenia,SVN,2007,99.5,40005.246,
Slovenia,SVN,2008,99.5,41288.973,
Slovenia,SVN,2009,99.5,37811.58,
Slovenia,SVN,2010,99.5,38065.734,
Slovenia,SVN,2011,99.5,38235.723,
Slovenia,SVN,2012,99.5,37043.066,
Slovenia,SVN,2013,99.5,36688.082,
Slovenia,SVN,2014,99.5,37664.652,
Slovenia,SVN,2015,99.5,38537.094,
Slovenia,SVN,2016,99.5,39677.418,
Slovenia,SVN,2017,99.5,41703.305,
Slovenia,SVN,2018,99.5,43371.98,
Slovenia,SVN,2019,99.5,44580.777,
Slovenia,SVN,2020,99.5,42474.227,
Slovenia,SVN,2021,99.5,45914.06,
Slovenia,SVN,2022,99.5,47064.152,
Slovenia,SVN,1990,,25351.412,
Slovenia,SVN,1991,,23080.46,
Slovenia,SVN,1992,,21851.447,
Slovenia,SVN,1993,,22526.393,
Slovenia,SVN,1994,,23753.95,
Slovenia,SVN,1995,,24724.23,
Slovenia,SVN,1996,,25460.516,
Slovenia,SVN,1997,,26813.193,
Slovenia,SVN,1998,,27695.045,
Slovenia,SVN,1999,,29133.203,
Slovenia,SVN,2023,,47868.387,Europe
Slovenia,SVN,2024,,48495.89,
Small Island Developing States,,2000,83.275536,,
Small Island Developing States,,2001,83.38348,,
Small Island Developing States,,2002,83.042915,,
Small Island Developing States,,2003,83.16079,,
Small Island Developing States,,2004,83.2365,,
Small Island Developing States,,2005,83.423836,,
Small Island Developing States,,2006,83.63048,,
Small Island Developing States,,2007,83.8486,,
Small Island Developing States,,2008,84.06918,,
Small Island Developing States,,2009,84.30346,,
Small Island Developing States,,2010,84.53463,,
Small Island Developing States,,2011,84.76116,,
Small Island Developing States,,2012,84.98164,,
Small Island Developing States,,2013,85.20585,,
Small Island Developing States,,2014,85.43414,,
Small Island Developing States,,2015,85.66468,,
Small Island Developing States,,2016,85.89586,,
Small Island Developing States,,2017,86.119606,,
Small Island Developing States,,2018,86.32002,,
Small Island Developing States,,2019,86.55767,,
Small Island Developing States,,2020,86.528015,,
Small Island Developing States,,2021,86.73423,,
Small Island Developing States,,2022,86.77507,,
Solomon Islands,SLB,2000,83.74897,2276.8418,
Solomon Islands,SLB,2001,83.79486,2055.2922,
Solomon Islands,SLB,2002,83.84169,1960.441,
Solomon Islands,SLB,2003,83.889465,2050.3267,
Solomon Islands,SLB,2004,83.938194,2168.5178,
Solomon Islands,SLB,2005,83.06922,2287.26,
Solomon Islands,SLB,2006,82.21176,2340.6604,
Solomon Islands,SLB,2007,81.36609,2384.3254,
Solomon Islands,SLB,2008,80.532684,2489.7925,
Solomon Islands,SLB,2009,79.71152,2514.886,
Solomon Islands,SLB,2010,78.903046,2682.2854,
Solomon Islands,SLB,2011,78.10612,2777.471,
Solomon Islands,SLB,2012,77.321,2743.4534,
Solomon Islands,SLB,2013,76.54753,2783.5945,
Solomon Islands,SLB,2014,75.78551,2716.418,
Solomon Islands,SLB,2015,75.03519,2664.7305,
Solomon Islands,SLB,2016,74.29607,2715.234,
Solomon Islands,SLB,2017,73.5684,2703.6606,
Solomon Islands,SLB,2018,72.8291,2686.12,
Solomon Islands,SLB,2019,72.96295,2661.5999,
Solomon Islands,SLB,2020,73.096504,2515.1284,
Solomon Islands,SLB,2021,73.22948,2518.4216,
Solomon Islands,SLB,1990,,2352.4197,
Solomon Islands,SLB,1991,,2418.387,
Solomon Islands,SLB,1992,,2644.5237,
Solomon Islands,SLB,1993,,2669.6992,
Solomon Islands,SLB,1994,,2802.257,
Solomon Islands,SLB,1995,,2996.2979,
Solomon Islands,SLB,1996,,2957.845,
Solomon Islands,SLB,1997,,2848.3445,
Solomon Islands,SLB,1998,,2805.2908,
Solomon Islands,SLB,1999,,2717.5508,
Solomon Islands,SLB,2022,,2517.9255,
Solomon Islands,SLB,2023,,2523.619,Oceania
Solomon Islands,SLB,2024,,2527.075,
Somalia,SOM,2000,31.747911,702.5979,
Somalia,SOM,2001,34.44373,723.1202,
Somalia,SOM,2002,37.12691,749.6445,
Somalia,SOM,2003,40.014397,777.60547,
Somalia,SOM,2004,42.87698,802.77167,
Somalia,SOM,2005,45.712074,830.50916,
Somalia,SOM,2006,48.52137,857.6858,
Somalia,SOM,2007,49.630554,887.05096,
Somalia,SOM,2008,52.822224,918.8023,
Somalia,SOM,2009,55.963406,955.87726,
Somalia,SOM,2010,59.054203,994.86847,
Somalia,SOM,2011,62.090412,1053.9839,
Somalia,SOM,2012,64.62858,1114.4042,
Somalia,SOM,2013,67.145454,1197.2919,
Somalia,SOM,2014,69.641655,1258.8225,
Somalia,SOM,2015,72.11734,1343.443,
Somalia,SOM,2016,74.57258,1383.6586,
Somalia,SOM,2017,77.00679,1527.1122,
Somalia,SOM,2018,79.420006,1504.4391,
Somalia,SOM,2019,81.811455,1491.1075,
Somalia,SOM,2020,84.181175,1396.0535,
Somalia,SOM,2021,86.52873,1392.4642,
Somalia,SOM,2022,86.65168,1387.8137,
Somalia,SOM,1991,,836.9666,
Somalia,SOM,1992,,803.49866,
Somalia,SOM,1993,,812.26575,
Somalia,SOM,1994,,634.5,
Somalia,SOM,1995,,636.43365,
Somalia,SOM,1996,,663.1131,
Somalia,SOM,1997,,647.78467,
Somalia,SOM,1998,,662.4371,
Somalia,SOM,1999,,682.7341,
Somalia,SOM,2023,,1402.47,Africa
Somalia,SOM,2024,,1408.2783,
South Africa,ZAF,2000,87.389435,11197.515,
South Africa,ZAF,2001,87.91952,11401.431,
South Africa,ZAF,2002,88.45487,11711.884,
South Africa,ZAF,2003,88.985535,11937.716,
South Africa,ZAF,2004,89.506546,12356.316,
South Africa,ZAF,2005,90.01724,12877.307,
South Africa,ZAF,2006,90.51817,13460.689,
South Africa,ZAF,2007,91.009384,14033.4,
South Africa,ZAF,2008,91.49114,14315.189,
South Africa,ZAF,2009,91.96267,13927.729,
South Africa,ZAF,2010,92.424675,14182.334,
South Africa,ZAF,2011,92.87703,14451.929,
South Africa,ZAF,2012,93.31998,14581.589,
South Africa,ZAF,2013,93.753075,14699.066,
South Africa,ZAF,2014,94.17693,14661.263,
South Africa,ZAF,2015,94.591446,14559.475,
South Africa,ZAF,2016,94.99668,14519.031,
South Africa,ZAF,2017,95.39262,14591.437,
South Africa,ZAF,2018,95.77932,14571.376,
South Africa,ZAF,2019,96.15693,14370.238,
South Africa,ZAF,2020,96.52562,13266.786,
South Africa,ZAF,2021,96.88531,13711.294,
South Africa,ZAF,2022,97.236115,13777.192,
South Africa,ZAF,1990,,10824.385,
South Africa,ZAF,1991,,10472.158,
South Africa,ZAF,1992,,10065.916,
South Africa,ZAF,1993,,9989.177,
South Africa,ZAF,1994,,10143.206,
South Africa,ZAF,1995,,10331.469,
South Africa,ZAF,1996,,10636.864,
South Africa,ZAF,1997,,10783.461,
South Africa,ZAF,1998,,10706.777,
South Africa,ZAF,1999,,10844.917,
South Africa,ZAF,2023,,13690.39,Africa
South Africa,ZAF,2024,,13598.789,
South Asia (WB),,1990,,2221.104,
South Asia (WB),,1991,,2207.1523,
South Asia (WB),,1992,,2278.2957,
South Asia (WB),,1993,,2338.6492,
South Asia (WB),,1994,,2437.5273,
South Asia (WB),,1995,,2561.1387,
South Asia (WB),,1996,,2688.7488,
South Asia (WB),,1997,,2747.1846,
South Asia (WB),,1998,,2855.9998,
South Asia (WB),,1999,,3032.5386,
South Asia (WB),,2000,,3097.8066,
South Asia (WB),,2001,,3182.3164,
South Asia (WB),,2002,,3244.373,
South Asia (WB),,2003,,3427.977,
South Asia (WB),,2004,,3626.66,
South Asia (WB),,2005,,3844.0063,
South Asia (WB),,2006,,4085.0732,
South Asia (WB),,2007,,4330.3027,
South Asia (WB),,2008,,4419.832,
South Asia (WB),,2009,,4683.4233,
South Asia (WB),,2010,,4997.842,
South Asia (WB),,2011,,5199.3984,
South Asia (WB),,2012,,5421.17,
South Asia (WB),,2013,,5690.3267,
South Asia (WB),,2014,,6029.549,
South Asia (WB),,2015,,6420.3975,
South Asia (WB),,2016,,6853.8364,
South Asia (WB),,2017,,7237.9014,
South Asia (WB),,2018,,7622.251,
South Asia (WB),,2019,,7857.6147,
South Asia (WB),,2020,,7399.215,
South Asia (WB),,2021,,8015.357,
South Asia (WB),,2022,,8522.025,
South Asia (WB),,2023,,9169.176,
South Asia (WB),,2024,,9653.442,
South Georgia and the South Sandwich Islands,SGS,2023,,,South America
South Korea,KOR,2002,98.70117,27984.639,
South Korea,KOR,2003,98.70117,28716.17,
South Korea,KOR,2004,98.70117,30089.172,
South Korea,KOR,2005,98.70117,31319.11,
South Korea,KOR,2006,98.70117,32795.156,
South Korea,KOR,2007,98.783066,34522.27,
South Korea,KOR,2008,98.86496,35293.41,
South Korea,KOR,2009,98.94685,35390.562,
South Korea,KOR,2010,99.02875,37610.973,
South Korea,KOR,2011,99.11064,38698.46,
South Korea,KOR,2012,99.192535,39420.418,
South Korea,KOR,2013,99.27443,40483.254,
South Korea,KOR,2014,99.35632,41518.094,
South Korea,KOR,2015,99.43822,42459.902,
South Korea,KOR,2016,99.52011,43538.02,
South Korea,KOR,2017,99.60201,44787.65,
South Korea,KOR,2018,99.68391,45890.43,
South Korea,KOR,2019,99.7658,46757.26,
South Korea,KOR,2020,99.847694,46361.598,
South Korea,KOR,2021,99.92959,48419.645,
South Korea,KOR,2022,100,49777.93,
South Korea,KOR,1990,,13839.989,
South Korea,KOR,1991,,15180.669,
South Korea,KOR,1992,,15955.001,
South Korea,KOR,1993,,16879.959,
South Korea,KOR,1994,,18259.855,
South Korea,KOR,1995,,19815.074,
South Korea,KOR,1996,,21175.9,
South Korea,KOR,1997,,22272.732,
South Korea,KOR,1998,,20978.281,
South Korea,KOR,1999,,23218.229,
South Korea,KOR,2000,,25111.139,
South Korea,KOR,2001,,26128.39,
South Korea,KOR,2023,,50414.207,Asia
South Sudan,SSD,2011,65.56751,,
South Sudan,SSD,2012,67.15953,,
South Sudan,SSD,2013,68.75282,,
South Sudan,SSD,2014,70.34732,,
South Sudan,SSD,2015,71.943245,,
South Sudan,SSD,2016,73.54039,,
South Sudan,SSD,2017,75.1387,,
South Sudan,SSD,2018,76.73826,,
South Sudan,SSD,2019,78.33898,,
South Sudan,SSD,2020,78.37789,,
South Sudan,SSD,2021,78.41875,,
South Sudan,SSD,2022,78.461815,,
South Sudan,SSD,2023,,,Africa
South-east Asia (WHO),,2000,84.03245,,
South-east Asia (WHO),,2001,84.664474,,
South-east Asia (WHO),,2002,85.28275,,
South-east Asia (WHO),,2003,85.913345,,
South-east Asia (WHO),,2004,86.539246,,
South-east Asia (WHO),,2005,87.15524,,
South-east Asia (WHO),,2006,87.76447,,
South-east Asia (WHO),,2007,88.36858,,
South-east Asia (WHO),,2008,88.96847,,
South-east Asia (WHO),,2009,89.56447,,
South-east Asia (WHO),,2010,90.15691,,
South-east Asia (WHO),,2011,90.74275,,
South-east Asia (WHO),,2012,91.325134,,
South-east Asia (WHO),,2013,91.90413,,
South-east Asia (WHO),,2014,92.479385,,
South-east Asia (WHO),,2015,93.05053,,
South-east Asia (WHO),,2016,93.61784,,
South-east Asia (WHO),,2017,94.17876,,
South-east Asia (WHO),,2018,94.73013,,
South-east Asia (WHO),,2019,95.28538,,
South-east Asia (WHO),,2020,95.8296,,
South-east Asia (WHO),,2021,96.3664,,
South-east Asia (WHO),,2022,96.86634,,
Spain,ESP,2000,100,39945.9,
Spain,ESP,2001,100,41224.293,
Spain,ESP,2002,100,41766.04,
Spain,ESP,2003,100,42223.13,
Spain,ESP,2004,100,42793.39,
Spain,ESP,2005,100,43570.766,
Spain,ESP,2006,100,44572.68,
Spain,ESP,2007,99.99999,45301.285,
Spain,ESP,2008,100,44926.348,
Spain,ESP,2009,100,42852.223,
Spain,ESP,2010,100,42695.527,
Spain,ESP,2011,100,42271.836,
Spain,ESP,2012,99.98617,41034.047,
Spain,ESP,2013,99.95664,40594.914,
Spain,ESP,2014,99.92694,41339.41,
Spain,ESP,2015,99.92673,43053.76,
Spain,ESP,2016,99.926506,44274.668,
Spain,ESP,2017,99.926285,45446.25,
Spain,ESP,2018,99.926056,46325.21,
Spain,ESP,2019,99.925835,46896.418,
Spain,ESP,2020,99.92561,41553.45,
Spain,ESP,2021,99.925385,44251.664,
Spain,ESP,2022,99.925156,46649.562,
Spain,ESP,1990,,31773.227,
Spain,ESP,1991,,32499.348,
Spain,ESP,1992,,32641.082,
Spain,ESP,1993,,32137.314,
Spain,ESP,1994,,32746.93,
Spain,ESP,1995,,33501.73,
Spain,ESP,1996,,34232.38,
Spain,ESP,1997,,35312.086,
Spain,ESP,1998,,36679.094,
Spain,ESP,1999,,38141.316,
Spain,ESP,2023,,47341.17,Europe
Spain,ESP,2024,,48373.047,
Sri Lanka,LKA,2000,84.5956,6428.6133,
Sri Lanka,LKA,2001,84.88666,6230.031,
Sri Lanka,LKA,2002,85.17766,6409.863,
Sri Lanka,LKA,2003,85.46886,6741.0127,
Sri Lanka,LKA,2004,85.76012,7059.911,
Sri Lanka,LKA,2005,86.051315,7452.742,
Sri Lanka,LKA,2006,86.34271,7970.665,
Sri Lanka,LKA,2007,86.63404,8454.207,
Sri Lanka,LKA,2008,86.92557,8897.827,
Sri Lanka,LKA,2009,87.21716,9156.319,
Sri Lanka,LKA,2010,87.50869,9832.187,
Sri Lanka,LKA,2011,87.80041,10618.492,
Sri Lanka,LKA,2012,88.09219,11447.693,
Sri Lanka,LKA,2013,88.38594,12249.723,
Sri Lanka,LKA,2014,88.68164,12909.966,
Sri Lanka,LKA,2015,88.97918,13329.779,
Sri Lanka,LKA,2016,89.27835,13845.614,
Sri Lanka,LKA,2017,89.57914,14572.485,
Sri Lanka,LKA,2018,89.88152,14759.825,
Sri Lanka,LKA,2019,90.185196,14637.444,
Sri Lanka,LKA,2020,90.490234,13886.651,
Sri Lanka,LKA,2021,90.79651,14316.135,
Sri Lanka,LKA,2022,91.103905,13249.065,
Sri Lanka,LKA,1990,,4561.579,
Sri Lanka,LKA,1991,,4735.8193,
Sri Lanka,LKA,1992,,4866.2393,
Sri Lanka,LKA,1993,,5114.4365,
Sri Lanka,LKA,1994,,5322.7295,
Sri Lanka,LKA,1995,,5523.312,
Sri Lanka,LKA,1996,,5624.024,
Sri Lanka,LKA,1997,,5871.723,
Sri Lanka,LKA,1998,,6032.622,
Sri Lanka,LKA,1999,,6176.2354,
Sri Lanka,LKA,2023,,13024.94,Asia
Sri Lanka,LKA,2024,,13752.837,
Sub-Saharan Africa (SDG),,2000,54.491714,,
Sub-Saharan Africa (SDG),,2001,55.596268,,
Sub-Saharan Africa (SDG),,2002,56.726604,,
Sub-Saharan Africa (SDG),,2003,57.858765,,
Sub-Saharan Africa (SDG),,2004,58.994667,,
Sub-Saharan Africa (SDG),,2005,60.133526,,
Sub-Saharan Africa (SDG),,2006,61.279297,,
Sub-Saharan Africa (SDG),,2007,62.38744,,
Sub-Saharan Africa (SDG),,2008,63.53945,,
Sub-Saharan Africa (SDG),,2009,64.69054,,
Sub-Saharan Africa (SDG),,2010,65.83456,,
Sub-Saharan Africa (SDG),,2011,66.95329,,
Sub-Saharan Africa (SDG),,2012,68.08188,,
Sub-Saharan Africa (SDG),,2013,69.20338,,
Sub-Saharan Africa (SDG),,2014,70.32249,,
Sub-Saharan Africa (SDG),,2015,71.44192,,
Sub-Saharan Africa (SDG),,2016,72.53697,,
Sub-Saharan Africa (SDG),,2017,73.62215,,
Sub-Saharan Africa (SDG),,2018,74.706184,,
Sub-Saharan Africa (SDG),,2019,75.80056,,
Sub-Saharan Africa (SDG),,2020,76.8541,,
Sub-Saharan Africa (SDG),,2021,77.89611,,
Sub-Saharan Africa (SDG),,2022,78.784485,,
Sub-Saharan Africa (WB),,1990,,3357.6067,
Sub-Saharan Africa (WB),,1991,,3283.217,
Sub-Saharan Africa (WB),,1992,,3179.5583,
Sub-Saharan Africa (WB),,1993,,3063.1199,
Sub-Saharan Africa (WB),,1994,,3011.3916,
Sub-Saharan Africa (WB),,1995,,3036.9492,
Sub-Saharan Africa (WB),,1996,,3110.636,
Sub-Saharan Africa (WB),,1997,,3158.276,
Sub-Saharan Africa (WB),,1998,,3156.8584,
Sub-Saharan Africa (WB),,1999,,3145.133,
Sub-Saharan Africa (WB),,2000,,3167.23,
Sub-Saharan Africa (WB),,2001,,3215.2227,
Sub-Saharan Africa (WB),,2002,,3319.3599,
Sub-Saharan Africa (WB),,2003,,3363.352,
Sub-Saharan Africa (WB),,2004,,3491.1724,
Sub-Saharan Africa (WB),,2005,,3606.0603,
Sub-Saharan Africa (WB),,2006,,3724.173,
Sub-Saharan Africa (WB),,2007,,3847.2979,
Sub-Saharan Africa (WB),,2008,,3940.8018,
Sub-Saharan Africa (WB),,2009,,3949.3984,
Sub-Saharan Africa (WB),,2010,,4072.6812,
Sub-Saharan Africa (WB),,2011,,4144.877,
Sub-Saharan Africa (WB),,2012,,4193.8984,
Sub-Saharan Africa (WB),,2013,,4285.6323,
Sub-Saharan Africa (WB),,2014,,4375.3555,
Sub-Saharan Africa (WB),,2015,,4393.6113,
Sub-Saharan Africa (WB),,2016,,4350.635,
Sub-Saharan Africa (WB),,2017,,4355.8,
Sub-Saharan Africa (WB),,2018,,4367.1753,
Sub-Saharan Africa (WB),,2019,,4377.017,
Sub-Saharan Africa (WB),,2020,,4188.7046,
Sub-Saharan Africa (WB),,2021,,4262.254,
Sub-Saharan Africa (WB),,2022,,4317.7153,
Sub-Saharan Africa (WB),,2023,,4321.3906,
Sub-Saharan Africa (WB),,2024,,4369.748,
Sudan,SDN,2000,64.15614,3575.852,
Sudan,SDN,2001,64.171585,3701.5488,
Sudan,SDN,2002,64.18702,3814.3132,
Sudan,SDN,2003,64.20245,3946.9226,
Sudan,SDN,2004,64.217896,4041.0571,
Sudan,SDN,2005,65.86556,4152.3228,
Sudan,SDN,2006,67.51207,4299.974,
Sudan,SDN,2007,69.15742,4415.785,
Sudan,SDN,2008,70.8016,4446.4097,
Sudan,SDN,2009,72.449585,4188.0547,
Sudan,SDN,2010,74.10091,4219.837,
Sudan,SDN,2011,75.754845,4467.626,
Sudan,SDN,2012,77.41047,4145.9316,
Sudan,SDN,2013,79.067276,4130.486,
Sudan,SDN,2014,80.72437,4207.5005,
Sudan,SDN,2015,82.3814,4159.1943,
Sudan,SDN,2016,84.037445,4174.561,
Sudan,SDN,2017,85.69179,4061.0183,
Sudan,SDN,2018,87.343834,3816.66,
Sudan,SDN,2019,88.99271,3625.5232,
Sudan,SDN,2020,90.637794,3401.2498,
Sudan,SDN,2021,92.27834,3248.9756,
Sudan,SDN,2022,93.78097,3132.0771,
Sudan,SDN,1990,,2460.1887,
Sudan,SDN,1991,,2591.8691,
Sudan,SDN,1992,,2709.79,
Sudan,SDN,1993,,2777.275,
Sudan,SDN,1994,,2736.472,
Sudan,SDN,1995,,2824.632,
Sudan,SDN,1996,,2924.2908,
Sudan,SDN,1997,,3380.1868,
Sudan,SDN,1998,,3441.1792,
Sudan,SDN,1999,,3459.23,
Sudan,SDN,2023,,2181.079,Africa
Sudan,SDN,2024,,1871.5891,
Sudan (former),,2023,,,Africa
Suriname,SUR,2000,89.451515,16220.179,
Suriname,SUR,2001,89.94927,16556.943,
Suriname,SUR,2002,90.44553,16678.072,
Suriname,SUR,2003,90.93984,17383.502,
Suriname,SUR,2004,91.432434,18585.518,
Suriname,SUR,2005,91.89901,19220.283,
Suriname,SUR,2006,92.364746,20113.67,
Suriname,SUR,2007,92.831894,20902.139,
Suriname,SUR,2008,93.300644,21515.812,
Suriname,SUR,2009,93.77113,21906.41,
Suriname,SUR,2010,94.24307,22772.475,
Suriname,SUR,2011,94.716606,23829.533,
Suriname,SUR,2012,95.19174,24193.842,
Suriname,SUR,2013,95.66848,24624.021,
Suriname,SUR,2014,96.14824,24414.355,
Suriname,SUR,2015,96.6305,23327.525,
Suriname,SUR,2016,97.114555,21950.412,
Suriname,SUR,2017,97.59983,22070.514,
Suriname,SUR,2018,98.08573,22938.535,
Suriname,SUR,2019,98.57159,22966.74,
Suriname,SUR,2020,99.05688,19091.361,
Suriname,SUR,2021,99.05781,18458.234,
Suriname,SUR,2022,99.05899,18742.588,
Suriname,SUR,1990,,17137.65,
Suriname,SUR,1991,,17493.496,
Suriname,SUR,1992,,17455.125,
Suriname,SUR,1993,,16217.166,
Suriname,SUR,1994,,16648.535,
Suriname,SUR,1995,,16368.312,
Suriname,SUR,1996,,16184.5,
Suriname,SUR,1997,,16754.352,
Suriname,SUR,1998,,16789.756,
Suriname,SUR,1999,,16217.518,
Suriname,SUR,2023,,19043.705,South America
Suriname,SUR,2024,,19413.297,
Sweden,SWE,2000,99.48075,47875.086,
Sweden,SWE,2001,99.49321,48396.45,
Sweden,SWE,2002,99.50582,49337.934,
Sweden,SWE,2003,99.51837,50079.266,
Sweden,SWE,2004,99.53086,51967.55,
Sweden,SWE,2005,99.54327,53205.88,
Sweden,SWE,2006,99.556076,55381.395,
Sweden,SWE,2007,99.56919,56745.04,
Sweden,SWE,2008,99.582146,55784.93,
Sweden,SWE,2009,99.59493,52957.883,
Sweden,SWE,2010,99.60754,55527.94,
Sweden,SWE,2011,99.62057,56853.836,
Sweden,SWE,2012,99.63388,56200.902,
Sweden,SWE,2013,99.64683,56360.707,
Sweden,SWE,2014,99.65942,57085.387,
Sweden,SWE,2015,99.67168,58975.977,
Sweden,SWE,2016,99.68359,59608.086,
Sweden,SWE,2017,99.69518,59883.668,
Sweden,SWE,2018,99.70645,60318.46,
Sweden,SWE,2019,99.71741,61232.484,
Sweden,SWE,2020,99.72807,59572.477,
Sweden,SWE,2021,99.73845,62731.7,
Sweden,SWE,2022,99.73888,63215.438,
Sweden,SWE,1990,,40205.395,
Sweden,SWE,1991,,39474.656,
Sweden,SWE,1992,,38789.125,
Sweden,SWE,1993,,37767.883,
Sweden,SWE,1994,,39006.305,
Sweden,SWE,1995,,40390.832,
Sweden,SWE,1996,,41014.098,
Sweden,SWE,1997,,42246.93,
Sweden,SWE,1998,,44016.176,
Sweden,SWE,1999,,45829.6,
Sweden,SWE,2023,,62845.484,Europe
Sweden,SWE,2024,,63258.906,
Switzerland,CHE,2000,100,67378.39,
Switzerland,CHE,2001,100,68008.34,
Switzerland,CHE,2002,100,67446.41,
Switzerland,CHE,2003,100,66926.17,
Switzerland,CHE,2004,100,68263.44,
Switzerland,CHE,2005,100,69692.59,
Switzerland,CHE,2006,100,72077.86,
Switzerland,CHE,2007,100,74234.305,
Switzerland,CHE,2008,100,75355.2,
Switzerland,CHE,2009,100,72709.81,
Switzerland,CHE,2010,100,74290.266,
Switzerland,CHE,2011,100,74800.89,
Switzerland,CHE,2012,100,74883.62,
Switzerland,CHE,2013,100,75354.16,
Switzerland,CHE,2014,100,76189.6,
Switzerland,CHE,2015,100,76566.08,
Switzerland,CHE,2016,100,77301.21,
Switzerland,CHE,2017,100,77626.91,
Switzerland,CHE,2018,100,79261.36,
Switzerland,CHE,2019,100,79596.7,
Switzerland,CHE,2020,100,77324.89,
Switzerland,CHE,2021,100,81001.414,
Switzerland,CHE,2022,100,82777.3,
Switzerland,CHE,1990,,64010.758,
Switzerland,CHE,1991,,62636.773,
Switzerland,CHE,1992,,61922.89,
Switzerland,CHE,1993,,61284.203,
Switzerland,CHE,1994,,61569.598,
Switzerland,CHE,1995,,61453.63,
Switzerland,CHE,1996,,61471.168,
Switzerland,CHE,1997,,62709.99,
Switzerland,CHE,1998,,64418.387,
Switzerland,CHE,1999,,65177.883,
Switzerland,CHE,2023,,82302.05,Europe
Switzerland,CHE,2024,,82026.41,
Syria,SYR,2000,97.40816,7807.93,
Syria,SYR,2001,97.54907,7698.397,
Syria,SYR,2002,97.68819,7811.816,
Syria,SYR,2003,97.82541,8177.545,
Syria,SYR,2004,97.96082,8528.656,
Syria,SYR,2005,98.09428,8828.946,
Syria,SYR,2006,98.22587,8885.806,
Syria,SYR,2007,98.35565,8829.309,
Syria,SYR,2008,98.483574,8903.772,
Syria,SYR,2009,98.60961,9284.102,
Syria,SYR,2010,98.73385,9546.561,
Syria,SYR,2011,98.82641,9648.824,
Syria,SYR,2012,98.92399,7144.3726,
Syria,SYR,2013,99.02671,5530.9746,
Syria,SYR,2014,99.13455,5301.6255,
Syria,SYR,2015,99.26714,5302.074,
Syria,SYR,2016,99.39637,5022.113,
Syria,SYR,2017,99.522224,4977.792,
Syria,SYR,2018,99.64473,4956.093,
Syria,SYR,2019,99.76389,4825.4062,
Syria,SYR,2020,99.879745,4633.3496,
Syria,SYR,2021,99.90823,4592.8384,
Syria,SYR,2022,99.90884,4454.8535,
Syria,SYR,1990,,5828.4053,
Syria,SYR,1991,,6081.089,
Syria,SYR,1992,,6662.243,
Syria,SYR,1993,,6861.795,
Syria,SYR,1994,,7142.9536,
Syria,SYR,1995,,7431.354,
Syria,SYR,1996,,7943.4404,
Syria,SYR,1997,,8126.3657,
Syria,SYR,1998,,8456.783,
Syria,SYR,1999,,7951.39,
Syria,SYR,2023,,4189.8374,Asia
Taiwan,TWN,2023,,,Asia
Tajikistan,TJK,2000,60.41413,1365.2333,
Tajikistan,TJK,2001,61.669724,1467.3988,
Tajikistan,TJK,2002,62.92526,1594.939,
Tajikistan,TJK,2003,64.18073,1736.6404,
Tajikistan,TJK,2004,65.43575,1878.287,
Tajikistan,TJK,2005,66.691124,1965.3002,
Tajikistan,TJK,2006,67.946434,2063.2886,
Tajikistan,TJK,2007,69.201675,2181.898,
Tajikistan,TJK,2008,70.45686,2308.0942,
Tajikistan,TJK,2009,71.71199,2349.5002,
Tajikistan,TJK,2010,72.967064,2449.2737,
Tajikistan,TJK,2011,74.22178,2572.4807,
Tajikistan,TJK,2012,75.48272,2700.0955,
Tajikistan,TJK,2013,76.74807,2828.3855,
Tajikistan,TJK,2014,78.0174,2943.0886,
Tajikistan,TJK,2015,79.289505,3041.4448,
Tajikistan,TJK,2016,80.56363,3169.9668,
Tajikistan,TJK,2017,81.83879,3312.712,
Tajikistan,TJK,2018,83.1138,3479.6924,
Tajikistan,TJK,2019,84.38805,3649.8838,
Tajikistan,TJK,2020,84.420784,3724.749,
Tajikistan,TJK,2021,84.45734,3985.9126,
Tajikistan,TJK,2022,84.49754,4213.7563,
Tajikistan,TJK,1990,,4173.046,
Tajikistan,TJK,1991,,3777.1074,
Tajikistan,TJK,1992,,2630.3865,
Tajikistan,TJK,1993,,2169.9675,
Tajikistan,TJK,1994,,1678.3385,
Tajikistan,TJK,1995,,1439.5028,
Tajikistan,TJK,1996,,1175.7941,
Tajikistan,TJK,1997,,1181.2811,
Tajikistan,TJK,1998,,1236.6755,
Tajikistan,TJK,1999,,1275.8225,
Tajikistan,TJK,2023,,4472.324,Asia
Tajikistan,TJK,2024,,4755.933,
Tanzania,TZA,2000,35.68981,1839.9366,
Tanzania,TZA,2001,37.542427,1899.7454,
Tanzania,TZA,2002,39.391197,1982.6443,
Tanzania,TZA,2003,41.327442,2059.8374,
Tanzania,TZA,2004,43.274998,2155.2415,
Tanzania,TZA,2005,45.21664,2253.0933,
Tanzania,TZA,2006,47.152557,2334.1045,
Tanzania,TZA,2007,49.082024,2423.616,
Tanzania,TZA,2008,51.00565,2493.2593,
Tanzania,TZA,2009,52.92143,2560.811,
Tanzania,TZA,2010,54.83082,2654.8035,
Tanzania,TZA,2011,56.732285,2779.7078,
Tanzania,TZA,2012,58.626396,2822.4854,
Tanzania,TZA,2013,60.511696,2924.8633,
Tanzania,TZA,2014,62.38684,3027.569,
Tanzania,TZA,2015,64.25169,3111.4446,
Tanzania,TZA,2016,66.10539,3214.2468,
Tanzania,TZA,2017,67.94822,3319.3767,
Tanzania,TZA,2018,69.77974,3392.6887,
Tanzania,TZA,2019,71.59917,3484.6326,
Tanzania,TZA,2020,73.407166,3449.8215,
Tanzania,TZA,2021,75.20268,3493.083,
Tanzania,TZA,2022,76.98602,3546.981,
Tanzania,TZA,1990,,1794.2046,
Tanzania,TZA,1991,,1785.664,
Tanzania,TZA,1992,,1751.9185,
Tanzania,TZA,1993,,1718.3931,
Tanzania,TZA,1994,,1679.6624,
Tanzania,TZA,1995,,1685.8511,
Tanzania,TZA,1996,,1730.5546,
Tanzania,TZA,1997,,1755.8037,
Tanzania,TZA,1998,,1773.7242,
Tanzania,TZA,1999,,1810.9716,
Tanzania,TZA,2023,,3620.7935,Africa
Tanzania,TZA,2024,,3713.263,
Thailand,THA,2000,94.31489,11622.525,
Thailand,THA,2001,94.684875,11901.318,
Thailand,THA,2002,95.04933,12512.184,
Thailand,THA,2003,95.40791,13287.305,
Thailand,THA,2004,95.76044,13997.001,
Thailand,THA,2005,96.10643,14458.255,
Thailand,THA,2006,96.44601,15051.061,
Thailand,THA,2007,96.77881,15742.655,
Thailand,THA,2008,97.10471,15891.782,
Thailand,THA,2009,97.423416,15665.903,
Thailand,THA,2010,97.73491,16730.37,
Thailand,THA,2011,98.02779,16766.348,
Thailand,THA,2012,98.31385,17869.637,
Thailand,THA,2013,98.595604,18242.426,
Thailand,THA,2014,98.87307,18324.615,
Thailand,THA,2015,99.14622,18811.998,
Thailand,THA,2016,99.41505,19370.61,
Thailand,THA,2017,99.61709,20094.678,
Thailand,THA,2018,99.68683,20879.902,
Thailand,THA,2019,100,21277.84,
Thailand,THA,2020,100,19957.258,
Thailand,THA,2021,100,20242.77,
Thailand,THA,2022,100,20762.795,
Thailand,THA,1990,,8701.954,
Thailand,THA,1991,,9294.031,
Thailand,THA,1992,,9886.899,
Thailand,THA,1993,,10538.816,
Thailand,THA,1994,,11215.037,
Thailand,THA,1995,,11953.92,
Thailand,THA,1996,,12456.329,
Thailand,THA,1997,,11952.85,
Thailand,THA,1998,,10897.153,
Thailand,THA,1999,,11253.388,
Thailand,THA,2023,,21191.453,Asia
Thailand,THA,2024,,21737.178,
Togo,TGO,2000,49.263794,2096.8591,
Togo,TGO,2001,50.655746,2059.105,
Togo,TGO,2002,52.036903,2084.2305,
Togo,TGO,2003,53.406593,2168.6514,
Togo,TGO,2004,54.764694,2093.015,
Togo,TGO,2005,56.110607,1944.7795,
Togo,TGO,2006,57.444695,1941.173,
Togo,TGO,2007,58.766838,1863.2831,
Togo,TGO,2008,60.077328,1883.5494,
Togo,TGO,2009,61.37435,1930.7802,
Togo,TGO,2010,62.6595,1988.9521,
Togo,TGO,2011,63.940193,2048.8154,
Togo,TGO,2012,65.212105,2121.429,
Togo,TGO,2013,66.46969,2188.07,
Togo,TGO,2014,67.713554,2253.4854,
Togo,TGO,2015,68.943596,2317.5479,
Togo,TGO,2016,70.160904,2355.2683,
Togo,TGO,2017,71.36488,2389.2124,
Togo,TGO,2018,72.55528,2442.647,
Togo,TGO,2019,73.73184,2501.0308,
Togo,TGO,2020,74.89432,2490.053,
Togo,TGO,2021,76.04243,2577.202,
Togo,TGO,2022,77.175705,2662.2593,
Togo,TGO,1990,,2171.196,
Togo,TGO,1991,,2094.8115,
Togo,TGO,1992,,1955.3339,
Togo,TGO,1993,,1670.4836,
Togo,TGO,1994,,1913.7184,
Togo,TGO,1995,,1975.9492,
Togo,TGO,1996,,2072.0833,
Togo,TGO,1997,,2296.1765,
Togo,TGO,1998,,2180.6558,
Togo,TGO,1999,,2172.4917,
Togo,TGO,2023,,2767.5166,Africa
Togo,TGO,2024,,2849.6038,
Tokelau,TKL,2000,98.5397,,
Tokelau,TKL,2001,98.5397,,
Tokelau,TKL,2002,98.5397,,
Tokelau,TKL,2003,98.5397,,
Tokelau,TKL,2004,98.5397,,
Tokelau,TKL,2005,98.62313,,
Tokelau,TKL,2006,98.70655,,
Tokelau,TKL,2007,98.78998,,
Tokelau,TKL,2008,98.873405,,
Tokelau,TKL,2009,98.95683,,
Tokelau,TKL,2010,99.04026,,
Tokelau,TKL,2011,99.12369,,
Tokelau,TKL,2012,99.207115,,
Tokelau,TKL,2013,99.29054,,
Tokelau,TKL,2014,99.37397,,
Tokelau,TKL,2015,99.4574,,
Tokelau,TKL,2016,99.540825,,
Tokelau,TKL,2017,99.62425,,
Tokelau,TKL,2018,99.70768,,
Tokelau,TKL,2019,99.70768,,
Tokelau,TKL,2020,99.70768,,
Tokelau,TKL,2021,99.70768,,
Tokelau,TKL,2022,99.70768,,
Tokelau,TKL,2023,,,Oceania
Tonga,TON,2000,99.022125,5808.265,
Tonga,TON,2001,99.0218,5860.0806,
Tonga,TON,2002,99.021484,6085.1133,
Tonga,TON,2003,99.02116,6053.88,
Tonga,TON,2004,99.02083,5900.4575,
Tonga,TON,2005,99.057945,5828.3706,
Tonga,TON,2006,99.095085,5670.914,
Tonga,TON,2007,99.13214,5506.652,
Tonga,TON,2008,99.16915,5758.5684,
Tonga,TON,2009,99.20622,5453.875,
Tonga,TON,2010,99.24337,5488.7505,
Tonga,TON,2011,99.280594,5847.444,
Tonga,TON,2012,99.31826,5907.267,
Tonga,TON,2013,99.35616,5951.6943,
Tonga,TON,2014,99.39401,6096.869,
Tonga,TON,2015,99.43177,6194.639,
Tonga,TON,2016,99.46947,6639.1367,
Tonga,TON,2017,99.507095,6862.6685,
Tonga,TON,2018,99.54462,6896.042,
Tonga,TON,2019,99.58208,6875.0254,
Tonga,TON,2020,99.61948,6995.3174,
Tonga,TON,2021,99.65688,7034.925,
Tonga,TON,2022,99.69428,6901.7383,
Tonga,TON,1990,,4487.8193,
Tonga,TON,1991,,4766.388,
Tonga,TON,1992,,4772.331,
Tonga,TON,1993,,4946.718,
Tonga,TON,1994,,5188.4395,
Tonga,TON,1995,,5508.3394,
Tonga,TON,1996,,5510.7085,
Tonga,TON,1997,,5455.9053,
Tonga,TON,1998,,5541.683,
Tonga,TON,1999,,5632.7227,
Tonga,TON,2023,,7075.556,Oceania
Trinidad and Tobago,TTO,2000,93.443535,19662.75,
Trinidad and Tobago,TTO,2001,93.8308,20392.883,
Trinidad and Tobago,TTO,2002,94.21808,21904.922,
Trinidad and Tobago,TTO,2003,94.60535,24942.783,
Trinidad and Tobago,TTO,2004,94.99262,26792.238,
Trinidad and Tobago,TTO,2005,95.37989,29574.334,
Trinidad and Tobago,TTO,2006,95.76716,33391.54,
Trinidad and Tobago,TTO,2007,96.154434,34838.285,
Trinidad and Tobago,TTO,2008,96.5417,35871.297,
Trinidad and Tobago,TTO,2009,96.92897,34256.164,
Trinidad and Tobago,TTO,2010,97.316246,35190.215,
Trinidad and Tobago,TTO,2011,97.703514,34814.37,
Trinidad and Tobago,TTO,2012,98.09079,36950.81,
Trinidad and Tobago,TTO,2013,98.47806,38033.9,
Trinidad and Tobago,TTO,2014,98.865326,39299.086,
Trinidad and Tobago,TTO,2015,99.2526,38951.926,
Trinidad and Tobago,TTO,2016,99.63987,35955.5,
Trinidad and Tobago,TTO,2017,100,34153.883,
Trinidad and Tobago,TTO,2018,100,33753.594,
Trinidad and Tobago,TTO,2019,100,33793.707,
Trinidad and Tobago,TTO,2020,100,30723.404,
Trinidad and Tobago,TTO,2021,100,30424.664,
Trinidad and Tobago,TTO,2022,100,30793.4,
Trinidad and Tobago,TTO,1990,,11884.758,
Trinidad and Tobago,TTO,1991,,12157.927,
Trinidad and Tobago,TTO,1992,,13285,
Trinidad and Tobago,TTO,1993,,13105.5,
Trinidad and Tobago,TTO,1994,,13490.032,
Trinidad and Tobago,TTO,1995,,13930.163,
Trinidad and Tobago,TTO,1996,,14857.941,
Trinidad and Tobago,TTO,1997,,15915.638,
Trinidad and Tobago,TTO,1998,,17151.068,
Trinidad and Tobago,TTO,1999,,18464.234,
Trinidad and Tobago,TTO,2023,,31193.916,North America
Trinidad and Tobago,TTO,2024,,31689.732,
Tunisia,TUN,2000,92.57656,9134.405,
Tunisia,TUN,2001,92.91261,9380.553,
Tunisia,TUN,2002,93.24345,9407.547,
Tunisia,TUN,2003,93.56927,9752.014,
Tunisia,TUN,2004,93.88766,10263.794,
Tunisia,TUN,2005,94.19075,10529.148,
Tunisia,TUN,2006,94.49021,10983.91,
Tunisia,TUN,2007,94.785774,11613.912,
Tunisia,TUN,2008,95.077614,11990.183,
Tunisia,TUN,2009,95.36574,12229.762,
Tunisia,TUN,2010,95.65007,12458.258,
Tunisia,TUN,2011,95.93083,12068.7,
Tunisia,TUN,2012,96.20795,12436.382,
Tunisia,TUN,2013,96.481255,12587.981,
Tunisia,TUN,2014,96.751045,12823.989,
Tunisia,TUN,2015,97.01784,12802.761,
Tunisia,TUN,2016,97.281425,12803.874,
Tunisia,TUN,2017,97.54171,12953.523,
Tunisia,TUN,2018,97.798615,13163.591,
Tunisia,TUN,2019,98.05197,13249.224,
Tunisia,TUN,2020,98.30162,11955.566,
Tunisia,TUN,2021,98.5475,12444.326,
Tunisia,TUN,2022,98.78949,12702.453,
Tunisia,TUN,1990,,6742.5767,
Tunisia,TUN,1991,,6859.7266,
Tunisia,TUN,1992,,7241.283,
Tunisia,TUN,1993,,7253.328,
Tunisia,TUN,1994,,7350.648,
Tunisia,TUN,1995,,7406.231,
Tunisia,TUN,1996,,7821.7837,
Tunisia,TUN,1997,,8136.3286,
Tunisia,TUN,1998,,8417.976,
Tunisia,TUN,1999,,8821.979,
Tunisia,TUN,2023,,12622.96,Africa
Tunisia,TUN,2024,,12713.55,
Turkey,TUR,2000,95.60171,14737.441,
Turkey,TUR,2001,95.6831,13718.278,
Turkey,TUR,2002,95.89492,14427.761,
Turkey,TUR,2003,96.102516,15083.136,
Turkey,TUR,2004,96.30599,16376.965,
Turkey,TUR,2005,96.50524,17659.898,
Turkey,TUR,2006,96.700485,18693.9,
Turkey,TUR,2007,96.89168,19605.168,
Turkey,TUR,2008,97.07898,19516.385,
Turkey,TUR,2009,97.2623,18320.45,
Turkey,TUR,2010,97.44179,19564.79,
Turkey,TUR,2011,97.61748,21439.068,
Turkey,TUR,2012,97.78949,22181.121,
Turkey,TUR,2013,97.957596,23756.273,
Turkey,TUR,2014,98.12204,24595.7,
Turkey,TUR,2015,98.282906,25746.432,
Turkey,TUR,2016,98.440315,26246.494,
Turkey,TUR,2017,98.59434,27851.982,
Turkey,TUR,2018,98.74512,28305.46,
Turkey,TUR,2019,98.892746,28132.053,
Turkey,TUR,2020,99.037346,28378.553,
Turkey,TUR,2021,99.03934,31338.266,
Turkey,TUR,2022,99.0413,32748.318,
Turkey,TUR,1990,,12010.248,
Turkey,TUR,1991,,11885.787,
Turkey,TUR,1992,,12273.284,
Turkey,TUR,1993,,12986.378,
Turkey,TUR,1994,,12166.786,
Turkey,TUR,1995,,12912.242,
Turkey,TUR,1996,,13657.735,
Turkey,TUR,1997,,14481.858,
Turkey,TUR,1998,,14624.932,
Turkey,TUR,1999,,13959.867,
Turkey,TUR,2023,,34282.535,Asia
Turkey,TUR,2024,,35294.395,
Turkmenistan,TKM,2000,88.9933,5112.5293,
Turkmenistan,TKM,2001,89.66748,5228.803,
Turkmenistan,TKM,2002,90.33691,5138.871,
Turkmenistan,TKM,2003,91.00139,5203.8545,
Turkmenistan,TKM,2004,91.66093,5360.224,
Turkmenistan,TKM,2005,92.31758,5945.9526,
Turkmenistan,TKM,2006,92.97099,6476.828,
Turkmenistan,TKM,2007,93.62075,7060.1484,
Turkmenistan,TKM,2008,94.26597,7944.996,
Turkmenistan,TKM,2009,94.90647,8264.865,
Turkmenistan,TKM,2010,95.54154,8842.333,
Turkmenistan,TKM,2011,96.17068,9929.689,
Turkmenistan,TKM,2012,96.79344,10794.233,
Turkmenistan,TKM,2013,97.40932,11633.291,
Turkmenistan,TKM,2014,98.0129,12544.398,
Turkmenistan,TKM,2015,98.60686,13057.83,
Turkmenistan,TKM,2016,99.19128,13552.848,
Turkmenistan,TKM,2017,99.75408,14107.667,
Turkmenistan,TKM,2018,100,14648.136,
Turkmenistan,TKM,2019,100,15231.306,
Turkmenistan,TKM,2020,100,15791.178,
Turkmenistan,TKM,2021,100,16434.14,
Turkmenistan,TKM,2022,100,17119.574,
Turkmenistan,TKM,1990,,7925.498,
Turkmenistan,TKM,1991,,7373.584,
Turkmenistan,TKM,1992,,6128.9155,
Turkmenistan,TKM,1993,,6085.5254,
Turkmenistan,TKM,1994,,4929.734,
Turkmenistan,TKM,1995,,4493.4277,
Turkmenistan,TKM,1996,,4712.8335,
Turkmenistan,TKM,1997,,4105.369,
Turkmenistan,TKM,1998,,4323.302,
Turkmenistan,TKM,1999,,4945.0854,
Turkmenistan,TKM,2023,,17866.404,Asia
Turkmenistan,TKM,2024,,17953.846,
Turks and Caicos Islands,TCA,2016,99.73952,17625.72,
Turks and Caicos Islands,TCA,2017,99.7487,16498.691,
Turks and Caicos Islands,TCA,2018,99.75732,30286.12,
Turks and Caicos Islands,TCA,2019,99.76535,30611.213,
Turks and Caicos Islands,TCA,2020,99.77285,19702.537,
Turks and Caicos Islands,TCA,2021,99.77987,25056.488,
Turks and Caicos Islands,TCA,2022,99.78639,28209.625,
Turks and Caicos Islands,TCA,2007,,21878.82,
Turks and Caicos Islands,TCA,2008,,22689.316,
Turks and Caicos Islands,TCA,2009,,17512.197,
Turks and Caicos Islands,TCA,2010,,17000.223,
Turks and Caicos Islands,TCA,2011,,17147.424,
Turks and Caicos Islands,TCA,2012,,16024.691,
Turks and Caicos Islands,TCA,2013,,15461.873,
Turks and Caicos Islands,TCA,2014,,16138.849,
Turks and Caicos Islands,TCA,2015,,17201.771,
Turks and Caicos Islands,TCA,2023,,31839.371,North America
Turks and Caicos Islands,TCA,2024,,33390.527,
Tuvalu,TUV,2000,99.08833,3721.8994,
Tuvalu,TUV,2001,99.11595,3705.5923,
Tuvalu,TUV,2002,99.143456,4042.9011,
Tuvalu,TUV,2003,99.17136,3838.4036,
Tuvalu,TUV,2004,99.19927,3704.9272,
Tuvalu,TUV,2005,99.22692,3488.5364,
Tuvalu,TUV,2006,99.25431,3532.3994,
Tuvalu,TUV,2007,99.281425,3737.8787,
Tuvalu,TUV,2008,99.308266,3933.374,
Tuvalu,TUV,2009,99.33484,3638.1875,
Tuvalu,TUV,2010,99.36114,3506.0603,
Tuvalu,TUV,2011,99.38718,3687.4392,
Tuvalu,TUV,2012,99.41295,3558.1523,
Tuvalu,TUV,2013,99.43845,3690.242,
Tuvalu,TUV,2014,99.4637,3695.9534,
Tuvalu,TUV,2015,99.4887,4088.7659,
Tuvalu,TUV,2016,99.51347,4333.249,
Tuvalu,TUV,2017,99.53801,4464.259,
Tuvalu,TUV,2018,99.56234,4575.869,
Tuvalu,TUV,2019,99.58647,5292.0303,
Tuvalu,TUV,2020,99.61041,5154.4595,
Tuvalu,TUV,2021,99.63418,5352.9785,
Tuvalu,TUV,2022,99.65777,5498.1846,
Tuvalu,TUV,1990,,2984.2856,
Tuvalu,TUV,1991,,3046.9717,
Tuvalu,TUV,1992,,3093.827,
Tuvalu,TUV,1993,,3189.949,
Tuvalu,TUV,1994,,3487.0337,
Tuvalu,TUV,1995,,3286.469,
Tuvalu,TUV,1996,,3070.0393,
Tuvalu,TUV,1997,,3356.3071,
Tuvalu,TUV,1998,,3855.6548,
Tuvalu,TUV,1999,,3777.3718,
Tuvalu,TUV,2023,,5812.3994,Oceania
USSR,OWID_USS,2023,,,Europe
Uganda,UGA,2000,61.397675,1487.005,
Uganda,UGA,2001,62.510437,1516.9642,
Uganda,UGA,2002,63.617847,1598.5829,
Uganda,UGA,2003,64.719604,1649.1483,
Uganda,UGA,2004,65.8157,1709.3616,
Uganda,UGA,2005,66.904594,1765.0378,
Uganda,UGA,2006,67.98752,1898.9791,
Uganda,UGA,2007,69.063255,1999.0625,
Uganda,UGA,2008,70.13207,2110.1006,
Uganda,UGA,2009,71.1931,2188.299,
Uganda,UGA,2010,72.24655,2244.606,
Uganda,UGA,2011,73.291855,2384.4653,
Uganda,UGA,2012,74.32892,2405.0945,
Uganda,UGA,2013,75.35676,2420.8882,
Uganda,UGA,2014,76.37594,2470.504,
Uganda,UGA,2015,77.385704,2520.02,
Uganda,UGA,2016,78.385376,2554.2278,
Uganda,UGA,2017,79.374695,2543.8477,
Uganda,UGA,2018,80.3531,2613.88,
Uganda,UGA,2019,81.320854,2689.4102,
Uganda,UGA,2020,82.27725,2678.009,
Uganda,UGA,2021,83.22212,2684.9204,
Uganda,UGA,2022,84.15538,2724.906,
Uganda,UGA,1990,,1080.0383,
Uganda,UGA,1991,,1103.229,
Uganda,UGA,1992,,1102.73,
Uganda,UGA,1993,,1153.9937,
Uganda,UGA,1994,,1187.3678,
Uganda,UGA,1995,,1288.5089,
Uganda,UGA,1996,,1367.9457,
Uganda,UGA,1997,,1396.6311,
Uganda,UGA,1998,,1422.2079,
Uganda,UGA,1999,,1487.7579,
Uganda,UGA,2023,,2791.0557,Africa
Uganda,UGA,2024,,2881.866,
Ukraine,UKR,2000,98.22524,10364.0625,
Ukraine,UKR,2001,98.27599,11379.386,
Ukraine,UKR,2002,98.32902,12092.789,
Ukraine,UKR,2003,98.38316,13342.88,
Ukraine,UKR,2004,98.437485,15021.066,
Ukraine,UKR,2005,98.49168,15610.573,
Ukraine,UKR,2006,98.54447,16901.508,
Ukraine,UKR,2007,98.59634,18374.014,
Ukraine,UKR,2008,98.647285,18883.986,
Ukraine,UKR,2009,98.69731,16092.796,
Ukraine,UKR,2010,98.74483,16811.795,
Ukraine,UKR,2011,98.79185,17783.957,
Ukraine,UKR,2012,98.838394,17848.74,
Ukraine,UKR,2013,98.88447,17889.092,
Ukraine,UKR,2014,98.93006,16978.812,
Ukraine,UKR,2015,98.97519,15403.71,
Ukraine,UKR,2016,99.019844,15856.8125,
Ukraine,UKR,2017,99.06402,16310.36,
Ukraine,UKR,2018,99.10771,16978.984,
Ukraine,UKR,2019,99.150826,17636.555,
Ukraine,UKR,2020,99.19322,17092.54,
Ukraine,UKR,2021,99.193,17846.408,
Ukraine,UKR,2022,99.25932,13787.121,
Ukraine,UKR,1990,,22815.799,
Ukraine,UKR,1991,,20784.16,
Ukraine,UKR,1992,,18671.873,
Ukraine,UKR,1993,,16012.372,
Ukraine,UKR,1994,,12410.525,
Ukraine,UKR,1995,,10983.009,
Ukraine,UKR,1996,,9969.501,
Ukraine,UKR,1997,,9754.05,
Ukraine,UKR,1998,,9646.055,
Ukraine,UKR,1999,,9704.445,
Ukraine,UKR,2023,,15916.958,Europe
Ukraine,UKR,2024,,16319.845,
United Arab Emirates,ARE,2000,99.61583,92547.23,
United Arab Emirates,ARE,2001,99.613884,88045.195,
United Arab Emirates,ARE,2002,99.634796,84871.6,
United Arab Emirates,ARE,2003,99.65597,87150.88,
United Arab Emirates,ARE,2004,99.677376,90388.984,
United Arab Emirates,ARE,2005,99.69903,89986.13,
United Arab Emirates,ARE,2006,99.72092,92044.516,
United Arab Emirates,ARE,2007,99.74304,84581.87,
United Arab Emirates,ARE,2008,99.76541,77891.99,
United Arab Emirates,ARE,2009,99.787994,69358,
United Arab Emirates,ARE,2010,99.8108,68799.93,
United Arab Emirates,ARE,2011,99.83381,70662.516,
United Arab Emirates,ARE,2012,99.85701,69158.83,
United Arab Emirates,ARE,2013,99.88041,69806.95,
United Arab Emirates,ARE,2014,99.90399,69409.04,
United Arab Emirates,ARE,2015,99.92775,70234.734,
United Arab Emirates,ARE,2016,99.951675,70573.99,
United Arab Emirates,ARE,2017,99.97576,68871.85,
United Arab Emirates,ARE,2018,100,68854.97,
United Arab Emirates,ARE,2019,100,68887.84,
United Arab Emirates,ARE,2020,100,65784.68,
United Arab Emirates,ARE,2021,100,67401.125,
United Arab Emirates,ARE,2022,100,68867.83,
United Arab Emirates,ARE,1990,,108057.04,
United Arab Emirates,ARE,1991,,103098.54,
United Arab Emirates,ARE,1992,,101100.484,
United Arab Emirates,ARE,1993,,97429.164,
United Arab Emirates,ARE,1994,,99402.02,
United Arab Emirates,ARE,1995,,101412.086,
United Arab Emirates,ARE,1996,,100563.695,
United Arab Emirates,ARE,1997,,100310.445,
United Arab Emirates,ARE,1998,,93224.22,
United Arab Emirates,ARE,1999,,89303.77,
United Arab Emirates,ARE,2023,,68577.54,Asia
United Arab Emirates,ARE,2024,,68584.66,
United Kingdom,GBR,2000,100,43247.637,
United Kingdom,GBR,2001,100,44189.855,
United Kingdom,GBR,2002,100,44793.324,
United Kingdom,GBR,2003,100,45990.715,
United Kingdom,GBR,2004,100,46853.793,
United Kingdom,GBR,2005,100,47804.785,
United Kingdom,GBR,2006,100,48584.438,
United Kingdom,GBR,2007,100,49472.984,
United Kingdom,GBR,2008,100,48963.023,
United Kingdom,GBR,2009,100,46348.754,
United Kingdom,GBR,2010,100,47013.883,
United Kingdom,GBR,2011,100,47178.918,
United Kingdom,GBR,2012,100,47550.94,
United Kingdom,GBR,2013,100,48083.805,
United Kingdom,GBR,2014,100,49250.56,
United Kingdom,GBR,2015,100,49983.348,
United Kingdom,GBR,2016,100,50540.88,
United Kingdom,GBR,2017,100,51601.14,
United Kingdom,GBR,2018,100,52071.27,
United Kingdom,GBR,2019,100,52645.543,
United Kingdom,GBR,2020,100,47144.723,
United Kingdom,GBR,2021,100,51004.426,
United Kingdom,GBR,2022,100,52982.176,
United Kingdom,GBR,1990,,34307.938,
United Kingdom,GBR,1991,,33824.715,
United Kingdom,GBR,1992,,33868.664,
United Kingdom,GBR,1993,,34628.816,
United Kingdom,GBR,1994,,35869.21,
United Kingdom,GBR,1995,,36680.137,
United Kingdom,GBR,1996,,37531.527,
United Kingdom,GBR,1997,,39278.53,
United Kingdom,GBR,1998,,40496.863,
United Kingdom,GBR,1999,,41596.47,
United Kingdom,GBR,2023,,52502.914,Europe
United Kingdom,GBR,2024,,52517.984,
United States,USA,2005,98.89697,59604.754,
United States,USA,2006,98.90382,60676.566,
United States,USA,2007,98.910614,61306.598,
United States,USA,2008,98.91737,60798.434,
United States,USA,2009,98.92409,58714.973,
United States,USA,2010,99.01064,59789.414,
United States,USA,2011,99.09637,60245.484,
United States,USA,2012,99.18111,61134.53,
United States,USA,2013,99.26489,61958.723,
United States,USA,2014,99.34765,63018.805,
United States,USA,2015,99.42933,64359.473,
United States,USA,2016,99.509895,65017.656,
United States,USA,2017,99.58934,66155.555,
United States,USA,2018,99.66759,67719.766,
United States,USA,2019,99.74463,69112.6,
United States,USA,2020,99.82042,67342.07,
United States,USA,2021,99.894936,71307.4,
United States,USA,2022,99.96411,72679.26,
United States,USA,1990,,44378.523,
United States,USA,1991,,43742.027,
United States,USA,1992,,44659.152,
United States,USA,1993,,45286.934,
United States,USA,1994,,46537.355,
United States,USA,1995,,47220.957,
United States,USA,1996,,48435.7,
United States,USA,1997,,49984.27,
United States,USA,1998,,51619.87,
United States,USA,1999,,53474.047,
United States,USA,2000,,55038.62,
United States,USA,2001,,55017.305,
United States,USA,2002,,55436.117,
United States,USA,2003,,56498.207,
United States,USA,2004,,58131.633,
United States,USA,2023,,74158.72,North America
United States,USA,2024,,75491.61,
United States Virgin Islands,VIR,2000,98.71835,,
United States Virgin Islands,VIR,2001,98.718346,,
United States Virgin Islands,VIR,2002,98.718346,54299.23,
United States Virgin Islands,VIR,2003,98.71834,54086.156,
United States Virgin Islands,VIR,2004,98.71833,55883.453,
United States Virgin Islands,VIR,2005,98.71833,57838.098,
United States Virgin Islands,VIR,2006,98.71832,59911.723,
United States Virgin Islands,VIR,2007,98.718315,62332.945,
United States Virgin Islands,VIR,2008,98.71831,63057.625,
United States Virgin Islands,VIR,2009,98.71831,58895.305,
United States Virgin Islands,VIR,2010,98.7183,59272.246,
United States Virgin Islands,VIR,2011,98.71829,54443.07,
United States Virgin Islands,VIR,2012,98.71829,46422.414,
United States Virgin Islands,VIR,2013,98.718285,43563.887,
United States Virgin Islands,VIR,2014,98.71828,42853.9,
United States Virgin Islands,VIR,2015,98.71827,42739.082,
United States Virgin Islands,VIR,2016,98.71827,43502.434,
United States Virgin Islands,VIR,2017,98.71827,43277.156,
United States Virgin Islands,VIR,2018,98.71827,44205.406,
United States Virgin Islands,VIR,2019,98.71827,45632.637,
United States Virgin Islands,VIR,2020,98.71827,45055.78,
United States Virgin Islands,VIR,2021,,46893.55,
United States Virgin Islands,VIR,2022,,46479.3,
United States Virgin Islands,VIR,2023,,,North America
Upper-middle-income countries,,2000,84.02617,7714.63,
Upper-middle-income countries,,2001,84.420494,7893.67,
Upper-middle-income countries,,2002,85.29143,8190.408,
Upper-middle-income countries,,2003,86.14319,8576.619,
Upper-middle-income countries,,2004,86.97557,9166.953,
Upper-middle-income countries,,2005,87.78718,9730.925,
Upper-middle-income countries,,2006,88.57439,10436.463,
Upper-middle-income countries,,2007,89.335655,11278.444,
Upper-middle-income countries,,2008,90.07569,11842.61,
Upper-middle-income countries,,2009,90.793945,12051.055,
Upper-middle-income countries,,2010,91.49131,12928.217,
Upper-middle-income countries,,2011,92.16007,13671.373,
Upper-middle-income countries,,2012,92.80584,14279.788,
Upper-middle-income countries,,2013,93.42971,14904.672,
Upper-middle-income countries,,2014,94.033485,15446.363,
Upper-middle-income countries,,2015,94.61728,15937.895,
Upper-middle-income countries,,2016,95.17413,16503.428,
Upper-middle-income countries,,2017,95.69362,17199.842,
Upper-middle-income countries,,2018,96.207184,17868.936,
Upper-middle-income countries,,2019,96.70224,18448.043,
Upper-middle-income countries,,2020,97.15564,18191.07,
Upper-middle-income countries,,2021,97.57856,19451.951,
Upper-middle-income countries,,2022,97.95432,20030.756,
Upper-middle-income countries,,1990,,5938.387,
Upper-middle-income countries,,1991,,5960.8423,
Upper-middle-income countries,,1992,,6069.5713,
Upper-middle-income countries,,1993,,6257.345,
Upper-middle-income countries,,1994,,6412.0537,
Upper-middle-income countries,,1995,,6573.5283,
Upper-middle-income countries,,1996,,6863.418,
Upper-middle-income countries,,1997,,7160.9175,
Upper-middle-income countries,,1998,,7228.899,
Upper-middle-income countries,,1999,,7359.9673,
Upper-middle-income countries,,2023,,20882.412,
Upper-middle-income countries,,2024,,21658.621,
Uruguay,URY,2000,97.63804,18752.059,
Uruguay,URY,2001,97.69524,17986.9,
Uruguay,URY,2002,97.750565,16572.79,
Uruguay,URY,2003,97.804436,16694.44,
Uruguay,URY,2004,97.85644,17519.379,
Uruguay,URY,2005,98.06078,18811.32,
Uruguay,URY,2006,98.25647,19560.082,
Uruguay,URY,2007,98.44364,20803.893,
Uruguay,URY,2008,98.62283,22249.383,
Uruguay,URY,2009,98.79423,23138.082,
Uruguay,URY,2010,98.958435,24879.836,
Uruguay,URY,2011,99.11561,26099.322,
Uruguay,URY,2012,99.26068,26953.281,
Uruguay,URY,2013,99.40023,28119.482,
Uruguay,URY,2014,99.536476,28935.098,
Uruguay,URY,2015,99.6695,28941.629,
Uruguay,URY,2016,99.79942,29332.566,
Uruguay,URY,2017,99.92627,29762.434,
Uruguay,URY,2018,100,29757.94,
Uruguay,URY,2019,100,30010.574,
Uruguay,URY,2020,100,27788.186,
Uruguay,URY,2021,100,29431.885,
Uruguay,URY,2022,100,30804.703,
Uruguay,URY,1990,,14060.846,
Uruguay,URY,1991,,14474.732,
Uruguay,URY,1992,,15536.487,
Uruguay,URY,1993,,15865.277,
Uruguay,URY,1994,,16932.03,
Uruguay,URY,1995,,16600.04,
Uruguay,URY,1996,,17433.693,
Uruguay,URY,1997,,18823.941,
Uruguay,URY,1998,,19577.79,
Uruguay,URY,1999,,19192.717,
Uruguay,URY,2023,,31059.254,South America
Uruguay,URY,2024,,32038.773,
Uzbekistan,UZB,2000,93.07251,3410.6504,
Uzbekistan,UZB,2001,93.36505,3509.7285,
Uzbekistan,UZB,2002,93.65465,3604.6934,
Uzbekistan,UZB,2003,93.941216,3711.7786,
Uzbekistan,UZB,2004,94.22467,3939.5305,
Uzbekistan,UZB,2005,94.505,4160.955,
Uzbekistan,UZB,2006,94.78227,4413.7227,
Uzbekistan,UZB,2007,95.05642,4764.564,
Uzbekistan,UZB,2008,95.327446,5115.644,
Uzbekistan,UZB,2009,95.595276,5439.551,
Uzbekistan,UZB,2010,95.86005,5760.805,
Uzbekistan,UZB,2011,96.10659,6100.251,
Uzbekistan,UZB,2012,96.337524,6435.5645,
Uzbekistan,UZB,2013,96.56911,6797.775,
Uzbekistan,UZB,2014,96.80133,7145.11,
Uzbekistan,UZB,2015,97.034195,7529.7637,
Uzbekistan,UZB,2016,97.267715,7839.978,
Uzbekistan,UZB,2017,97.50188,8047.0537,
Uzbekistan,UZB,2018,97.73751,8348.961,
Uzbekistan,UZB,2019,97.972,8755.126,
Uzbekistan,UZB,2020,98.12334,8727.411,
Uzbekistan,UZB,2021,98.27496,9247.644,
Uzbekistan,UZB,2022,98.42678,9607.562,
Uzbekistan,UZB,1990,,4214.584,
Uzbekistan,UZB,1991,,4094.2273,
Uzbekistan,UZB,1992,,3547.3115,
Uzbekistan,UZB,1993,,3386.4622,
Uzbekistan,UZB,1994,,3142.4329,
Uzbekistan,UZB,1995,,3052.4187,
Uzbekistan,UZB,1996,,3046.5637,
Uzbekistan,UZB,1997,,3150.0852,
Uzbekistan,UZB,1998,,3234.3574,
Uzbekistan,UZB,1999,,3326.4253,
Uzbekistan,UZB,2023,,10007.686,Asia
Uzbekistan,UZB,2024,,10450.205,
Vanuatu,VUT,2000,84.43627,3342.1672,
Vanuatu,VUT,2001,84.48167,3148.3347,
Vanuatu,VUT,2002,84.52738,2911.0413,
Vanuatu,VUT,2003,84.573746,2962.031,
Vanuatu,VUT,2004,84.62044,3005.7974,
Vanuatu,VUT,2005,85.05172,3089.437,
Vanuatu,VUT,2006,85.48154,3270.7024,
Vanuatu,VUT,2007,85.9097,3283.3655,
Vanuatu,VUT,2008,86.33634,3381.3857,
Vanuatu,VUT,2009,86.76144,3396.736,
Vanuatu,VUT,2010,87.166756,3359.8496,
Vanuatu,VUT,2011,87.56021,3390.961,
Vanuatu,VUT,2012,87.95315,3350.771,
Vanuatu,VUT,2013,88.34542,3292.2341,
Vanuatu,VUT,2014,88.737015,3302.2917,
Vanuatu,VUT,2015,89.12795,3357.639,
Vanuatu,VUT,2016,89.51833,3397.7673,
Vanuatu,VUT,2017,89.90805,3465.9197,
Vanuatu,VUT,2018,90.29824,3482.0227,
Vanuatu,VUT,2019,90.688705,3512.072,
Vanuatu,VUT,2020,91.07956,3259.9954,
Vanuatu,VUT,2021,91.47049,3135.8367,
Vanuatu,VUT,2022,91.86161,3222.836,
Vanuatu,VUT,1990,,3101.6807,
Vanuatu,VUT,1991,,3120.6938,
Vanuatu,VUT,1992,,3122.8894,
Vanuatu,VUT,1993,,3069.806,
Vanuatu,VUT,1994,,3269.6284,
Vanuatu,VUT,1995,,3226.915,
Vanuatu,VUT,1996,,3229.1023,
Vanuatu,VUT,1997,,3315.4814,
Vanuatu,VUT,1998,,3285.1384,
Vanuatu,VUT,1999,,3228.5918,
Vanuatu,VUT,2023,,3118.396,Oceania
Vanuatu,VUT,2024,,3169.2324,
Vatican,VAT,2023,,,Europe
Venezuela,VEN,2000,97.71628,,
Venezuela,VEN,2001,97.53829,,
Venezuela,VEN,2002,97.36031,,
Venezuela,VEN,2003,97.18233,,
Venezuela,VEN,2004,97.00434,,
Venezuela,VEN,2005,96.826355,,
Venezuela,VEN,2006,96.64837,,
Venezuela,VEN,2007,96.47038,,
Venezuela,VEN,2008,96.292404,,
Venezuela,VEN,2009,96.11442,,
Venezuela,VEN,2010,95.93643,,
Venezuela,VEN,2011,95.758446,,
Venezuela,VEN,2012,95.58046,,
Venezuela,VEN,2013,95.40247,,
Venezuela,VEN,2014,95.224495,,
Venezuela,VEN,2015,95.04651,,
Venezuela,VEN,2016,94.86852,,
Venezuela,VEN,2017,94.69054,,
Venezuela,VEN,2018,94.51255,,
Venezuela,VEN,2019,94.33457,,
Venezuela,VEN,2020,94.156586,,
Venezuela,VEN,2021,93.9786,,
Venezuela,VEN,2022,93.80061,,
Venezuela,VEN,2023,,,South America
Vietnam,VNM,2000,81.54356,4349.2236,
Vietnam,VNM,2001,82.38116,4570.2686,
Vietnam,VNM,2002,83.211815,4809.6216,
Vietnam,VNM,2003,84.03459,5090.29,
Vietnam,VNM,2004,84.849815,5421.097,
Vietnam,VNM,2005,85.65679,5776.3633,
Vietnam,VNM,2006,86.455635,6098.245,
Vietnam,VNM,2007,87.24614,6418.544,
Vietnam,VNM,2008,88.027954,6659.1357,
Vietnam,VNM,2009,88.80115,6914.339,
Vietnam,VNM,2010,89.56671,7274.733,
Vietnam,VNM,2011,90.32279,7652.619,
Vietnam,VNM,2012,91.0693,7979.868,
Vietnam,VNM,2013,91.80564,8324.198,
Vietnam,VNM,2014,92.53205,8751.883,
Vietnam,VNM,2015,93.24823,9248.024,
Vietnam,VNM,2016,93.95392,9743.188,
Vietnam,VNM,2017,94.648674,10290.549,
Vietnam,VNM,2018,95.33249,10936.894,
Vietnam,VNM,2019,96.005295,11628.614,
Vietnam,VNM,2020,96.66702,11851.396,
Vietnam,VNM,2021,97.31751,12048.902,
Vietnam,VNM,2022,97.95682,12979.764,
Vietnam,VNM,1990,,2467.9646,
Vietnam,VNM,1991,,2560.8438,
Vietnam,VNM,1992,,2726.4736,
Vietnam,VNM,1993,,2890.4243,
Vietnam,VNM,1994,,3089.6094,
Vietnam,VNM,1995,,3328.2148,
Vietnam,VNM,1996,,3584.029,
Vietnam,VNM,1997,,3820.3025,
Vietnam,VNM,1998,,3982.958,
Vietnam,VNM,1999,,4119.0537,
Vietnam,VNM,2023,,13545.935,Asia
Vietnam,VNM,2024,,14415.216,
Wallis and Futuna,WLF,2000,99.639824,,
Wallis and Futuna,WLF,2001,99.639824,,
Wallis and Futuna,WLF,2002,99.62068,,
Wallis and Futuna,WLF,2003,99.60153,,
Wallis and Futuna,WLF,2004,99.58239,,
Wallis and Futuna,WLF,2005,99.56325,,
Wallis and Futuna,WLF,2006,99.5441,,
Wallis and Futuna,WLF,2007,99.524956,,
Wallis and Futuna,WLF,2008,99.505806,,
Wallis and Futuna,WLF,2009,99.486664,,
Wallis and Futuna,WLF,2010,99.467514,,
Wallis and Futuna,WLF,2011,99.44837,,
Wallis and Futuna,WLF,2012,99.42922,,
Wallis and Futuna,WLF,2013,99.41008,,
Wallis and Futuna,WLF,2014,99.39093,,
Wallis and Futuna,WLF,2015,99.37179,,
Wallis and Futuna,WLF,2016,99.352646,,
Wallis and Futuna,WLF,2017,99.333496,,
Wallis and Futuna,WLF,2018,99.314354,,
Wallis and Futuna,WLF,2019,99.295204,,
Wallis and Futuna,WLF,2020,99.27606,,
Wallis and Futuna,WLF,2021,99.25691,,
Wallis and Futuna,WLF,2022,99.25691,,
Wallis and Futuna,WLF,2023,,,Oceania
West Germany,OWID_GFR,2023,,,Europe
Western Pacific (WHO),,2000,81.53116,,
Western Pacific (WHO),,2001,81.88923,,
Western Pacific (WHO),,2002,83.3649,,
Western Pacific (WHO),,2003,84.34974,,
Western Pacific (WHO),,2004,85.30879,,
Western Pacific (WHO),,2005,86.24679,,
Western Pacific (WHO),,2006,87.15073,,
Western Pacific (WHO),,2007,88.02719,,
Western Pacific (WHO),,2008,88.87767,,
Western Pacific (WHO),,2009,89.7008,,
Western Pacific (WHO),,2010,90.49658,,
Western Pacific (WHO),,2011,91.25777,,
Western Pacific (WHO),,2012,91.989296,,
Western Pacific (WHO),,2013,92.694756,,
Western Pacific (WHO),,2014,93.37529,,
Western Pacific (WHO),,2015,94.02964,,
Western Pacific (WHO),,2016,94.657776,,
Western Pacific (WHO),,2017,95.25987,,
Western Pacific (WHO),,2018,95.835754,,
Western Pacific (WHO),,2019,96.386475,,
Western Pacific (WHO),,2020,96.9052,,
Western Pacific (WHO),,2021,97.39974,,
Western Pacific (WHO),,2022,97.865776,,
Western Sahara,ESH,2023,,,Africa
World,OWID_WRL,2000,83.79658,12708,
World,OWID_WRL,2001,84.17977,12841.629,
World,OWID_WRL,2002,84.87098,13024.261,
World,OWID_WRL,2003,85.43451,13331.042,
World,OWID_WRL,2004,85.99805,13838.768,
World,OWID_WRL,2005,86.55806,14291.341,
World,OWID_WRL,2006,87.1155,14845.036,
World,OWID_WRL,2007,87.66536,15422.593,
World,OWID_WRL,2008,88.2119,15655.5625,
World,OWID_WRL,2009,88.746574,15356.328,
World,OWID_WRL,2010,89.27342,15944.813,
World,OWID_WRL,2011,89.75296,16373.5625,
World,OWID_WRL,2012,90.2587,16673.617,
World,OWID_WRL,2013,90.75767,17005.91,
World,OWID_WRL,2014,91.25115,17379.877,
World,OWID_WRL,2015,91.75501,17746.664,
World,OWID_WRL,2016,92.23177,18110.506,
World,OWID_WRL,2017,92.69567,18588.984,
World,OWID_WRL,2018,93.15811,19062.96,
World,OWID_WRL,2019,93.61517,19424.516,
World,OWID_WRL,2020,94.04728,18698.06,
World,OWID_WRL,2021,94.478935,19751.975,
World,OWID_WRL,2022,94.83987,20281.531,
World,OWID_WRL,1990,,11218.697,
World,OWID_WRL,1991,,11126.794,
World,OWID_WRL,1992,,11088.845,
World,OWID_WRL,1993,,11080.344,
World,OWID_WRL,1994,,11202.158,
World,OWID_WRL,1995,,11375.804,
World,OWID_WRL,1996,,11622.149,
World,OWID_WRL,1997,,11905.861,
World,OWID_WRL,1998,,12030.494,
World,OWID_WRL,1999,,12292.919,
World,OWID_WRL,2023,,20785.27,
World,OWID_WRL,2024,,21267.674,
Yemen,YEM,2000,58.725292,,
Yemen,YEM,2001,58.966118,,
Yemen,YEM,2002,59.210648,,
Yemen,YEM,2003,61.054153,,
Yemen,YEM,2004,62.88165,,
Yemen,YEM,2005,64.69194,,
Yemen,YEM,2006,66.48593,,
Yemen,YEM,2007,68.26283,,
Yemen,YEM,2008,70.02226,,
Yemen,YEM,2009,71.763855,,
Yemen,YEM,2010,73.48722,,
Yemen,YEM,2011,75.19169,,
Yemen,YEM,2012,76.87695,,
Yemen,YEM,2013,78.542946,,
Yemen,YEM,2014,80.1888,,
Yemen,YEM,2015,81.814476,,
Yemen,YEM,2016,83.41944,,
Yemen,YEM,2017,85.00343,,
Yemen,YEM,2018,86.56601,,
Yemen,YEM,2019,88.1071,,
Yemen,YEM,2020,89.62631,,
Yemen,YEM,2021,91.1233,,
Yemen,YEM,2022,91.203575,,
Yemen,YEM,2023,,,Asia
Yemen Arab Republic,OWID_YAR,2023,,,Asia
Yemen People's Republic,OWID_YPR,2023,,,Asia
Yugoslavia,OWID_YGS,2023,,,Europe
Zambia,ZMB,2000,50.872047,2220.5654,
Zambia,ZMB,2001,51.990906,2268.9697,
Zambia,ZMB,2002,53.247086,2299.333,
Zambia,ZMB,2003,54.494392,2383.8762,
Zambia,ZMB,2004,55.732735,2471.7207,
Zambia,ZMB,2005,56.961517,2564.4756,
Zambia,ZMB,2006,58.18116,2673.4614,
Zambia,ZMB,2007,59.391094,2796.353,
Zambia,ZMB,2008,60.59216,2908.1436,
Zambia,ZMB,2009,61.782463,3065.8442,
Zambia,ZMB,2010,62.96372,3266.5076,
Zambia,ZMB,2011,64.134964,3335.6433,
Zambia,ZMB,2012,65.298164,3474.5525,
Zambia,ZMB,2013,66.45351,3535.2246,
Zambia,ZMB,2014,67.599945,3585.5774,
Zambia,ZMB,2015,68.73803,3576.9255,
Zambia,ZMB,2016,69.86677,3598.1716,
Zambia,ZMB,2017,70.98631,3612.5059,
Zambia,ZMB,2018,72.09645,3646.9597,
Zambia,ZMB,2019,73.196594,3591.5642,
Zambia,ZMB,2020,74.28657,3391.5955,
Zambia,ZMB,2021,74.46747,3503.035,
Zambia,ZMB,2022,74.6503,3585.1238,
Zambia,ZMB,1990,,2425.1113,
Zambia,ZMB,1991,,2364.8623,
Zambia,ZMB,1992,,2268.498,
Zambia,ZMB,1993,,2365.6296,
Zambia,ZMB,1994,,2110.5833,
Zambia,ZMB,1995,,2119.9565,
Zambia,ZMB,1996,,2197.1956,
Zambia,ZMB,1997,,2223.4575,
Zambia,ZMB,1998,,2157.5735,
Zambia,ZMB,1999,,2198.1892,
Zambia,ZMB,2023,,3673.4841,Africa
Zambia,ZMB,2024,,3716.0374,
Zimbabwe,ZWE,2000,79.20314,4071.0188,
Zimbabwe,ZWE,2001,79.31775,4102.0835,
Zimbabwe,ZWE,2002,79.33618,3701.455,
Zimbabwe,ZWE,2003,79.209335,3036.0535,
Zimbabwe,ZWE,2004,79.05975,2828.8433,
Zimbabwe,ZWE,2005,78.90985,2642.1724,
Zimbabwe,ZWE,2006,78.75933,2519.8274,
Zimbabwe,ZWE,2007,78.60848,2395.9888,
Zimbabwe,ZWE,2008,78.45702,1949.0349,
Zimbabwe,ZWE,2009,78.305244,2176.8645,
Zimbabwe,ZWE,2010,78.15286,2563.4783,
Zimbabwe,ZWE,2011,78.00017,2875.902,
Zimbabwe,ZWE,2012,77.84687,3301.1663,
Zimbabwe,ZWE,2013,77.69326,3319.772,
Zimbabwe,ZWE,2014,77.54806,3352.3813,
Zimbabwe,ZWE,2015,77.4117,3366.6338,
Zimbabwe,ZWE,2016,77.284035,3345.315,
Zimbabwe,ZWE,2017,77.16522,3453.5059,
Zimbabwe,ZWE,2018,77.05571,3572.9814,
Zimbabwe,ZWE,2019,76.95505,3294.804,
Zimbabwe,ZWE,2020,76.864,2987.2683,
Zimbabwe,ZWE,2021,76.78208,3184.7847,
Zimbabwe,ZWE,2022,76.81074,3323.1184,
Zimbabwe,ZWE,1990,,4013.296,
Zimbabwe,ZWE,1991,,4126.402,
Zimbabwe,ZWE,1992,,3649.8892,
Zimbabwe,ZWE,1993,,3634.7476,
Zimbabwe,ZWE,1994,,3965.7278,
Zimbabwe,ZWE,1995,,3935.2769,
Zimbabwe,ZWE,1996,,4271.4766,
Zimbabwe,ZWE,1997,,4304.403,
Zimbabwe,ZWE,1998,,4342.855,
Zimbabwe,ZWE,1999,,4238.192,
Zimbabwe,ZWE,2023,,3442.2488,Africa
Zimbabwe,ZWE,2024,,3450.1296,